-- Generated by db/seed/generate.ts. Do not edit by hand.

BEGIN;

INSERT INTO catalog.categories (id, name, parent_id) VALUES
  ('f3503737-85ba-4660-962b-89985209518a', 'Beverages', NULL),
  ('dbcedcab-3970-4eb2-aa9a-bb1a01af0843', 'Coffee', 'f3503737-85ba-4660-962b-89985209518a'),
  ('f345fbe9-4617-4ca0-8d68-216e4f2ede92', 'Tea', 'f3503737-85ba-4660-962b-89985209518a'),
  ('0f764d4a-40d5-4421-8431-2898b6a8bf5e', 'Dairy', 'f3503737-85ba-4660-962b-89985209518a'),
  ('eda4996a-70aa-4520-a16e-9fa40db4dda8', 'Bakery', 'f3503737-85ba-4660-962b-89985209518a'),
  ('65fdd67d-aeb0-41ad-ab69-968ec08bd213', 'Pantry', NULL),
  ('7cd47fe0-613c-4468-9ab3-a2b5f044694c', 'Snacks', '65fdd67d-aeb0-41ad-ab69-968ec08bd213'),
  ('6950fe24-a744-4d61-8f13-a767230601a0', 'Frozen', '65fdd67d-aeb0-41ad-ab69-968ec08bd213'),
  ('de302add-40f9-423d-bc08-6884f394da8b', 'Produce', '65fdd67d-aeb0-41ad-ab69-968ec08bd213'),
  ('2ef5a513-3cdc-4f5c-af7e-2127f77bc0ad', 'Meat', '65fdd67d-aeb0-41ad-ab69-968ec08bd213'),
  ('2e48c052-32d1-4e1c-9657-435c44a724b7', 'Seafood', NULL),
  ('48326310-e6be-4c9a-b8a7-6c94d3cda832', 'Cleaning', '2e48c052-32d1-4e1c-9657-435c44a724b7'),
  ('fe5e83d5-d218-4f4d-ae93-8cd9e4a7d50b', 'Paper Goods', '2e48c052-32d1-4e1c-9657-435c44a724b7'),
  ('ed777cfa-0706-4c3c-85cc-946c23610905', 'Kitchenware', '2e48c052-32d1-4e1c-9657-435c44a724b7'),
  ('e49f5686-5547-4ddf-b5da-762d506a352a', 'Packaging', '2e48c052-32d1-4e1c-9657-435c44a724b7'),
  ('2ebd965d-7629-4f21-b8a8-0e032e24313e', 'Office', NULL),
  ('d4f0abea-440d-4308-a8c4-aa0067037676', 'Retail Displays', '2ebd965d-7629-4f21-b8a8-0e032e24313e'),
  ('cc806d01-f756-4a4a-b0ca-157acef1265b', 'Personal Care', '2ebd965d-7629-4f21-b8a8-0e032e24313e'),
  ('f9846c39-e063-4610-b2b7-9a3ded968eb9', 'Pet Supplies', '2ebd965d-7629-4f21-b8a8-0e032e24313e'),
  ('e9f5975a-bb65-4756-a287-3748d34370dd', 'Seasonal', '2ebd965d-7629-4f21-b8a8-0e032e24313e'),
  ('0602f02d-e4b5-4510-b62b-7ab23aa98e7f', 'Organic', NULL),
  ('458987d7-fdc1-40d2-899d-eb5e9dccd290', 'Bulk Grains', '0602f02d-e4b5-4510-b62b-7ab23aa98e7f'),
  ('08858e05-5ad6-4c0a-9039-0a26b7d4cfb6', 'Sauces', '0602f02d-e4b5-4510-b62b-7ab23aa98e7f'),
  ('e980f345-b5fd-4f72-a36e-ea1514214053', 'Condiments', '0602f02d-e4b5-4510-b62b-7ab23aa98e7f'),
  ('9352e306-01c5-4e32-870e-352ce5c8678e', 'Spices', '0602f02d-e4b5-4510-b62b-7ab23aa98e7f'),
  ('25de9907-f0be-4982-9224-63a8ffc03096', 'Breakfast', NULL),
  ('4acdcb03-0ee2-4145-83a4-5201e1a14bfd', 'Desserts', '25de9907-f0be-4982-9224-63a8ffc03096'),
  ('6c25a3eb-f38a-4b4d-86d2-7a34b333034e', 'Prepared Meals', '25de9907-f0be-4982-9224-63a8ffc03096'),
  ('0571229f-026f-46e1-8059-2222c9b296e9', 'Bottled Water', '25de9907-f0be-4982-9224-63a8ffc03096'),
  ('9e2ef14c-030a-44e9-8907-93beb89f96cb', 'Juices', '25de9907-f0be-4982-9224-63a8ffc03096'),
  ('f29debd9-f943-4ba3-ab57-c7a8f639e50b', 'Energy Drinks', NULL),
  ('f4001c38-c96c-4ec2-9596-e007be968330', 'Electronics', 'f29debd9-f943-4ba3-ab57-c7a8f639e50b'),
  ('ed2305e9-613b-43d7-a0df-92d8def6d4f3', 'Safety', 'f29debd9-f943-4ba3-ab57-c7a8f639e50b'),
  ('48bc717c-65c8-4600-a379-79c1d8bda2e0', 'Apparel', 'f29debd9-f943-4ba3-ab57-c7a8f639e50b'),
  ('7c65c5bc-699f-453f-bd58-7d2fc18301f2', 'Pharmacy', 'f29debd9-f943-4ba3-ab57-c7a8f639e50b'),
  ('49fa066b-724a-4fcc-b6b0-ed91137bf388', 'Baby', NULL),
  ('673c8a94-14e5-43ca-9f3b-d770ba7c5000', 'Home', '49fa066b-724a-4fcc-b6b0-ed91137bf388'),
  ('40031bae-7fa8-42b4-93e7-1d1ff0d1d7a7', 'Garden', '49fa066b-724a-4fcc-b6b0-ed91137bf388'),
  ('095c0d61-2268-4351-98f7-1cdd968bdb9e', 'Automotive', '49fa066b-724a-4fcc-b6b0-ed91137bf388'),
  ('094db390-38ed-4c64-b09d-bca4574d6e21', 'Hardware', '49fa066b-724a-4fcc-b6b0-ed91137bf388')
ON CONFLICT (id) DO NOTHING;

INSERT INTO catalog.products (id, sku, name, description, category_id, base_price_cents, currency, status, created_at, updated_at) VALUES
  ('c5b42bdf-7557-4e34-9cf1-197168875e82', 'ATLAS-0001', 'Select Beverages Case 1', 'Beverages wholesale case for recurring retail purchasing.', 'f3503737-85ba-4660-962b-89985209518a', 27575, 'USD', 'discontinued', '2026-01-01T00:00:00.000Z', '2026-01-01T00:00:00.000Z'),
  ('d4516684-c29e-4f3b-a5b3-222345391bf5', 'ATLAS-0002', 'Prime Coffee Case 2', 'Coffee wholesale case for recurring retail purchasing.', 'dbcedcab-3970-4eb2-aa9a-bb1a01af0843', 12650, 'USD', 'active', '2026-01-01T00:00:00.000Z', '2026-01-01T00:00:00.000Z'),
  ('99083359-c706-42a5-8805-bb79b4088728', 'ATLAS-0003', 'Classic Tea Case 3', 'Tea wholesale case for recurring retail purchasing.', 'f345fbe9-4617-4ca0-8d68-216e4f2ede92', 31375, 'USD', 'active', '2026-01-01T00:00:00.000Z', '2026-01-01T00:00:00.000Z'),
  ('311d8691-ceda-4e48-a754-f6776d135446', 'ATLAS-0004', 'Urban Dairy Case 4', 'Dairy wholesale case for recurring retail purchasing.', '0f764d4a-40d5-4421-8431-2898b6a8bf5e', 2475, 'USD', 'active', '2026-01-01T00:00:00.000Z', '2026-01-01T00:00:00.000Z'),
  ('abc2deaf-1a2e-4920-8a41-35d902b9909f', 'ATLAS-0005', 'Summit Bakery Case 5', 'Bakery wholesale case for recurring retail purchasing.', 'eda4996a-70aa-4520-a16e-9fa40db4dda8', 44775, 'USD', 'active', '2026-01-01T00:00:00.000Z', '2026-01-01T00:00:00.000Z'),
  ('68f1febd-52cb-4eeb-9b6a-89b31d1dcf08', 'ATLAS-0006', 'Harbor Pantry Case 6', 'Pantry wholesale case for recurring retail purchasing.', '65fdd67d-aeb0-41ad-ab69-968ec08bd213', 49325, 'USD', 'active', '2026-01-01T00:00:00.000Z', '2026-01-01T00:00:00.000Z'),
  ('cb7bcbe9-b5c5-41a6-951c-1a8af33f201a', 'ATLAS-0007', 'Valley Snacks Case 7', 'Snacks wholesale case for recurring retail purchasing.', '7cd47fe0-613c-4468-9ab3-a2b5f044694c', 7225, 'USD', 'active', '2026-01-01T00:00:00.000Z', '2026-01-01T00:00:00.000Z'),
  ('6d50d507-19d3-4100-b04a-4b9f30b56c6f', 'ATLAS-0008', 'Bright Frozen Case 8', 'Frozen wholesale case for recurring retail purchasing.', '6950fe24-a744-4d61-8f13-a767230601a0', 2150, 'USD', 'active', '2026-01-01T00:00:00.000Z', '2026-01-01T00:00:00.000Z'),
  ('0dd4b1a7-60d3-4a22-a4ca-f6f8fe841996', 'ATLAS-0009', 'North Produce Case 9', 'Produce wholesale case for recurring retail purchasing.', 'de302add-40f9-423d-bc08-6884f394da8b', 19725, 'USD', 'active', '2026-01-01T00:00:00.000Z', '2026-01-01T00:00:00.000Z'),
  ('8e59d87e-a6b1-427a-b315-607c4aa01577', 'ATLAS-0010', 'Union Meat Case 10', 'Meat wholesale case for recurring retail purchasing.', '2ef5a513-3cdc-4f5c-af7e-2127f77bc0ad', 44600, 'USD', 'active', '2026-01-01T00:00:00.000Z', '2026-01-01T00:00:00.000Z'),
  ('3b96e184-08f2-4df0-ba2c-08ea7312c1af', 'ATLAS-0011', 'Select Seafood Blend 11', 'Seafood wholesale blend for recurring retail purchasing.', '2e48c052-32d1-4e1c-9657-435c44a724b7', 7325, 'USD', 'active', '2026-01-01T00:00:00.000Z', '2026-01-01T00:00:00.000Z'),
  ('b6c9e88d-7a45-4d06-b4c6-082bc16ec3a6', 'ATLAS-0012', 'Prime Cleaning Blend 12', 'Cleaning wholesale blend for recurring retail purchasing.', '48326310-e6be-4c9a-b8a7-6c94d3cda832', 32050, 'USD', 'active', '2026-01-01T00:00:00.000Z', '2026-01-01T00:00:00.000Z'),
  ('25ade5d1-e140-4860-852a-dbb948ddcc54', 'ATLAS-0013', 'Classic Paper Goods Blend 13', 'Paper Goods wholesale blend for recurring retail purchasing.', 'fe5e83d5-d218-4f4d-ae93-8cd9e4a7d50b', 41175, 'USD', 'active', '2026-01-01T00:00:00.000Z', '2026-01-01T00:00:00.000Z'),
  ('d002f8e2-f5e0-4033-a77f-faa19f7dc0c1', 'ATLAS-0014', 'Urban Kitchenware Blend 14', 'Kitchenware wholesale blend for recurring retail purchasing.', 'ed777cfa-0706-4c3c-85cc-946c23610905', 34750, 'USD', 'active', '2026-01-01T00:00:00.000Z', '2026-01-01T00:00:00.000Z'),
  ('a9832947-536f-44a4-bc36-d33bb9eb2d9a', 'ATLAS-0015', 'Summit Packaging Blend 15', 'Packaging wholesale blend for recurring retail purchasing.', 'e49f5686-5547-4ddf-b5da-762d506a352a', 3725, 'USD', 'active', '2026-01-01T00:00:00.000Z', '2026-01-01T00:00:00.000Z'),
  ('90c5ca44-e664-43ae-aec8-4af12e768c35', 'ATLAS-0016', 'Harbor Office Blend 16', 'Office wholesale blend for recurring retail purchasing.', '2ebd965d-7629-4f21-b8a8-0e032e24313e', 44850, 'USD', 'active', '2026-01-01T00:00:00.000Z', '2026-01-01T00:00:00.000Z'),
  ('66a4603b-d9f1-4d6c-b7e1-03ea4ad4fbb5', 'ATLAS-0017', 'Valley Retail Displays Blend 17', 'Retail Displays wholesale blend for recurring retail purchasing.', 'd4f0abea-440d-4308-a8c4-aa0067037676', 21600, 'USD', 'active', '2026-01-01T00:00:00.000Z', '2026-01-01T00:00:00.000Z'),
  ('7b99bfc7-562f-4729-b8af-caedbbe9eb08', 'ATLAS-0018', 'Bright Personal Care Blend 18', 'Personal Care wholesale blend for recurring retail purchasing.', 'cc806d01-f756-4a4a-b0ca-157acef1265b', 34025, 'USD', 'active', '2026-01-01T00:00:00.000Z', '2026-01-01T00:00:00.000Z'),
  ('47ee50eb-7d09-4cbe-b72d-b04dde8be21b', 'ATLAS-0019', 'North Pet Supplies Blend 19', 'Pet Supplies wholesale blend for recurring retail purchasing.', 'f9846c39-e063-4610-b2b7-9a3ded968eb9', 5025, 'USD', 'active', '2026-01-01T00:00:00.000Z', '2026-01-01T00:00:00.000Z'),
  ('ece37a5d-0256-4dce-beb0-6e058e4b5b54', 'ATLAS-0020', 'Union Seasonal Blend 20', 'Seasonal wholesale blend for recurring retail purchasing.', 'e9f5975a-bb65-4756-a287-3748d34370dd', 27600, 'USD', 'active', '2026-01-01T00:00:00.000Z', '2026-01-01T00:00:00.000Z'),
  ('03877e7b-fe1a-4e3b-8c9a-7864d67d05da', 'ATLAS-0021', 'Select Organic Pack 21', 'Organic wholesale pack for recurring retail purchasing.', '0602f02d-e4b5-4510-b62b-7ab23aa98e7f', 46175, 'USD', 'active', '2026-01-01T00:00:00.000Z', '2026-01-01T00:00:00.000Z'),
  ('180f5989-11a8-4cfc-92af-47deacc741df', 'ATLAS-0022', 'Prime Bulk Grains Pack 22', 'Bulk Grains wholesale pack for recurring retail purchasing.', '458987d7-fdc1-40d2-899d-eb5e9dccd290', 16700, 'USD', 'active', '2026-01-01T00:00:00.000Z', '2026-01-01T00:00:00.000Z'),
  ('7d30f801-3f4e-413c-aa17-6dc0023d45fd', 'ATLAS-0023', 'Classic Sauces Pack 23', 'Sauces wholesale pack for recurring retail purchasing.', '08858e05-5ad6-4c0a-9039-0a26b7d4cfb6', 2850, 'USD', 'active', '2026-01-01T00:00:00.000Z', '2026-01-01T00:00:00.000Z'),
  ('535f98ae-a44c-46fb-ac4e-6f6e829ef3a3', 'ATLAS-0024', 'Urban Condiments Pack 24', 'Condiments wholesale pack for recurring retail purchasing.', 'e980f345-b5fd-4f72-a36e-ea1514214053', 27925, 'USD', 'active', '2026-01-01T00:00:00.000Z', '2026-01-01T00:00:00.000Z'),
  ('1025bf0c-3e6d-4d2c-ba7f-c67d3fda8ef0', 'ATLAS-0025', 'Summit Spices Pack 25', 'Spices wholesale pack for recurring retail purchasing.', '9352e306-01c5-4e32-870e-352ce5c8678e', 47175, 'USD', 'active', '2026-01-01T00:00:00.000Z', '2026-01-01T00:00:00.000Z'),
  ('5b186ac8-1e79-4385-b88c-ee966ce8021e', 'ATLAS-0026', 'Harbor Breakfast Pack 26', 'Breakfast wholesale pack for recurring retail purchasing.', '25de9907-f0be-4982-9224-63a8ffc03096', 36525, 'USD', 'active', '2026-01-01T00:00:00.000Z', '2026-01-01T00:00:00.000Z'),
  ('9270d507-1481-4f60-9cdd-c94f3e7744b2', 'ATLAS-0027', 'Valley Desserts Pack 27', 'Desserts wholesale pack for recurring retail purchasing.', '4acdcb03-0ee2-4145-83a4-5201e1a14bfd', 41575, 'USD', 'active', '2026-01-01T00:00:00.000Z', '2026-01-01T00:00:00.000Z'),
  ('ff970550-e439-4bf5-a7e8-a96f33b7cd0a', 'ATLAS-0028', 'Bright Prepared Meals Pack 28', 'Prepared Meals wholesale pack for recurring retail purchasing.', '6c25a3eb-f38a-4b4d-86d2-7a34b333034e', 26975, 'USD', 'active', '2026-01-01T00:00:00.000Z', '2026-01-01T00:00:00.000Z'),
  ('2f6d6b85-3a50-4311-a653-dd3118c2c342', 'ATLAS-0029', 'North Bottled Water Pack 29', 'Bottled Water wholesale pack for recurring retail purchasing.', '0571229f-026f-46e1-8059-2222c9b296e9', 24825, 'USD', 'active', '2026-01-01T00:00:00.000Z', '2026-01-01T00:00:00.000Z'),
  ('f99e1141-f88f-49d4-8aad-5c1863cf9633', 'ATLAS-0030', 'Union Juices Pack 30', 'Juices wholesale pack for recurring retail purchasing.', '9e2ef14c-030a-44e9-8907-93beb89f96cb', 1975, 'USD', 'active', '2026-01-01T00:00:00.000Z', '2026-01-01T00:00:00.000Z'),
  ('671b7b5d-50e3-485d-b0b2-284b0d2fc5f4', 'ATLAS-0031', 'Select Energy Drinks Crate 31', 'Energy Drinks wholesale crate for recurring retail purchasing.', 'f29debd9-f943-4ba3-ab57-c7a8f639e50b', 19100, 'USD', 'active', '2026-01-01T00:00:00.000Z', '2026-01-01T00:00:00.000Z'),
  ('0756b46a-f54f-4cdc-bf8b-bbfc8fc697be', 'ATLAS-0032', 'Prime Electronics Crate 32', 'Electronics wholesale crate for recurring retail purchasing.', 'f4001c38-c96c-4ec2-9596-e007be968330', 34175, 'USD', 'active', '2026-01-01T00:00:00.000Z', '2026-01-01T00:00:00.000Z'),
  ('28a9a96f-9f76-479c-b419-a46dc590ffc5', 'ATLAS-0033', 'Classic Safety Crate 33', 'Safety wholesale crate for recurring retail purchasing.', 'ed2305e9-613b-43d7-a0df-92d8def6d4f3', 38800, 'USD', 'active', '2026-01-01T00:00:00.000Z', '2026-01-01T00:00:00.000Z'),
  ('dc5bb6c1-1361-4b48-8f67-b81cbc4ef273', 'ATLAS-0034', 'Urban Apparel Crate 34', 'Apparel wholesale crate for recurring retail purchasing.', '48bc717c-65c8-4600-a379-79c1d8bda2e0', 41825, 'USD', 'active', '2026-01-01T00:00:00.000Z', '2026-01-01T00:00:00.000Z'),
  ('5fc02ef6-dc30-4903-bea2-b1980317d9c1', 'ATLAS-0035', 'Summit Pharmacy Crate 35', 'Pharmacy wholesale crate for recurring retail purchasing.', '7c65c5bc-699f-453f-bd58-7d2fc18301f2', 22725, 'USD', 'active', '2026-01-01T00:00:00.000Z', '2026-01-01T00:00:00.000Z'),
  ('25de81c4-371b-40dc-a440-d881cc4e068d', 'ATLAS-0036', 'Harbor Baby Crate 36', 'Baby wholesale crate for recurring retail purchasing.', '49fa066b-724a-4fcc-b6b0-ed91137bf388', 29950, 'USD', 'active', '2026-01-01T00:00:00.000Z', '2026-01-01T00:00:00.000Z'),
  ('7a18f7dd-f811-4290-834b-2b52ad172b4f', 'ATLAS-0037', 'Valley Home Crate 37', 'Home wholesale crate for recurring retail purchasing.', '673c8a94-14e5-43ca-9f3b-d770ba7c5000', 16625, 'USD', 'active', '2026-01-01T00:00:00.000Z', '2026-01-01T00:00:00.000Z'),
  ('92b86c1a-9382-4d7e-a3d9-1559dd34590c', 'ATLAS-0038', 'Bright Garden Crate 38', 'Garden wholesale crate for recurring retail purchasing.', '40031bae-7fa8-42b4-93e7-1d1ff0d1d7a7', 8625, 'USD', 'active', '2026-01-01T00:00:00.000Z', '2026-01-01T00:00:00.000Z'),
  ('95a38486-ac17-44e8-8303-d5c13beace62', 'ATLAS-0039', 'North Automotive Crate 39', 'Automotive wholesale crate for recurring retail purchasing.', '095c0d61-2268-4351-98f7-1cdd968bdb9e', 43125, 'USD', 'active', '2026-01-01T00:00:00.000Z', '2026-01-01T00:00:00.000Z'),
  ('4809498e-df8d-46c0-b55b-310de560ddf9', 'ATLAS-0040', 'Union Hardware Crate 40', 'Hardware wholesale crate for recurring retail purchasing.', '094db390-38ed-4c64-b09d-bca4574d6e21', 42550, 'USD', 'active', '2026-01-01T00:00:00.000Z', '2026-01-01T00:00:00.000Z'),
  ('735a68f0-7ea3-4dd4-97f2-4aad02431c82', 'ATLAS-0041', 'Select Beverages Bundle 41', 'Beverages wholesale bundle for recurring retail purchasing.', 'f3503737-85ba-4660-962b-89985209518a', 29525, 'USD', 'active', '2026-01-01T00:00:00.000Z', '2026-01-01T00:00:00.000Z'),
  ('d6fc4b3a-819f-415f-872a-66ef7e3cae76', 'ATLAS-0042', 'Prime Coffee Bundle 42', 'Coffee wholesale bundle for recurring retail purchasing.', 'dbcedcab-3970-4eb2-aa9a-bb1a01af0843', 38200, 'USD', 'active', '2026-01-01T00:00:00.000Z', '2026-01-01T00:00:00.000Z'),
  ('8c746b5d-cc05-4689-92ef-9bb95addba74', 'ATLAS-0043', 'Classic Tea Bundle 43', 'Tea wholesale bundle for recurring retail purchasing.', 'f345fbe9-4617-4ca0-8d68-216e4f2ede92', 28225, 'USD', 'active', '2026-01-01T00:00:00.000Z', '2026-01-01T00:00:00.000Z'),
  ('3e4369b8-2113-43b7-a1ef-1be0d32a16a6', 'ATLAS-0044', 'Urban Dairy Bundle 44', 'Dairy wholesale bundle for recurring retail purchasing.', '0f764d4a-40d5-4421-8431-2898b6a8bf5e', 48925, 'USD', 'active', '2026-01-01T00:00:00.000Z', '2026-01-01T00:00:00.000Z'),
  ('8cfb8041-d2db-4621-99fe-16d7930293bb', 'ATLAS-0045', 'Summit Bakery Bundle 45', 'Bakery wholesale bundle for recurring retail purchasing.', 'eda4996a-70aa-4520-a16e-9fa40db4dda8', 34150, 'USD', 'active', '2026-01-01T00:00:00.000Z', '2026-01-01T00:00:00.000Z'),
  ('46c7dfcb-ebbf-483d-b6a8-82e7158d1f60', 'ATLAS-0046', 'Harbor Pantry Bundle 46', 'Pantry wholesale bundle for recurring retail purchasing.', '65fdd67d-aeb0-41ad-ab69-968ec08bd213', 45975, 'USD', 'active', '2026-01-01T00:00:00.000Z', '2026-01-01T00:00:00.000Z'),
  ('51d68e51-1c99-4108-ae9a-62f15fb1d609', 'ATLAS-0047', 'Valley Snacks Bundle 47', 'Snacks wholesale bundle for recurring retail purchasing.', '7cd47fe0-613c-4468-9ab3-a2b5f044694c', 45025, 'USD', 'active', '2026-01-01T00:00:00.000Z', '2026-01-01T00:00:00.000Z'),
  ('a33e3d8b-91af-4cac-895c-d10ee27cb1e2', 'ATLAS-0048', 'Bright Frozen Bundle 48', 'Frozen wholesale bundle for recurring retail purchasing.', '6950fe24-a744-4d61-8f13-a767230601a0', 43725, 'USD', 'discontinued', '2026-01-01T00:00:00.000Z', '2026-01-01T00:00:00.000Z'),
  ('66cc5c41-ff3c-46f0-96a7-a93da473bbe6', 'ATLAS-0049', 'North Produce Bundle 49', 'Produce wholesale bundle for recurring retail purchasing.', 'de302add-40f9-423d-bc08-6884f394da8b', 49700, 'USD', 'active', '2026-01-01T00:00:00.000Z', '2026-01-01T00:00:00.000Z'),
  ('e91872ab-50f4-4c95-909b-90629e60cddb', 'ATLAS-0050', 'Union Meat Bundle 50', 'Meat wholesale bundle for recurring retail purchasing.', '2ef5a513-3cdc-4f5c-af7e-2127f77bc0ad', 12100, 'USD', 'active', '2026-01-01T00:00:00.000Z', '2026-01-01T00:00:00.000Z'),
  ('9b6867d9-3ff0-4b64-a3ae-a9868b6994d5', 'ATLAS-0051', 'Select Seafood Mix 51', 'Seafood wholesale mix for recurring retail purchasing.', '2e48c052-32d1-4e1c-9657-435c44a724b7', 7850, 'USD', 'active', '2026-01-01T00:00:00.000Z', '2026-01-01T00:00:00.000Z'),
  ('1d0b3a37-bc0c-4b85-911a-7d33a6c91404', 'ATLAS-0052', 'Prime Cleaning Mix 52', 'Cleaning wholesale mix for recurring retail purchasing.', '48326310-e6be-4c9a-b8a7-6c94d3cda832', 41800, 'USD', 'active', '2026-01-01T00:00:00.000Z', '2026-01-01T00:00:00.000Z'),
  ('e2b24b0a-7eb8-4f5b-a58f-5ada6b4f6e34', 'ATLAS-0053', 'Classic Paper Goods Mix 53', 'Paper Goods wholesale mix for recurring retail purchasing.', 'fe5e83d5-d218-4f4d-ae93-8cd9e4a7d50b', 12775, 'USD', 'active', '2026-01-01T00:00:00.000Z', '2026-01-01T00:00:00.000Z'),
  ('0e66686d-9734-4365-9e20-ad8864b1f486', 'ATLAS-0054', 'Urban Kitchenware Mix 54', 'Kitchenware wholesale mix for recurring retail purchasing.', 'ed777cfa-0706-4c3c-85cc-946c23610905', 5725, 'USD', 'active', '2026-01-01T00:00:00.000Z', '2026-01-01T00:00:00.000Z'),
  ('f79e8e4b-ce6c-409d-bb2d-7facd154e175', 'ATLAS-0055', 'Summit Packaging Mix 55', 'Packaging wholesale mix for recurring retail purchasing.', 'e49f5686-5547-4ddf-b5da-762d506a352a', 7500, 'USD', 'active', '2026-01-01T00:00:00.000Z', '2026-01-01T00:00:00.000Z'),
  ('6052e560-9372-4e03-84b6-253b821a1ac0', 'ATLAS-0056', 'Harbor Office Mix 56', 'Office wholesale mix for recurring retail purchasing.', '2ebd965d-7629-4f21-b8a8-0e032e24313e', 46425, 'USD', 'active', '2026-01-01T00:00:00.000Z', '2026-01-01T00:00:00.000Z'),
  ('5a50e135-2acf-464f-be5f-02af0e4f0895', 'ATLAS-0057', 'Valley Retail Displays Mix 57', 'Retail Displays wholesale mix for recurring retail purchasing.', 'd4f0abea-440d-4308-a8c4-aa0067037676', 16700, 'USD', 'active', '2026-01-01T00:00:00.000Z', '2026-01-01T00:00:00.000Z'),
  ('d5af5a2e-d6a1-4245-83c7-79e4fc541a8d', 'ATLAS-0058', 'Bright Personal Care Mix 58', 'Personal Care wholesale mix for recurring retail purchasing.', 'cc806d01-f756-4a4a-b0ca-157acef1265b', 44175, 'USD', 'active', '2026-01-01T00:00:00.000Z', '2026-01-01T00:00:00.000Z'),
  ('7062e42c-418a-438c-9020-a2747aad5e05', 'ATLAS-0059', 'North Pet Supplies Mix 59', 'Pet Supplies wholesale mix for recurring retail purchasing.', 'f9846c39-e063-4610-b2b7-9a3ded968eb9', 25625, 'USD', 'active', '2026-01-01T00:00:00.000Z', '2026-01-01T00:00:00.000Z'),
  ('8250083f-02a4-425a-83f6-75e5dc9042bb', 'ATLAS-0060', 'Union Seasonal Mix 60', 'Seasonal wholesale mix for recurring retail purchasing.', 'e9f5975a-bb65-4756-a287-3748d34370dd', 20300, 'USD', 'active', '2026-01-01T00:00:00.000Z', '2026-01-01T00:00:00.000Z'),
  ('66bdc263-393f-4e7f-99c3-735dc3708b49', 'ATLAS-0061', 'Select Organic Reserve 61', 'Organic wholesale reserve for recurring retail purchasing.', '0602f02d-e4b5-4510-b62b-7ab23aa98e7f', 14350, 'USD', 'active', '2026-01-01T00:00:00.000Z', '2026-01-01T00:00:00.000Z'),
  ('9a10cf4d-4377-4c9f-bbd6-e1182031ece7', 'ATLAS-0062', 'Prime Bulk Grains Reserve 62', 'Bulk Grains wholesale reserve for recurring retail purchasing.', '458987d7-fdc1-40d2-899d-eb5e9dccd290', 45125, 'USD', 'active', '2026-01-01T00:00:00.000Z', '2026-01-01T00:00:00.000Z'),
  ('90990bd9-6510-4617-a76f-7d5e6dba6bef', 'ATLAS-0063', 'Classic Sauces Reserve 63', 'Sauces wholesale reserve for recurring retail purchasing.', '08858e05-5ad6-4c0a-9039-0a26b7d4cfb6', 6400, 'USD', 'active', '2026-01-01T00:00:00.000Z', '2026-01-01T00:00:00.000Z'),
  ('6e807ac2-faa0-483b-aa3a-ddf11cd86e30', 'ATLAS-0064', 'Urban Condiments Reserve 64', 'Condiments wholesale reserve for recurring retail purchasing.', 'e980f345-b5fd-4f72-a36e-ea1514214053', 15125, 'USD', 'active', '2026-01-01T00:00:00.000Z', '2026-01-01T00:00:00.000Z'),
  ('96d0e401-8974-44cb-91ce-9887b0170b7d', 'ATLAS-0065', 'Summit Spices Reserve 65', 'Spices wholesale reserve for recurring retail purchasing.', '9352e306-01c5-4e32-870e-352ce5c8678e', 20650, 'USD', 'active', '2026-01-01T00:00:00.000Z', '2026-01-01T00:00:00.000Z'),
  ('cee69352-0007-4417-8faa-856bee00c7b3', 'ATLAS-0066', 'Harbor Breakfast Reserve 66', 'Breakfast wholesale reserve for recurring retail purchasing.', '25de9907-f0be-4982-9224-63a8ffc03096', 25925, 'USD', 'active', '2026-01-01T00:00:00.000Z', '2026-01-01T00:00:00.000Z'),
  ('1a9bb5a1-d1bd-4193-a1b2-949640911485', 'ATLAS-0067', 'Valley Desserts Reserve 67', 'Desserts wholesale reserve for recurring retail purchasing.', '4acdcb03-0ee2-4145-83a4-5201e1a14bfd', 36225, 'USD', 'active', '2026-01-01T00:00:00.000Z', '2026-01-01T00:00:00.000Z'),
  ('25708ccf-2e84-4e67-9566-eac5fa9e585e', 'ATLAS-0068', 'Bright Prepared Meals Reserve 68', 'Prepared Meals wholesale reserve for recurring retail purchasing.', '6c25a3eb-f38a-4b4d-86d2-7a34b333034e', 22350, 'USD', 'active', '2026-01-01T00:00:00.000Z', '2026-01-01T00:00:00.000Z'),
  ('80ca6cb6-cf27-4b4f-8da9-5bce1365971c', 'ATLAS-0069', 'North Bottled Water Reserve 69', 'Bottled Water wholesale reserve for recurring retail purchasing.', '0571229f-026f-46e1-8059-2222c9b296e9', 39850, 'USD', 'active', '2026-01-01T00:00:00.000Z', '2026-01-01T00:00:00.000Z'),
  ('03ce6e58-0d60-4955-8bf3-8bc63fba16fe', 'ATLAS-0070', 'Union Juices Reserve 70', 'Juices wholesale reserve for recurring retail purchasing.', '9e2ef14c-030a-44e9-8907-93beb89f96cb', 40975, 'USD', 'active', '2026-01-01T00:00:00.000Z', '2026-01-01T00:00:00.000Z'),
  ('a5d623de-0340-44c9-aad1-970495b03c0e', 'ATLAS-0071', 'Select Energy Drinks Supply 71', 'Energy Drinks wholesale supply for recurring retail purchasing.', 'f29debd9-f943-4ba3-ab57-c7a8f639e50b', 21875, 'USD', 'active', '2026-01-01T00:00:00.000Z', '2026-01-01T00:00:00.000Z'),
  ('a887456f-9eb2-49e9-8a70-b6c803812eae', 'ATLAS-0072', 'Prime Electronics Supply 72', 'Electronics wholesale supply for recurring retail purchasing.', 'f4001c38-c96c-4ec2-9596-e007be968330', 26400, 'USD', 'active', '2026-01-01T00:00:00.000Z', '2026-01-01T00:00:00.000Z'),
  ('c71b418d-0b53-453b-bb9b-adfcde71ff88', 'ATLAS-0073', 'Classic Safety Supply 73', 'Safety wholesale supply for recurring retail purchasing.', 'ed2305e9-613b-43d7-a0df-92d8def6d4f3', 9750, 'USD', 'active', '2026-01-01T00:00:00.000Z', '2026-01-01T00:00:00.000Z'),
  ('18c18385-e66c-4c5e-85f4-042b85c745ee', 'ATLAS-0074', 'Urban Apparel Supply 74', 'Apparel wholesale supply for recurring retail purchasing.', '48bc717c-65c8-4600-a379-79c1d8bda2e0', 7300, 'USD', 'active', '2026-01-01T00:00:00.000Z', '2026-01-01T00:00:00.000Z'),
  ('9139ede6-651a-4b04-aafb-3e27492fb9c7', 'ATLAS-0075', 'Summit Pharmacy Supply 75', 'Pharmacy wholesale supply for recurring retail purchasing.', '7c65c5bc-699f-453f-bd58-7d2fc18301f2', 26200, 'USD', 'active', '2026-01-01T00:00:00.000Z', '2026-01-01T00:00:00.000Z'),
  ('240efcae-0d11-429b-bc9d-62434fcefea0', 'ATLAS-0076', 'Harbor Baby Supply 76', 'Baby wholesale supply for recurring retail purchasing.', '49fa066b-724a-4fcc-b6b0-ed91137bf388', 1650, 'USD', 'active', '2026-01-01T00:00:00.000Z', '2026-01-01T00:00:00.000Z'),
  ('84a713dd-b490-44f8-a399-3f38665d5c69', 'ATLAS-0077', 'Valley Home Supply 77', 'Home wholesale supply for recurring retail purchasing.', '673c8a94-14e5-43ca-9f3b-d770ba7c5000', 48200, 'USD', 'active', '2026-01-01T00:00:00.000Z', '2026-01-01T00:00:00.000Z'),
  ('976b2569-e5d0-43e8-9512-518aaf69f370', 'ATLAS-0078', 'Bright Garden Supply 78', 'Garden wholesale supply for recurring retail purchasing.', '40031bae-7fa8-42b4-93e7-1d1ff0d1d7a7', 41150, 'USD', 'active', '2026-01-01T00:00:00.000Z', '2026-01-01T00:00:00.000Z'),
  ('830b1041-ec3e-4a74-af16-9d9ecc3684e5', 'ATLAS-0079', 'North Automotive Supply 79', 'Automotive wholesale supply for recurring retail purchasing.', '095c0d61-2268-4351-98f7-1cdd968bdb9e', 23550, 'USD', 'active', '2026-01-01T00:00:00.000Z', '2026-01-01T00:00:00.000Z'),
  ('01f057b3-0eba-4b16-95b2-76b4bc90c899', 'ATLAS-0080', 'Union Hardware Supply 80', 'Hardware wholesale supply for recurring retail purchasing.', '094db390-38ed-4c64-b09d-bca4574d6e21', 12600, 'USD', 'active', '2026-01-01T00:00:00.000Z', '2026-01-01T00:00:00.000Z'),
  ('a69456c2-5496-459e-8def-4f4cb27ebddd', 'ATLAS-0081', 'Select Beverages Carton 81', 'Beverages wholesale carton for recurring retail purchasing.', 'f3503737-85ba-4660-962b-89985209518a', 38200, 'USD', 'active', '2026-01-01T00:00:00.000Z', '2026-01-01T00:00:00.000Z'),
  ('633485da-a0dc-4a3c-92f7-528d0b308ad4', 'ATLAS-0082', 'Prime Coffee Carton 82', 'Coffee wholesale carton for recurring retail purchasing.', 'dbcedcab-3970-4eb2-aa9a-bb1a01af0843', 32500, 'USD', 'active', '2026-01-01T00:00:00.000Z', '2026-01-01T00:00:00.000Z'),
  ('7bf69bde-e9e2-48ed-beff-b09257a8b1e7', 'ATLAS-0083', 'Classic Tea Carton 83', 'Tea wholesale carton for recurring retail purchasing.', 'f345fbe9-4617-4ca0-8d68-216e4f2ede92', 44650, 'USD', 'active', '2026-01-01T00:00:00.000Z', '2026-01-01T00:00:00.000Z'),
  ('989c4300-476e-44d8-8fa0-a386b2de3895', 'ATLAS-0084', 'Urban Dairy Carton 84', 'Dairy wholesale carton for recurring retail purchasing.', '0f764d4a-40d5-4421-8431-2898b6a8bf5e', 14325, 'USD', 'active', '2026-01-01T00:00:00.000Z', '2026-01-01T00:00:00.000Z'),
  ('b5cc03a4-29a7-46ea-99a6-f98a20eb52ea', 'ATLAS-0085', 'Summit Bakery Carton 85', 'Bakery wholesale carton for recurring retail purchasing.', 'eda4996a-70aa-4520-a16e-9fa40db4dda8', 16300, 'USD', 'active', '2026-01-01T00:00:00.000Z', '2026-01-01T00:00:00.000Z'),
  ('c569aed5-4c94-4c69-b034-6b4d90f864a5', 'ATLAS-0086', 'Harbor Pantry Carton 86', 'Pantry wholesale carton for recurring retail purchasing.', '65fdd67d-aeb0-41ad-ab69-968ec08bd213', 44600, 'USD', 'active', '2026-01-01T00:00:00.000Z', '2026-01-01T00:00:00.000Z'),
  ('e9c39d1b-66d0-4027-8c26-7267cce3300c', 'ATLAS-0087', 'Valley Snacks Carton 87', 'Snacks wholesale carton for recurring retail purchasing.', '7cd47fe0-613c-4468-9ab3-a2b5f044694c', 30775, 'USD', 'active', '2026-01-01T00:00:00.000Z', '2026-01-01T00:00:00.000Z'),
  ('53fa6035-7fa5-4971-9447-61ddbc1b9fff', 'ATLAS-0088', 'Bright Frozen Carton 88', 'Frozen wholesale carton for recurring retail purchasing.', '6950fe24-a744-4d61-8f13-a767230601a0', 9975, 'USD', 'active', '2026-01-01T00:00:00.000Z', '2026-01-01T00:00:00.000Z'),
  ('6988331f-fc93-4a10-971f-d26cd939236b', 'ATLAS-0089', 'North Produce Carton 89', 'Produce wholesale carton for recurring retail purchasing.', 'de302add-40f9-423d-bc08-6884f394da8b', 10000, 'USD', 'active', '2026-01-01T00:00:00.000Z', '2026-01-01T00:00:00.000Z'),
  ('db4ce4ed-3308-4c94-850c-e077e7dc1bea', 'ATLAS-0090', 'Union Meat Carton 90', 'Meat wholesale carton for recurring retail purchasing.', '2ef5a513-3cdc-4f5c-af7e-2127f77bc0ad', 36075, 'USD', 'active', '2026-01-01T00:00:00.000Z', '2026-01-01T00:00:00.000Z'),
  ('837954fb-a3d9-4be0-a3f9-f64477e50c05', 'ATLAS-0091', 'Select Seafood Lot 91', 'Seafood wholesale lot for recurring retail purchasing.', '2e48c052-32d1-4e1c-9657-435c44a724b7', 47875, 'USD', 'active', '2026-01-01T00:00:00.000Z', '2026-01-01T00:00:00.000Z'),
  ('ba8116c9-7449-48e5-ad0b-e390c52fa51e', 'ATLAS-0092', 'Prime Cleaning Lot 92', 'Cleaning wholesale lot for recurring retail purchasing.', '48326310-e6be-4c9a-b8a7-6c94d3cda832', 23875, 'USD', 'active', '2026-01-01T00:00:00.000Z', '2026-01-01T00:00:00.000Z'),
  ('0a9cffb8-bd57-4e85-9212-4029349a993e', 'ATLAS-0093', 'Classic Paper Goods Lot 93', 'Paper Goods wholesale lot for recurring retail purchasing.', 'fe5e83d5-d218-4f4d-ae93-8cd9e4a7d50b', 3500, 'USD', 'active', '2026-01-01T00:00:00.000Z', '2026-01-01T00:00:00.000Z'),
  ('93b866b2-c3ad-4255-813a-c15293ab083e', 'ATLAS-0094', 'Urban Kitchenware Lot 94', 'Kitchenware wholesale lot for recurring retail purchasing.', 'ed777cfa-0706-4c3c-85cc-946c23610905', 7075, 'USD', 'active', '2026-01-01T00:00:00.000Z', '2026-01-01T00:00:00.000Z'),
  ('1fab5146-49c3-40e1-a555-8e4060baa034', 'ATLAS-0095', 'Summit Packaging Lot 95', 'Packaging wholesale lot for recurring retail purchasing.', 'e49f5686-5547-4ddf-b5da-762d506a352a', 19975, 'USD', 'discontinued', '2026-01-01T00:00:00.000Z', '2026-01-01T00:00:00.000Z'),
  ('44bd45b5-f19a-4299-8637-a256905fe1b6', 'ATLAS-0096', 'Harbor Office Lot 96', 'Office wholesale lot for recurring retail purchasing.', '2ebd965d-7629-4f21-b8a8-0e032e24313e', 21650, 'USD', 'active', '2026-01-01T00:00:00.000Z', '2026-01-01T00:00:00.000Z'),
  ('378e5c63-736e-4868-a499-9453990fabd2', 'ATLAS-0097', 'Valley Retail Displays Lot 97', 'Retail Displays wholesale lot for recurring retail purchasing.', 'd4f0abea-440d-4308-a8c4-aa0067037676', 34450, 'USD', 'active', '2026-01-01T00:00:00.000Z', '2026-01-01T00:00:00.000Z'),
  ('bd9ff884-2aae-4c28-aaac-3c5117eb062e', 'ATLAS-0098', 'Bright Personal Care Lot 98', 'Personal Care wholesale lot for recurring retail purchasing.', 'cc806d01-f756-4a4a-b0ca-157acef1265b', 41325, 'USD', 'active', '2026-01-01T00:00:00.000Z', '2026-01-01T00:00:00.000Z'),
  ('b9a8c963-a098-4cbc-8f90-daaa06fd6338', 'ATLAS-0099', 'North Pet Supplies Lot 99', 'Pet Supplies wholesale lot for recurring retail purchasing.', 'f9846c39-e063-4610-b2b7-9a3ded968eb9', 33350, 'USD', 'active', '2026-01-01T00:00:00.000Z', '2026-01-01T00:00:00.000Z'),
  ('ec6b8f93-9580-4194-8b4a-982fb931adac', 'ATLAS-0100', 'Union Seasonal Lot 100', 'Seasonal wholesale lot for recurring retail purchasing.', 'e9f5975a-bb65-4756-a287-3748d34370dd', 5325, 'USD', 'active', '2026-01-01T00:00:00.000Z', '2026-01-01T00:00:00.000Z'),
  ('5846608f-4ffe-46d5-9146-6806027d9695', 'ATLAS-0101', 'Select Organic Case 101', 'Organic wholesale case for recurring retail purchasing.', '0602f02d-e4b5-4510-b62b-7ab23aa98e7f', 9975, 'USD', 'active', '2026-01-01T00:00:00.000Z', '2026-01-01T00:00:00.000Z'),
  ('db176a73-278f-44a8-9a53-d982b247c75c', 'ATLAS-0102', 'Prime Bulk Grains Case 102', 'Bulk Grains wholesale case for recurring retail purchasing.', '458987d7-fdc1-40d2-899d-eb5e9dccd290', 1400, 'USD', 'active', '2026-01-01T00:00:00.000Z', '2026-01-01T00:00:00.000Z'),
  ('27bc505a-57f6-4859-a538-3ba05ab207e3', 'ATLAS-0103', 'Classic Sauces Case 103', 'Sauces wholesale case for recurring retail purchasing.', '08858e05-5ad6-4c0a-9039-0a26b7d4cfb6', 31375, 'USD', 'active', '2026-01-01T00:00:00.000Z', '2026-01-01T00:00:00.000Z'),
  ('1972efdc-5a3a-4b3d-b2f4-bc3365b31853', 'ATLAS-0104', 'Urban Condiments Case 104', 'Condiments wholesale case for recurring retail purchasing.', 'e980f345-b5fd-4f72-a36e-ea1514214053', 49800, 'USD', 'active', '2026-01-01T00:00:00.000Z', '2026-01-01T00:00:00.000Z'),
  ('c1170170-c479-4def-a411-aaa5f2345db6', 'ATLAS-0105', 'Summit Spices Case 105', 'Spices wholesale case for recurring retail purchasing.', '9352e306-01c5-4e32-870e-352ce5c8678e', 11400, 'USD', 'active', '2026-01-01T00:00:00.000Z', '2026-01-01T00:00:00.000Z'),
  ('03bb151b-7ac9-4d57-87e8-1eb07ec6fa65', 'ATLAS-0106', 'Harbor Breakfast Case 106', 'Breakfast wholesale case for recurring retail purchasing.', '25de9907-f0be-4982-9224-63a8ffc03096', 31975, 'USD', 'active', '2026-01-01T00:00:00.000Z', '2026-01-01T00:00:00.000Z'),
  ('449db1c7-7bc1-4c2c-84b0-c0ab465297cd', 'ATLAS-0107', 'Valley Desserts Case 107', 'Desserts wholesale case for recurring retail purchasing.', '4acdcb03-0ee2-4145-83a4-5201e1a14bfd', 43075, 'USD', 'active', '2026-01-01T00:00:00.000Z', '2026-01-01T00:00:00.000Z'),
  ('e71bd0de-8d40-4424-951f-5d53d3a6d6c7', 'ATLAS-0108', 'Bright Prepared Meals Case 108', 'Prepared Meals wholesale case for recurring retail purchasing.', '6c25a3eb-f38a-4b4d-86d2-7a34b333034e', 49300, 'USD', 'active', '2026-01-01T00:00:00.000Z', '2026-01-01T00:00:00.000Z'),
  ('5d8d6b7a-8bad-405d-8084-7267ab551073', 'ATLAS-0109', 'North Bottled Water Case 109', 'Bottled Water wholesale case for recurring retail purchasing.', '0571229f-026f-46e1-8059-2222c9b296e9', 49525, 'USD', 'active', '2026-01-01T00:00:00.000Z', '2026-01-01T00:00:00.000Z'),
  ('e56f0100-1bfc-42de-bcea-76a1762251b3', 'ATLAS-0110', 'Union Juices Case 110', 'Juices wholesale case for recurring retail purchasing.', '9e2ef14c-030a-44e9-8907-93beb89f96cb', 38825, 'USD', 'active', '2026-01-01T00:00:00.000Z', '2026-01-01T00:00:00.000Z'),
  ('010b1894-4956-41d5-a060-9b0badeda651', 'ATLAS-0111', 'Select Energy Drinks Blend 111', 'Energy Drinks wholesale blend for recurring retail purchasing.', 'f29debd9-f943-4ba3-ab57-c7a8f639e50b', 45650, 'USD', 'active', '2026-01-01T00:00:00.000Z', '2026-01-01T00:00:00.000Z'),
  ('8d2cc457-2f56-433e-b8e3-2089a77883bd', 'ATLAS-0112', 'Prime Electronics Blend 112', 'Electronics wholesale blend for recurring retail purchasing.', 'f4001c38-c96c-4ec2-9596-e007be968330', 43150, 'USD', 'active', '2026-01-01T00:00:00.000Z', '2026-01-01T00:00:00.000Z'),
  ('52a00534-2e3b-4f3b-8aba-d1d444c018fa', 'ATLAS-0113', 'Classic Safety Blend 113', 'Safety wholesale blend for recurring retail purchasing.', 'ed2305e9-613b-43d7-a0df-92d8def6d4f3', 7925, 'USD', 'active', '2026-01-01T00:00:00.000Z', '2026-01-01T00:00:00.000Z'),
  ('f0f960b8-2243-408f-ae6e-7aafd3bcf0a1', 'ATLAS-0114', 'Urban Apparel Blend 114', 'Apparel wholesale blend for recurring retail purchasing.', '48bc717c-65c8-4600-a379-79c1d8bda2e0', 22050, 'USD', 'active', '2026-01-01T00:00:00.000Z', '2026-01-01T00:00:00.000Z'),
  ('20c78b51-9fcb-42d1-8689-b1a5a51b3796', 'ATLAS-0115', 'Summit Pharmacy Blend 115', 'Pharmacy wholesale blend for recurring retail purchasing.', '7c65c5bc-699f-453f-bd58-7d2fc18301f2', 1150, 'USD', 'active', '2026-01-01T00:00:00.000Z', '2026-01-01T00:00:00.000Z'),
  ('2877f937-f53c-45ee-bb26-564b14dd028d', 'ATLAS-0116', 'Harbor Baby Blend 116', 'Baby wholesale blend for recurring retail purchasing.', '49fa066b-724a-4fcc-b6b0-ed91137bf388', 18475, 'USD', 'active', '2026-01-01T00:00:00.000Z', '2026-01-01T00:00:00.000Z'),
  ('753c4f68-ac89-4f49-b7ed-d718eae9e64f', 'ATLAS-0117', 'Valley Home Blend 117', 'Home wholesale blend for recurring retail purchasing.', '673c8a94-14e5-43ca-9f3b-d770ba7c5000', 3300, 'USD', 'active', '2026-01-01T00:00:00.000Z', '2026-01-01T00:00:00.000Z'),
  ('a67aff84-4dcb-4531-b94d-f6b327019093', 'ATLAS-0118', 'Bright Garden Blend 118', 'Garden wholesale blend for recurring retail purchasing.', '40031bae-7fa8-42b4-93e7-1d1ff0d1d7a7', 3025, 'USD', 'active', '2026-01-01T00:00:00.000Z', '2026-01-01T00:00:00.000Z'),
  ('24d49324-1401-43c6-8954-9ca7bf9c0dc6', 'ATLAS-0119', 'North Automotive Blend 119', 'Automotive wholesale blend for recurring retail purchasing.', '095c0d61-2268-4351-98f7-1cdd968bdb9e', 8650, 'USD', 'active', '2026-01-01T00:00:00.000Z', '2026-01-01T00:00:00.000Z'),
  ('5f4b77f5-b3c6-429a-8427-099301d17e16', 'ATLAS-0120', 'Union Hardware Blend 120', 'Hardware wholesale blend for recurring retail purchasing.', '094db390-38ed-4c64-b09d-bca4574d6e21', 42000, 'USD', 'active', '2026-01-01T00:00:00.000Z', '2026-01-01T00:00:00.000Z'),
  ('3dc7dec7-cedd-471a-9f37-55faa0f0c881', 'ATLAS-0121', 'Select Beverages Pack 121', 'Beverages wholesale pack for recurring retail purchasing.', 'f3503737-85ba-4660-962b-89985209518a', 3275, 'USD', 'active', '2026-01-01T00:00:00.000Z', '2026-01-01T00:00:00.000Z'),
  ('562f0f69-1998-4a7b-883a-0b4c9d9a8fd2', 'ATLAS-0122', 'Prime Coffee Pack 122', 'Coffee wholesale pack for recurring retail purchasing.', 'dbcedcab-3970-4eb2-aa9a-bb1a01af0843', 16775, 'USD', 'active', '2026-01-01T00:00:00.000Z', '2026-01-01T00:00:00.000Z'),
  ('3fe6b7e4-6495-4b6f-9a60-7c92fc62abbe', 'ATLAS-0123', 'Classic Tea Pack 123', 'Tea wholesale pack for recurring retail purchasing.', 'f345fbe9-4617-4ca0-8d68-216e4f2ede92', 2400, 'USD', 'active', '2026-01-01T00:00:00.000Z', '2026-01-01T00:00:00.000Z'),
  ('07101617-9fd2-41bc-8a1e-6a28c1482ec3', 'ATLAS-0124', 'Urban Dairy Pack 124', 'Dairy wholesale pack for recurring retail purchasing.', '0f764d4a-40d5-4421-8431-2898b6a8bf5e', 33975, 'USD', 'active', '2026-01-01T00:00:00.000Z', '2026-01-01T00:00:00.000Z'),
  ('650d0105-3861-4ac3-b312-74b85e803dae', 'ATLAS-0125', 'Summit Bakery Pack 125', 'Bakery wholesale pack for recurring retail purchasing.', 'eda4996a-70aa-4520-a16e-9fa40db4dda8', 32625, 'USD', 'active', '2026-01-01T00:00:00.000Z', '2026-01-01T00:00:00.000Z'),
  ('aa228a78-50f1-4200-8711-d39263e8a6c4', 'ATLAS-0126', 'Harbor Pantry Pack 126', 'Pantry wholesale pack for recurring retail purchasing.', '65fdd67d-aeb0-41ad-ab69-968ec08bd213', 18625, 'USD', 'active', '2026-01-01T00:00:00.000Z', '2026-01-01T00:00:00.000Z'),
  ('cdd8efe5-b8fb-44b1-935d-3eddf9dd9441', 'ATLAS-0127', 'Valley Snacks Pack 127', 'Snacks wholesale pack for recurring retail purchasing.', '7cd47fe0-613c-4468-9ab3-a2b5f044694c', 30775, 'USD', 'active', '2026-01-01T00:00:00.000Z', '2026-01-01T00:00:00.000Z'),
  ('c87a66fe-0f12-4da1-aba2-f206e9850c33', 'ATLAS-0128', 'Bright Frozen Pack 128', 'Frozen wholesale pack for recurring retail purchasing.', '6950fe24-a744-4d61-8f13-a767230601a0', 31075, 'USD', 'active', '2026-01-01T00:00:00.000Z', '2026-01-01T00:00:00.000Z'),
  ('1eb9a64c-78de-4087-b2de-5f6c5ae03c4e', 'ATLAS-0129', 'North Produce Pack 129', 'Produce wholesale pack for recurring retail purchasing.', 'de302add-40f9-423d-bc08-6884f394da8b', 36800, 'USD', 'active', '2026-01-01T00:00:00.000Z', '2026-01-01T00:00:00.000Z'),
  ('3a162ac1-bd83-43bf-a0e3-a1f8b3c214a0', 'ATLAS-0130', 'Union Meat Pack 130', 'Meat wholesale pack for recurring retail purchasing.', '2ef5a513-3cdc-4f5c-af7e-2127f77bc0ad', 39800, 'USD', 'active', '2026-01-01T00:00:00.000Z', '2026-01-01T00:00:00.000Z'),
  ('67724bdc-0353-471b-b44d-15ee3dcd1bc4', 'ATLAS-0131', 'Select Seafood Crate 131', 'Seafood wholesale crate for recurring retail purchasing.', '2e48c052-32d1-4e1c-9657-435c44a724b7', 41125, 'USD', 'active', '2026-01-01T00:00:00.000Z', '2026-01-01T00:00:00.000Z'),
  ('dac706fc-ac06-471e-982a-f0985e610518', 'ATLAS-0132', 'Prime Cleaning Crate 132', 'Cleaning wholesale crate for recurring retail purchasing.', '48326310-e6be-4c9a-b8a7-6c94d3cda832', 7325, 'USD', 'active', '2026-01-01T00:00:00.000Z', '2026-01-01T00:00:00.000Z'),
  ('42268671-c237-4850-a3d9-6d1b87d0ccca', 'ATLAS-0133', 'Classic Paper Goods Crate 133', 'Paper Goods wholesale crate for recurring retail purchasing.', 'fe5e83d5-d218-4f4d-ae93-8cd9e4a7d50b', 1075, 'USD', 'active', '2026-01-01T00:00:00.000Z', '2026-01-01T00:00:00.000Z'),
  ('146bcb15-23e1-47fb-a6e4-1678db2a7189', 'ATLAS-0134', 'Urban Kitchenware Crate 134', 'Kitchenware wholesale crate for recurring retail purchasing.', 'ed777cfa-0706-4c3c-85cc-946c23610905', 1525, 'USD', 'active', '2026-01-01T00:00:00.000Z', '2026-01-01T00:00:00.000Z'),
  ('7314f0ea-298a-4185-8584-7e2de62b533d', 'ATLAS-0135', 'Summit Packaging Crate 135', 'Packaging wholesale crate for recurring retail purchasing.', 'e49f5686-5547-4ddf-b5da-762d506a352a', 575, 'USD', 'active', '2026-01-01T00:00:00.000Z', '2026-01-01T00:00:00.000Z'),
  ('94e4c925-7bee-4215-8e00-1e2551793c51', 'ATLAS-0136', 'Harbor Office Crate 136', 'Office wholesale crate for recurring retail purchasing.', '2ebd965d-7629-4f21-b8a8-0e032e24313e', 45775, 'USD', 'active', '2026-01-01T00:00:00.000Z', '2026-01-01T00:00:00.000Z'),
  ('683ad35f-c6f9-411d-9713-b316e0e7ab56', 'ATLAS-0137', 'Valley Retail Displays Crate 137', 'Retail Displays wholesale crate for recurring retail purchasing.', 'd4f0abea-440d-4308-a8c4-aa0067037676', 46950, 'USD', 'active', '2026-01-01T00:00:00.000Z', '2026-01-01T00:00:00.000Z'),
  ('c080867a-a9f1-4fdd-8a1e-f1d0c30d96f2', 'ATLAS-0138', 'Bright Personal Care Crate 138', 'Personal Care wholesale crate for recurring retail purchasing.', 'cc806d01-f756-4a4a-b0ca-157acef1265b', 5975, 'USD', 'active', '2026-01-01T00:00:00.000Z', '2026-01-01T00:00:00.000Z'),
  ('cfea2ae5-5f06-46d9-80d9-5a9a041d936f', 'ATLAS-0139', 'North Pet Supplies Crate 139', 'Pet Supplies wholesale crate for recurring retail purchasing.', 'f9846c39-e063-4610-b2b7-9a3ded968eb9', 21775, 'USD', 'active', '2026-01-01T00:00:00.000Z', '2026-01-01T00:00:00.000Z'),
  ('4503d32a-1d84-40ba-aba7-63700a1c1141', 'ATLAS-0140', 'Union Seasonal Crate 140', 'Seasonal wholesale crate for recurring retail purchasing.', 'e9f5975a-bb65-4756-a287-3748d34370dd', 5350, 'USD', 'active', '2026-01-01T00:00:00.000Z', '2026-01-01T00:00:00.000Z'),
  ('9b7d2b53-3b6d-4629-a7bb-4a7bb8a9794f', 'ATLAS-0141', 'Select Organic Bundle 141', 'Organic wholesale bundle for recurring retail purchasing.', '0602f02d-e4b5-4510-b62b-7ab23aa98e7f', 41400, 'USD', 'active', '2026-01-01T00:00:00.000Z', '2026-01-01T00:00:00.000Z'),
  ('8aefc119-60dd-432c-a9d7-e53bf54b807c', 'ATLAS-0142', 'Prime Bulk Grains Bundle 142', 'Bulk Grains wholesale bundle for recurring retail purchasing.', '458987d7-fdc1-40d2-899d-eb5e9dccd290', 42600, 'USD', 'discontinued', '2026-01-01T00:00:00.000Z', '2026-01-01T00:00:00.000Z'),
  ('b6f174e6-a961-4a1f-a86e-e2d4723baae8', 'ATLAS-0143', 'Classic Sauces Bundle 143', 'Sauces wholesale bundle for recurring retail purchasing.', '08858e05-5ad6-4c0a-9039-0a26b7d4cfb6', 35625, 'USD', 'active', '2026-01-01T00:00:00.000Z', '2026-01-01T00:00:00.000Z'),
  ('2fdcefdd-d87c-4f0d-bb91-3180749b34fd', 'ATLAS-0144', 'Urban Condiments Bundle 144', 'Condiments wholesale bundle for recurring retail purchasing.', 'e980f345-b5fd-4f72-a36e-ea1514214053', 9400, 'USD', 'active', '2026-01-01T00:00:00.000Z', '2026-01-01T00:00:00.000Z'),
  ('8017d815-daa3-4750-91e7-e778c1edd1b8', 'ATLAS-0145', 'Summit Spices Bundle 145', 'Spices wholesale bundle for recurring retail purchasing.', '9352e306-01c5-4e32-870e-352ce5c8678e', 7825, 'USD', 'active', '2026-01-01T00:00:00.000Z', '2026-01-01T00:00:00.000Z'),
  ('641f41ef-0247-40f4-b63a-9a41de01006a', 'ATLAS-0146', 'Harbor Breakfast Bundle 146', 'Breakfast wholesale bundle for recurring retail purchasing.', '25de9907-f0be-4982-9224-63a8ffc03096', 38500, 'USD', 'active', '2026-01-01T00:00:00.000Z', '2026-01-01T00:00:00.000Z'),
  ('f2f5ab3f-4e9b-4126-8f9a-8cc65fd9f804', 'ATLAS-0147', 'Valley Desserts Bundle 147', 'Desserts wholesale bundle for recurring retail purchasing.', '4acdcb03-0ee2-4145-83a4-5201e1a14bfd', 6550, 'USD', 'active', '2026-01-01T00:00:00.000Z', '2026-01-01T00:00:00.000Z'),
  ('55d56875-73f0-4d72-b1ba-47937b0ddd8f', 'ATLAS-0148', 'Bright Prepared Meals Bundle 148', 'Prepared Meals wholesale bundle for recurring retail purchasing.', '6c25a3eb-f38a-4b4d-86d2-7a34b333034e', 31150, 'USD', 'active', '2026-01-01T00:00:00.000Z', '2026-01-01T00:00:00.000Z'),
  ('01ab1569-edb7-4756-b12c-9fea0ec70257', 'ATLAS-0149', 'North Bottled Water Bundle 149', 'Bottled Water wholesale bundle for recurring retail purchasing.', '0571229f-026f-46e1-8059-2222c9b296e9', 36450, 'USD', 'active', '2026-01-01T00:00:00.000Z', '2026-01-01T00:00:00.000Z'),
  ('fd8d1d01-759f-4270-85ee-a47c8080d172', 'ATLAS-0150', 'Union Juices Bundle 150', 'Juices wholesale bundle for recurring retail purchasing.', '9e2ef14c-030a-44e9-8907-93beb89f96cb', 43425, 'USD', 'active', '2026-01-01T00:00:00.000Z', '2026-01-01T00:00:00.000Z'),
  ('1dca1d4a-9a44-425a-896a-39a4bc4a86df', 'ATLAS-0151', 'Select Energy Drinks Mix 151', 'Energy Drinks wholesale mix for recurring retail purchasing.', 'f29debd9-f943-4ba3-ab57-c7a8f639e50b', 31825, 'USD', 'active', '2026-01-01T00:00:00.000Z', '2026-01-01T00:00:00.000Z'),
  ('d15b32c0-cbc4-43e8-948f-9c004f6d8c89', 'ATLAS-0152', 'Prime Electronics Mix 152', 'Electronics wholesale mix for recurring retail purchasing.', 'f4001c38-c96c-4ec2-9596-e007be968330', 19375, 'USD', 'active', '2026-01-01T00:00:00.000Z', '2026-01-01T00:00:00.000Z'),
  ('dc3d536f-7e0c-46e9-8db7-e6edbce458f4', 'ATLAS-0153', 'Classic Safety Mix 153', 'Safety wholesale mix for recurring retail purchasing.', 'ed2305e9-613b-43d7-a0df-92d8def6d4f3', 48450, 'USD', 'active', '2026-01-01T00:00:00.000Z', '2026-01-01T00:00:00.000Z'),
  ('867c39b3-0033-4d8a-9c18-fc08c1cf6037', 'ATLAS-0154', 'Urban Apparel Mix 154', 'Apparel wholesale mix for recurring retail purchasing.', '48bc717c-65c8-4600-a379-79c1d8bda2e0', 28150, 'USD', 'active', '2026-01-01T00:00:00.000Z', '2026-01-01T00:00:00.000Z'),
  ('07aa7465-2ecd-4d5e-9cbb-17e4c98d73b9', 'ATLAS-0155', 'Summit Pharmacy Mix 155', 'Pharmacy wholesale mix for recurring retail purchasing.', '7c65c5bc-699f-453f-bd58-7d2fc18301f2', 19675, 'USD', 'active', '2026-01-01T00:00:00.000Z', '2026-01-01T00:00:00.000Z'),
  ('3af6f746-eb1d-46c2-bc55-23e3349a7b23', 'ATLAS-0156', 'Harbor Baby Mix 156', 'Baby wholesale mix for recurring retail purchasing.', '49fa066b-724a-4fcc-b6b0-ed91137bf388', 43950, 'USD', 'active', '2026-01-01T00:00:00.000Z', '2026-01-01T00:00:00.000Z'),
  ('30247eb9-a774-4c9e-a9ae-185759641db6', 'ATLAS-0157', 'Valley Home Mix 157', 'Home wholesale mix for recurring retail purchasing.', '673c8a94-14e5-43ca-9f3b-d770ba7c5000', 23750, 'USD', 'active', '2026-01-01T00:00:00.000Z', '2026-01-01T00:00:00.000Z'),
  ('448737ea-43ce-483a-a654-eb5b515fe50c', 'ATLAS-0158', 'Bright Garden Mix 158', 'Garden wholesale mix for recurring retail purchasing.', '40031bae-7fa8-42b4-93e7-1d1ff0d1d7a7', 43175, 'USD', 'active', '2026-01-01T00:00:00.000Z', '2026-01-01T00:00:00.000Z'),
  ('daec32f8-d4b1-4a50-9557-91bcf5f0045e', 'ATLAS-0159', 'North Automotive Mix 159', 'Automotive wholesale mix for recurring retail purchasing.', '095c0d61-2268-4351-98f7-1cdd968bdb9e', 12875, 'USD', 'active', '2026-01-01T00:00:00.000Z', '2026-01-01T00:00:00.000Z'),
  ('b38a7fc6-8bf1-4321-aa8f-a6c804dae94e', 'ATLAS-0160', 'Union Hardware Mix 160', 'Hardware wholesale mix for recurring retail purchasing.', '094db390-38ed-4c64-b09d-bca4574d6e21', 40700, 'USD', 'active', '2026-01-01T00:00:00.000Z', '2026-01-01T00:00:00.000Z'),
  ('d84cf44f-eab0-41d7-8c3d-de62cb5144e1', 'ATLAS-0161', 'Select Beverages Reserve 161', 'Beverages wholesale reserve for recurring retail purchasing.', 'f3503737-85ba-4660-962b-89985209518a', 11100, 'USD', 'active', '2026-01-01T00:00:00.000Z', '2026-01-01T00:00:00.000Z'),
  ('97e71963-7a10-4403-bea7-8207885af9bd', 'ATLAS-0162', 'Prime Coffee Reserve 162', 'Coffee wholesale reserve for recurring retail purchasing.', 'dbcedcab-3970-4eb2-aa9a-bb1a01af0843', 38825, 'USD', 'active', '2026-01-01T00:00:00.000Z', '2026-01-01T00:00:00.000Z'),
  ('6a1d8713-c30d-4af3-82d3-0ec597af5736', 'ATLAS-0163', 'Classic Tea Reserve 163', 'Tea wholesale reserve for recurring retail purchasing.', 'f345fbe9-4617-4ca0-8d68-216e4f2ede92', 38450, 'USD', 'active', '2026-01-01T00:00:00.000Z', '2026-01-01T00:00:00.000Z'),
  ('37205660-a0da-471e-b3c2-b01bb5d0fa6a', 'ATLAS-0164', 'Urban Dairy Reserve 164', 'Dairy wholesale reserve for recurring retail purchasing.', '0f764d4a-40d5-4421-8431-2898b6a8bf5e', 15550, 'USD', 'active', '2026-01-01T00:00:00.000Z', '2026-01-01T00:00:00.000Z'),
  ('d8a3d43a-8ee7-4e6f-b8f6-e60e63a0c8df', 'ATLAS-0165', 'Summit Bakery Reserve 165', 'Bakery wholesale reserve for recurring retail purchasing.', 'eda4996a-70aa-4520-a16e-9fa40db4dda8', 34725, 'USD', 'active', '2026-01-01T00:00:00.000Z', '2026-01-01T00:00:00.000Z'),
  ('91808a76-60c1-40d2-8316-bd3d6426b1bc', 'ATLAS-0166', 'Harbor Pantry Reserve 166', 'Pantry wholesale reserve for recurring retail purchasing.', '65fdd67d-aeb0-41ad-ab69-968ec08bd213', 49575, 'USD', 'active', '2026-01-01T00:00:00.000Z', '2026-01-01T00:00:00.000Z'),
  ('649060fc-ca0f-48e1-95fb-b5d4b8c206bb', 'ATLAS-0167', 'Valley Snacks Reserve 167', 'Snacks wholesale reserve for recurring retail purchasing.', '7cd47fe0-613c-4468-9ab3-a2b5f044694c', 36875, 'USD', 'active', '2026-01-01T00:00:00.000Z', '2026-01-01T00:00:00.000Z'),
  ('9125febd-8ca1-4c8c-947c-d14d83eb04d2', 'ATLAS-0168', 'Bright Frozen Reserve 168', 'Frozen wholesale reserve for recurring retail purchasing.', '6950fe24-a744-4d61-8f13-a767230601a0', 21075, 'USD', 'active', '2026-01-01T00:00:00.000Z', '2026-01-01T00:00:00.000Z'),
  ('01c6e06c-0b44-4665-94c9-41678c616f7c', 'ATLAS-0169', 'North Produce Reserve 169', 'Produce wholesale reserve for recurring retail purchasing.', 'de302add-40f9-423d-bc08-6884f394da8b', 10675, 'USD', 'active', '2026-01-01T00:00:00.000Z', '2026-01-01T00:00:00.000Z'),
  ('fd69c24c-9b52-44b8-b406-3eabfedf5905', 'ATLAS-0170', 'Union Meat Reserve 170', 'Meat wholesale reserve for recurring retail purchasing.', '2ef5a513-3cdc-4f5c-af7e-2127f77bc0ad', 3400, 'USD', 'active', '2026-01-01T00:00:00.000Z', '2026-01-01T00:00:00.000Z'),
  ('35ed37e8-794f-423f-9f1d-efef64d08121', 'ATLAS-0171', 'Select Seafood Supply 171', 'Seafood wholesale supply for recurring retail purchasing.', '2e48c052-32d1-4e1c-9657-435c44a724b7', 6850, 'USD', 'active', '2026-01-01T00:00:00.000Z', '2026-01-01T00:00:00.000Z'),
  ('f20d1991-ded7-4c44-b984-e928d31128c0', 'ATLAS-0172', 'Prime Cleaning Supply 172', 'Cleaning wholesale supply for recurring retail purchasing.', '48326310-e6be-4c9a-b8a7-6c94d3cda832', 47100, 'USD', 'active', '2026-01-01T00:00:00.000Z', '2026-01-01T00:00:00.000Z'),
  ('6f7cb630-ebe3-41ab-9fe6-753abcf18dce', 'ATLAS-0173', 'Classic Paper Goods Supply 173', 'Paper Goods wholesale supply for recurring retail purchasing.', 'fe5e83d5-d218-4f4d-ae93-8cd9e4a7d50b', 24275, 'USD', 'active', '2026-01-01T00:00:00.000Z', '2026-01-01T00:00:00.000Z'),
  ('c1079bc8-23dc-45de-b63f-505f7b97dcd0', 'ATLAS-0174', 'Urban Kitchenware Supply 174', 'Kitchenware wholesale supply for recurring retail purchasing.', 'ed777cfa-0706-4c3c-85cc-946c23610905', 25500, 'USD', 'active', '2026-01-01T00:00:00.000Z', '2026-01-01T00:00:00.000Z'),
  ('f442cb0c-c867-460f-b345-809653196c44', 'ATLAS-0175', 'Summit Packaging Supply 175', 'Packaging wholesale supply for recurring retail purchasing.', 'e49f5686-5547-4ddf-b5da-762d506a352a', 39425, 'USD', 'active', '2026-01-01T00:00:00.000Z', '2026-01-01T00:00:00.000Z'),
  ('6b9ab4b0-1dde-4584-9538-9834b47a678d', 'ATLAS-0176', 'Harbor Office Supply 176', 'Office wholesale supply for recurring retail purchasing.', '2ebd965d-7629-4f21-b8a8-0e032e24313e', 34825, 'USD', 'active', '2026-01-01T00:00:00.000Z', '2026-01-01T00:00:00.000Z'),
  ('bce3771c-9fb8-4272-bca9-a2a4d928a314', 'ATLAS-0177', 'Valley Retail Displays Supply 177', 'Retail Displays wholesale supply for recurring retail purchasing.', 'd4f0abea-440d-4308-a8c4-aa0067037676', 46525, 'USD', 'active', '2026-01-01T00:00:00.000Z', '2026-01-01T00:00:00.000Z'),
  ('456da495-eb1c-43c8-97d9-ac77860ecaf9', 'ATLAS-0178', 'Bright Personal Care Supply 178', 'Personal Care wholesale supply for recurring retail purchasing.', 'cc806d01-f756-4a4a-b0ca-157acef1265b', 41575, 'USD', 'active', '2026-01-01T00:00:00.000Z', '2026-01-01T00:00:00.000Z'),
  ('233dc24d-3051-4285-9913-c3c7d4b175d5', 'ATLAS-0179', 'North Pet Supplies Supply 179', 'Pet Supplies wholesale supply for recurring retail purchasing.', 'f9846c39-e063-4610-b2b7-9a3ded968eb9', 46175, 'USD', 'active', '2026-01-01T00:00:00.000Z', '2026-01-01T00:00:00.000Z'),
  ('7fd09a70-254f-4f2d-b07d-bdd076833521', 'ATLAS-0180', 'Union Seasonal Supply 180', 'Seasonal wholesale supply for recurring retail purchasing.', 'e9f5975a-bb65-4756-a287-3748d34370dd', 4425, 'USD', 'active', '2026-01-01T00:00:00.000Z', '2026-01-01T00:00:00.000Z'),
  ('f05b8984-00c0-49ae-9561-f6940b1f6082', 'ATLAS-0181', 'Select Organic Carton 181', 'Organic wholesale carton for recurring retail purchasing.', '0602f02d-e4b5-4510-b62b-7ab23aa98e7f', 11450, 'USD', 'active', '2026-01-01T00:00:00.000Z', '2026-01-01T00:00:00.000Z'),
  ('7f60ae1e-c0f6-4e58-9de5-4323596c393d', 'ATLAS-0182', 'Prime Bulk Grains Carton 182', 'Bulk Grains wholesale carton for recurring retail purchasing.', '458987d7-fdc1-40d2-899d-eb5e9dccd290', 2725, 'USD', 'active', '2026-01-01T00:00:00.000Z', '2026-01-01T00:00:00.000Z'),
  ('8d210d67-45e7-4180-836b-2c190322c7b5', 'ATLAS-0183', 'Classic Sauces Carton 183', 'Sauces wholesale carton for recurring retail purchasing.', '08858e05-5ad6-4c0a-9039-0a26b7d4cfb6', 20125, 'USD', 'active', '2026-01-01T00:00:00.000Z', '2026-01-01T00:00:00.000Z'),
  ('894a46e5-d6b9-403e-b134-fe6d82c9e20a', 'ATLAS-0184', 'Urban Condiments Carton 184', 'Condiments wholesale carton for recurring retail purchasing.', 'e980f345-b5fd-4f72-a36e-ea1514214053', 41550, 'USD', 'active', '2026-01-01T00:00:00.000Z', '2026-01-01T00:00:00.000Z'),
  ('b14b3f0e-e45a-444f-980d-21ce713010af', 'ATLAS-0185', 'Summit Spices Carton 185', 'Spices wholesale carton for recurring retail purchasing.', '9352e306-01c5-4e32-870e-352ce5c8678e', 21750, 'USD', 'active', '2026-01-01T00:00:00.000Z', '2026-01-01T00:00:00.000Z'),
  ('fcc0caf1-8c5f-43ee-a55e-06b9eb4355ce', 'ATLAS-0186', 'Harbor Breakfast Carton 186', 'Breakfast wholesale carton for recurring retail purchasing.', '25de9907-f0be-4982-9224-63a8ffc03096', 19275, 'USD', 'active', '2026-01-01T00:00:00.000Z', '2026-01-01T00:00:00.000Z'),
  ('5f64968c-7ffb-4356-99c1-59b81368fee6', 'ATLAS-0187', 'Valley Desserts Carton 187', 'Desserts wholesale carton for recurring retail purchasing.', '4acdcb03-0ee2-4145-83a4-5201e1a14bfd', 19625, 'USD', 'active', '2026-01-01T00:00:00.000Z', '2026-01-01T00:00:00.000Z'),
  ('5b0eec6a-8589-488f-bc83-b095dd4d68fc', 'ATLAS-0188', 'Bright Prepared Meals Carton 188', 'Prepared Meals wholesale carton for recurring retail purchasing.', '6c25a3eb-f38a-4b4d-86d2-7a34b333034e', 1250, 'USD', 'active', '2026-01-01T00:00:00.000Z', '2026-01-01T00:00:00.000Z'),
  ('2d7876de-30ae-434f-9b93-2a05436e75b2', 'ATLAS-0189', 'North Bottled Water Carton 189', 'Bottled Water wholesale carton for recurring retail purchasing.', '0571229f-026f-46e1-8059-2222c9b296e9', 40225, 'USD', 'discontinued', '2026-01-01T00:00:00.000Z', '2026-01-01T00:00:00.000Z'),
  ('a17abf06-e2c7-4c1c-9df5-173469444fdf', 'ATLAS-0190', 'Union Juices Carton 190', 'Juices wholesale carton for recurring retail purchasing.', '9e2ef14c-030a-44e9-8907-93beb89f96cb', 16175, 'USD', 'active', '2026-01-01T00:00:00.000Z', '2026-01-01T00:00:00.000Z'),
  ('7f4d78f2-4cde-47cb-9c4f-8e3dda83e4ae', 'ATLAS-0191', 'Select Energy Drinks Lot 191', 'Energy Drinks wholesale lot for recurring retail purchasing.', 'f29debd9-f943-4ba3-ab57-c7a8f639e50b', 40575, 'USD', 'active', '2026-01-01T00:00:00.000Z', '2026-01-01T00:00:00.000Z'),
  ('8ba3d170-fdb7-4249-860c-9611e7ab5597', 'ATLAS-0192', 'Prime Electronics Lot 192', 'Electronics wholesale lot for recurring retail purchasing.', 'f4001c38-c96c-4ec2-9596-e007be968330', 15425, 'USD', 'active', '2026-01-01T00:00:00.000Z', '2026-01-01T00:00:00.000Z'),
  ('5edee80b-94dc-45bc-9285-f7f113dcb770', 'ATLAS-0193', 'Classic Safety Lot 193', 'Safety wholesale lot for recurring retail purchasing.', 'ed2305e9-613b-43d7-a0df-92d8def6d4f3', 37225, 'USD', 'active', '2026-01-01T00:00:00.000Z', '2026-01-01T00:00:00.000Z'),
  ('7cf8d098-0689-499b-bcb7-ef7671bb5a3d', 'ATLAS-0194', 'Urban Apparel Lot 194', 'Apparel wholesale lot for recurring retail purchasing.', '48bc717c-65c8-4600-a379-79c1d8bda2e0', 27150, 'USD', 'active', '2026-01-01T00:00:00.000Z', '2026-01-01T00:00:00.000Z'),
  ('610067cc-9a39-403c-8472-460f895b3ba2', 'ATLAS-0195', 'Summit Pharmacy Lot 195', 'Pharmacy wholesale lot for recurring retail purchasing.', '7c65c5bc-699f-453f-bd58-7d2fc18301f2', 17975, 'USD', 'active', '2026-01-01T00:00:00.000Z', '2026-01-01T00:00:00.000Z'),
  ('8bed32b3-5ef3-4875-9850-66238a53c36c', 'ATLAS-0196', 'Harbor Baby Lot 196', 'Baby wholesale lot for recurring retail purchasing.', '49fa066b-724a-4fcc-b6b0-ed91137bf388', 2650, 'USD', 'active', '2026-01-01T00:00:00.000Z', '2026-01-01T00:00:00.000Z'),
  ('4b772389-971c-4acc-b517-0c1538a8acdd', 'ATLAS-0197', 'Valley Home Lot 197', 'Home wholesale lot for recurring retail purchasing.', '673c8a94-14e5-43ca-9f3b-d770ba7c5000', 4700, 'USD', 'active', '2026-01-01T00:00:00.000Z', '2026-01-01T00:00:00.000Z'),
  ('ea446483-18a4-4f9f-972c-577e19489056', 'ATLAS-0198', 'Bright Garden Lot 198', 'Garden wholesale lot for recurring retail purchasing.', '40031bae-7fa8-42b4-93e7-1d1ff0d1d7a7', 2100, 'USD', 'active', '2026-01-01T00:00:00.000Z', '2026-01-01T00:00:00.000Z'),
  ('c5f66e85-648c-48ad-85a9-d976efc18542', 'ATLAS-0199', 'North Automotive Lot 199', 'Automotive wholesale lot for recurring retail purchasing.', '095c0d61-2268-4351-98f7-1cdd968bdb9e', 47125, 'USD', 'active', '2026-01-01T00:00:00.000Z', '2026-01-01T00:00:00.000Z'),
  ('01a469f4-792d-40fa-9f3d-c054be911daf', 'ATLAS-0200', 'Union Hardware Lot 200', 'Hardware wholesale lot for recurring retail purchasing.', '094db390-38ed-4c64-b09d-bca4574d6e21', 27300, 'USD', 'active', '2026-01-01T00:00:00.000Z', '2026-01-01T00:00:00.000Z'),
  ('a860775f-3351-4c67-88b5-08dd58bee427', 'ATLAS-0201', 'Select Beverages Case 201', 'Beverages wholesale case for recurring retail purchasing.', 'f3503737-85ba-4660-962b-89985209518a', 46100, 'USD', 'active', '2026-01-01T00:00:00.000Z', '2026-01-01T00:00:00.000Z'),
  ('e823af23-f277-4204-90d7-c22ce1f95aba', 'ATLAS-0202', 'Prime Coffee Case 202', 'Coffee wholesale case for recurring retail purchasing.', 'dbcedcab-3970-4eb2-aa9a-bb1a01af0843', 45025, 'USD', 'active', '2026-01-01T00:00:00.000Z', '2026-01-01T00:00:00.000Z'),
  ('d17be2b0-0b05-4c9e-b884-8113a92cb641', 'ATLAS-0203', 'Classic Tea Case 203', 'Tea wholesale case for recurring retail purchasing.', 'f345fbe9-4617-4ca0-8d68-216e4f2ede92', 4175, 'USD', 'active', '2026-01-01T00:00:00.000Z', '2026-01-01T00:00:00.000Z'),
  ('ec8dc949-74c8-4513-9cc4-a4c2d5d70918', 'ATLAS-0204', 'Urban Dairy Case 204', 'Dairy wholesale case for recurring retail purchasing.', '0f764d4a-40d5-4421-8431-2898b6a8bf5e', 10650, 'USD', 'active', '2026-01-01T00:00:00.000Z', '2026-01-01T00:00:00.000Z'),
  ('49da276c-83ba-4093-8a5f-54efd6add64a', 'ATLAS-0205', 'Summit Bakery Case 205', 'Bakery wholesale case for recurring retail purchasing.', 'eda4996a-70aa-4520-a16e-9fa40db4dda8', 16425, 'USD', 'active', '2026-01-01T00:00:00.000Z', '2026-01-01T00:00:00.000Z'),
  ('9e842689-4c68-491f-b192-48f4644f4683', 'ATLAS-0206', 'Harbor Pantry Case 206', 'Pantry wholesale case for recurring retail purchasing.', '65fdd67d-aeb0-41ad-ab69-968ec08bd213', 46375, 'USD', 'active', '2026-01-01T00:00:00.000Z', '2026-01-01T00:00:00.000Z'),
  ('13e125c0-3c46-4614-b01c-8d8532e83f6a', 'ATLAS-0207', 'Valley Snacks Case 207', 'Snacks wholesale case for recurring retail purchasing.', '7cd47fe0-613c-4468-9ab3-a2b5f044694c', 3625, 'USD', 'active', '2026-01-01T00:00:00.000Z', '2026-01-01T00:00:00.000Z'),
  ('3f74a33d-f138-4aea-8e66-199da5c0dedc', 'ATLAS-0208', 'Bright Frozen Case 208', 'Frozen wholesale case for recurring retail purchasing.', '6950fe24-a744-4d61-8f13-a767230601a0', 30700, 'USD', 'active', '2026-01-01T00:00:00.000Z', '2026-01-01T00:00:00.000Z'),
  ('cfd0d4d4-523d-496f-9230-9ab141651d00', 'ATLAS-0209', 'North Produce Case 209', 'Produce wholesale case for recurring retail purchasing.', 'de302add-40f9-423d-bc08-6884f394da8b', 27075, 'USD', 'active', '2026-01-01T00:00:00.000Z', '2026-01-01T00:00:00.000Z'),
  ('25b5e1f7-479e-457b-8af0-26294427f96b', 'ATLAS-0210', 'Union Meat Case 210', 'Meat wholesale case for recurring retail purchasing.', '2ef5a513-3cdc-4f5c-af7e-2127f77bc0ad', 17425, 'USD', 'active', '2026-01-01T00:00:00.000Z', '2026-01-01T00:00:00.000Z'),
  ('4e084799-c9bd-4efb-87ea-f7db5a7007c2', 'ATLAS-0211', 'Select Seafood Blend 211', 'Seafood wholesale blend for recurring retail purchasing.', '2e48c052-32d1-4e1c-9657-435c44a724b7', 47225, 'USD', 'active', '2026-01-01T00:00:00.000Z', '2026-01-01T00:00:00.000Z'),
  ('104a20ef-4ca7-4da3-9d26-f1f914b8d7aa', 'ATLAS-0212', 'Prime Cleaning Blend 212', 'Cleaning wholesale blend for recurring retail purchasing.', '48326310-e6be-4c9a-b8a7-6c94d3cda832', 9075, 'USD', 'active', '2026-01-01T00:00:00.000Z', '2026-01-01T00:00:00.000Z'),
  ('8d424130-acbc-4c65-8808-2a6d244c92dd', 'ATLAS-0213', 'Classic Paper Goods Blend 213', 'Paper Goods wholesale blend for recurring retail purchasing.', 'fe5e83d5-d218-4f4d-ae93-8cd9e4a7d50b', 14650, 'USD', 'active', '2026-01-01T00:00:00.000Z', '2026-01-01T00:00:00.000Z'),
  ('561767d4-9130-411c-844c-cb36a4a7a559', 'ATLAS-0214', 'Urban Kitchenware Blend 214', 'Kitchenware wholesale blend for recurring retail purchasing.', 'ed777cfa-0706-4c3c-85cc-946c23610905', 46525, 'USD', 'active', '2026-01-01T00:00:00.000Z', '2026-01-01T00:00:00.000Z'),
  ('89f6f6d7-9ff1-4677-8940-b47381104941', 'ATLAS-0215', 'Summit Packaging Blend 215', 'Packaging wholesale blend for recurring retail purchasing.', 'e49f5686-5547-4ddf-b5da-762d506a352a', 7700, 'USD', 'active', '2026-01-01T00:00:00.000Z', '2026-01-01T00:00:00.000Z'),
  ('2683340e-9eba-4e4a-bfba-7b031bb1f11c', 'ATLAS-0216', 'Harbor Office Blend 216', 'Office wholesale blend for recurring retail purchasing.', '2ebd965d-7629-4f21-b8a8-0e032e24313e', 43100, 'USD', 'active', '2026-01-01T00:00:00.000Z', '2026-01-01T00:00:00.000Z'),
  ('41d35b4c-da52-42d3-b17b-9e407ad9b44a', 'ATLAS-0217', 'Valley Retail Displays Blend 217', 'Retail Displays wholesale blend for recurring retail purchasing.', 'd4f0abea-440d-4308-a8c4-aa0067037676', 23550, 'USD', 'active', '2026-01-01T00:00:00.000Z', '2026-01-01T00:00:00.000Z'),
  ('f54d3522-c8e9-429b-8c9d-3ac546586e4e', 'ATLAS-0218', 'Bright Personal Care Blend 218', 'Personal Care wholesale blend for recurring retail purchasing.', 'cc806d01-f756-4a4a-b0ca-157acef1265b', 48525, 'USD', 'active', '2026-01-01T00:00:00.000Z', '2026-01-01T00:00:00.000Z'),
  ('9027dc63-c1fb-40f7-9497-953c0e361dbb', 'ATLAS-0219', 'North Pet Supplies Blend 219', 'Pet Supplies wholesale blend for recurring retail purchasing.', 'f9846c39-e063-4610-b2b7-9a3ded968eb9', 850, 'USD', 'active', '2026-01-01T00:00:00.000Z', '2026-01-01T00:00:00.000Z'),
  ('d1f99d95-81ec-48c7-a6f0-fbd7b5230ab9', 'ATLAS-0220', 'Union Seasonal Blend 220', 'Seasonal wholesale blend for recurring retail purchasing.', 'e9f5975a-bb65-4756-a287-3748d34370dd', 17825, 'USD', 'active', '2026-01-01T00:00:00.000Z', '2026-01-01T00:00:00.000Z'),
  ('d27f3f46-8b36-46f5-b053-9eafd9bd2ede', 'ATLAS-0221', 'Select Organic Pack 221', 'Organic wholesale pack for recurring retail purchasing.', '0602f02d-e4b5-4510-b62b-7ab23aa98e7f', 40775, 'USD', 'active', '2026-01-01T00:00:00.000Z', '2026-01-01T00:00:00.000Z'),
  ('1c4d07ed-a1dd-4c1c-ac8d-83378ece368c', 'ATLAS-0222', 'Prime Bulk Grains Pack 222', 'Bulk Grains wholesale pack for recurring retail purchasing.', '458987d7-fdc1-40d2-899d-eb5e9dccd290', 27600, 'USD', 'active', '2026-01-01T00:00:00.000Z', '2026-01-01T00:00:00.000Z'),
  ('519a194e-7dde-462d-b992-a471a023cf1a', 'ATLAS-0223', 'Classic Sauces Pack 223', 'Sauces wholesale pack for recurring retail purchasing.', '08858e05-5ad6-4c0a-9039-0a26b7d4cfb6', 25025, 'USD', 'active', '2026-01-01T00:00:00.000Z', '2026-01-01T00:00:00.000Z'),
  ('d3e10c6e-88fe-4540-8ce2-dded1c20c7d1', 'ATLAS-0224', 'Urban Condiments Pack 224', 'Condiments wholesale pack for recurring retail purchasing.', 'e980f345-b5fd-4f72-a36e-ea1514214053', 35175, 'USD', 'active', '2026-01-01T00:00:00.000Z', '2026-01-01T00:00:00.000Z'),
  ('52c96c86-5bc1-4aa5-b1ac-9b914060286f', 'ATLAS-0225', 'Summit Spices Pack 225', 'Spices wholesale pack for recurring retail purchasing.', '9352e306-01c5-4e32-870e-352ce5c8678e', 24850, 'USD', 'active', '2026-01-01T00:00:00.000Z', '2026-01-01T00:00:00.000Z'),
  ('c6ccdedd-ca37-475c-a151-e67f77e873ad', 'ATLAS-0226', 'Harbor Breakfast Pack 226', 'Breakfast wholesale pack for recurring retail purchasing.', '25de9907-f0be-4982-9224-63a8ffc03096', 38475, 'USD', 'active', '2026-01-01T00:00:00.000Z', '2026-01-01T00:00:00.000Z'),
  ('2f0bc16b-6ec5-46b4-8716-0bc340ef0005', 'ATLAS-0227', 'Valley Desserts Pack 227', 'Desserts wholesale pack for recurring retail purchasing.', '4acdcb03-0ee2-4145-83a4-5201e1a14bfd', 43000, 'USD', 'active', '2026-01-01T00:00:00.000Z', '2026-01-01T00:00:00.000Z'),
  ('13a5759b-f3d8-4132-bd8a-bf03553c8ca6', 'ATLAS-0228', 'Bright Prepared Meals Pack 228', 'Prepared Meals wholesale pack for recurring retail purchasing.', '6c25a3eb-f38a-4b4d-86d2-7a34b333034e', 48800, 'USD', 'active', '2026-01-01T00:00:00.000Z', '2026-01-01T00:00:00.000Z'),
  ('fbf76f58-6cc3-4cbb-ac89-1bd9395894a7', 'ATLAS-0229', 'North Bottled Water Pack 229', 'Bottled Water wholesale pack for recurring retail purchasing.', '0571229f-026f-46e1-8059-2222c9b296e9', 43675, 'USD', 'active', '2026-01-01T00:00:00.000Z', '2026-01-01T00:00:00.000Z'),
  ('3e20e48b-cddf-44c7-a361-0f9ff5d3ceaa', 'ATLAS-0230', 'Union Juices Pack 230', 'Juices wholesale pack for recurring retail purchasing.', '9e2ef14c-030a-44e9-8907-93beb89f96cb', 31000, 'USD', 'active', '2026-01-01T00:00:00.000Z', '2026-01-01T00:00:00.000Z'),
  ('88deb5da-a707-4530-aa4b-685d2c9e393d', 'ATLAS-0231', 'Select Energy Drinks Crate 231', 'Energy Drinks wholesale crate for recurring retail purchasing.', 'f29debd9-f943-4ba3-ab57-c7a8f639e50b', 46750, 'USD', 'active', '2026-01-01T00:00:00.000Z', '2026-01-01T00:00:00.000Z'),
  ('4faaa6ef-1603-4b44-a609-fdec537bc049', 'ATLAS-0232', 'Prime Electronics Crate 232', 'Electronics wholesale crate for recurring retail purchasing.', 'f4001c38-c96c-4ec2-9596-e007be968330', 22250, 'USD', 'active', '2026-01-01T00:00:00.000Z', '2026-01-01T00:00:00.000Z'),
  ('a0622b8e-287e-4aef-9c5c-de1da43a498d', 'ATLAS-0233', 'Classic Safety Crate 233', 'Safety wholesale crate for recurring retail purchasing.', 'ed2305e9-613b-43d7-a0df-92d8def6d4f3', 47600, 'USD', 'active', '2026-01-01T00:00:00.000Z', '2026-01-01T00:00:00.000Z'),
  ('38ffa2a5-e376-4964-9b74-b65517d33964', 'ATLAS-0234', 'Urban Apparel Crate 234', 'Apparel wholesale crate for recurring retail purchasing.', '48bc717c-65c8-4600-a379-79c1d8bda2e0', 28775, 'USD', 'active', '2026-01-01T00:00:00.000Z', '2026-01-01T00:00:00.000Z'),
  ('ce77c957-b1b2-4e5e-b9d2-a67cd8c5f4ec', 'ATLAS-0235', 'Summit Pharmacy Crate 235', 'Pharmacy wholesale crate for recurring retail purchasing.', '7c65c5bc-699f-453f-bd58-7d2fc18301f2', 45800, 'USD', 'active', '2026-01-01T00:00:00.000Z', '2026-01-01T00:00:00.000Z'),
  ('9ce284be-fc38-49d0-85c8-baa3b1eea0b3', 'ATLAS-0236', 'Harbor Baby Crate 236', 'Baby wholesale crate for recurring retail purchasing.', '49fa066b-724a-4fcc-b6b0-ed91137bf388', 44850, 'USD', 'discontinued', '2026-01-01T00:00:00.000Z', '2026-01-01T00:00:00.000Z'),
  ('3e4284ba-de4f-4103-a765-ab1514225d67', 'ATLAS-0237', 'Valley Home Crate 237', 'Home wholesale crate for recurring retail purchasing.', '673c8a94-14e5-43ca-9f3b-d770ba7c5000', 2375, 'USD', 'active', '2026-01-01T00:00:00.000Z', '2026-01-01T00:00:00.000Z'),
  ('aa8798e0-52f0-41e8-af00-1a8bb274bd1d', 'ATLAS-0238', 'Bright Garden Crate 238', 'Garden wholesale crate for recurring retail purchasing.', '40031bae-7fa8-42b4-93e7-1d1ff0d1d7a7', 29400, 'USD', 'active', '2026-01-01T00:00:00.000Z', '2026-01-01T00:00:00.000Z'),
  ('88081574-7606-4d94-ba51-1305b6cede96', 'ATLAS-0239', 'North Automotive Crate 239', 'Automotive wholesale crate for recurring retail purchasing.', '095c0d61-2268-4351-98f7-1cdd968bdb9e', 44575, 'USD', 'active', '2026-01-01T00:00:00.000Z', '2026-01-01T00:00:00.000Z'),
  ('4c57b145-ce33-42df-84f4-2619b1a39a35', 'ATLAS-0240', 'Union Hardware Crate 240', 'Hardware wholesale crate for recurring retail purchasing.', '094db390-38ed-4c64-b09d-bca4574d6e21', 5500, 'USD', 'active', '2026-01-01T00:00:00.000Z', '2026-01-01T00:00:00.000Z'),
  ('59174083-490e-44c3-93b0-947384581564', 'ATLAS-0241', 'Select Beverages Bundle 241', 'Beverages wholesale bundle for recurring retail purchasing.', 'f3503737-85ba-4660-962b-89985209518a', 34400, 'USD', 'active', '2026-01-01T00:00:00.000Z', '2026-01-01T00:00:00.000Z'),
  ('b5d41c0d-2fc2-4f64-aa69-58ce119abf90', 'ATLAS-0242', 'Prime Coffee Bundle 242', 'Coffee wholesale bundle for recurring retail purchasing.', 'dbcedcab-3970-4eb2-aa9a-bb1a01af0843', 7050, 'USD', 'active', '2026-01-01T00:00:00.000Z', '2026-01-01T00:00:00.000Z'),
  ('b6e28f3f-7299-4eab-b8fb-da2ea4e2df72', 'ATLAS-0243', 'Classic Tea Bundle 243', 'Tea wholesale bundle for recurring retail purchasing.', 'f345fbe9-4617-4ca0-8d68-216e4f2ede92', 12600, 'USD', 'active', '2026-01-01T00:00:00.000Z', '2026-01-01T00:00:00.000Z'),
  ('adb4a1f3-820e-4121-a305-83c7afe0ffec', 'ATLAS-0244', 'Urban Dairy Bundle 244', 'Dairy wholesale bundle for recurring retail purchasing.', '0f764d4a-40d5-4421-8431-2898b6a8bf5e', 3975, 'USD', 'active', '2026-01-01T00:00:00.000Z', '2026-01-01T00:00:00.000Z'),
  ('18e091a3-4465-44ff-b750-6a58cc7593af', 'ATLAS-0245', 'Summit Bakery Bundle 245', 'Bakery wholesale bundle for recurring retail purchasing.', 'eda4996a-70aa-4520-a16e-9fa40db4dda8', 30925, 'USD', 'active', '2026-01-01T00:00:00.000Z', '2026-01-01T00:00:00.000Z'),
  ('acf74d0a-69f5-4d2d-aff9-dd7df00e7b11', 'ATLAS-0246', 'Harbor Pantry Bundle 246', 'Pantry wholesale bundle for recurring retail purchasing.', '65fdd67d-aeb0-41ad-ab69-968ec08bd213', 40325, 'USD', 'active', '2026-01-01T00:00:00.000Z', '2026-01-01T00:00:00.000Z'),
  ('d4340a4c-d878-4828-a5f9-660e61fb73d6', 'ATLAS-0247', 'Valley Snacks Bundle 247', 'Snacks wholesale bundle for recurring retail purchasing.', '7cd47fe0-613c-4468-9ab3-a2b5f044694c', 4525, 'USD', 'active', '2026-01-01T00:00:00.000Z', '2026-01-01T00:00:00.000Z'),
  ('f4c31e1b-6c4e-476c-b50d-0e30a6bc5ef6', 'ATLAS-0248', 'Bright Frozen Bundle 248', 'Frozen wholesale bundle for recurring retail purchasing.', '6950fe24-a744-4d61-8f13-a767230601a0', 37950, 'USD', 'active', '2026-01-01T00:00:00.000Z', '2026-01-01T00:00:00.000Z'),
  ('7f029287-c6e5-4085-816d-0f0b8eb4ee4d', 'ATLAS-0249', 'North Produce Bundle 249', 'Produce wholesale bundle for recurring retail purchasing.', 'de302add-40f9-423d-bc08-6884f394da8b', 45200, 'USD', 'active', '2026-01-01T00:00:00.000Z', '2026-01-01T00:00:00.000Z'),
  ('5f8ca3bb-a522-45a0-b689-a339b0dc9053', 'ATLAS-0250', 'Union Meat Bundle 250', 'Meat wholesale bundle for recurring retail purchasing.', '2ef5a513-3cdc-4f5c-af7e-2127f77bc0ad', 43675, 'USD', 'active', '2026-01-01T00:00:00.000Z', '2026-01-01T00:00:00.000Z'),
  ('404f6987-260d-4286-bd81-5e88ef419484', 'ATLAS-0251', 'Select Seafood Mix 251', 'Seafood wholesale mix for recurring retail purchasing.', '2e48c052-32d1-4e1c-9657-435c44a724b7', 6350, 'USD', 'active', '2026-01-01T00:00:00.000Z', '2026-01-01T00:00:00.000Z'),
  ('e596e36c-8cf9-4c22-81d0-b8cb9d7d5504', 'ATLAS-0252', 'Prime Cleaning Mix 252', 'Cleaning wholesale mix for recurring retail purchasing.', '48326310-e6be-4c9a-b8a7-6c94d3cda832', 2750, 'USD', 'active', '2026-01-01T00:00:00.000Z', '2026-01-01T00:00:00.000Z'),
  ('af9db929-d0dc-44d5-aa17-09fe1f646bbc', 'ATLAS-0253', 'Classic Paper Goods Mix 253', 'Paper Goods wholesale mix for recurring retail purchasing.', 'fe5e83d5-d218-4f4d-ae93-8cd9e4a7d50b', 37300, 'USD', 'active', '2026-01-01T00:00:00.000Z', '2026-01-01T00:00:00.000Z'),
  ('b416f6c5-f5fc-4c46-b2f2-347ee5960ae1', 'ATLAS-0254', 'Urban Kitchenware Mix 254', 'Kitchenware wholesale mix for recurring retail purchasing.', 'ed777cfa-0706-4c3c-85cc-946c23610905', 21450, 'USD', 'active', '2026-01-01T00:00:00.000Z', '2026-01-01T00:00:00.000Z'),
  ('dd00469e-0112-4c1a-a347-6fda1328a679', 'ATLAS-0255', 'Summit Packaging Mix 255', 'Packaging wholesale mix for recurring retail purchasing.', 'e49f5686-5547-4ddf-b5da-762d506a352a', 38200, 'USD', 'active', '2026-01-01T00:00:00.000Z', '2026-01-01T00:00:00.000Z'),
  ('fc3c3a7c-4ed7-4eb7-93e5-46b2a45bc756', 'ATLAS-0256', 'Harbor Office Mix 256', 'Office wholesale mix for recurring retail purchasing.', '2ebd965d-7629-4f21-b8a8-0e032e24313e', 48075, 'USD', 'active', '2026-01-01T00:00:00.000Z', '2026-01-01T00:00:00.000Z'),
  ('2fc77a91-986a-40b3-bec7-6db957bd2510', 'ATLAS-0257', 'Valley Retail Displays Mix 257', 'Retail Displays wholesale mix for recurring retail purchasing.', 'd4f0abea-440d-4308-a8c4-aa0067037676', 36625, 'USD', 'active', '2026-01-01T00:00:00.000Z', '2026-01-01T00:00:00.000Z'),
  ('75ec2687-6a9a-43da-ac59-e3a4943defad', 'ATLAS-0258', 'Bright Personal Care Mix 258', 'Personal Care wholesale mix for recurring retail purchasing.', 'cc806d01-f756-4a4a-b0ca-157acef1265b', 46575, 'USD', 'active', '2026-01-01T00:00:00.000Z', '2026-01-01T00:00:00.000Z'),
  ('119bfb2e-9729-4912-995d-bc721f86d385', 'ATLAS-0259', 'North Pet Supplies Mix 259', 'Pet Supplies wholesale mix for recurring retail purchasing.', 'f9846c39-e063-4610-b2b7-9a3ded968eb9', 45625, 'USD', 'active', '2026-01-01T00:00:00.000Z', '2026-01-01T00:00:00.000Z'),
  ('deabf987-1351-424a-b1ab-603efca5295c', 'ATLAS-0260', 'Union Seasonal Mix 260', 'Seasonal wholesale mix for recurring retail purchasing.', 'e9f5975a-bb65-4756-a287-3748d34370dd', 22750, 'USD', 'active', '2026-01-01T00:00:00.000Z', '2026-01-01T00:00:00.000Z'),
  ('312f691f-9425-48d5-af39-b53cdb185202', 'ATLAS-0261', 'Select Organic Reserve 261', 'Organic wholesale reserve for recurring retail purchasing.', '0602f02d-e4b5-4510-b62b-7ab23aa98e7f', 1750, 'USD', 'active', '2026-01-01T00:00:00.000Z', '2026-01-01T00:00:00.000Z'),
  ('310eac40-31b5-4186-9739-507c590df925', 'ATLAS-0262', 'Prime Bulk Grains Reserve 262', 'Bulk Grains wholesale reserve for recurring retail purchasing.', '458987d7-fdc1-40d2-899d-eb5e9dccd290', 29650, 'USD', 'active', '2026-01-01T00:00:00.000Z', '2026-01-01T00:00:00.000Z'),
  ('4ad0c4fd-70b7-4f05-8b2d-b5e67d62639a', 'ATLAS-0263', 'Classic Sauces Reserve 263', 'Sauces wholesale reserve for recurring retail purchasing.', '08858e05-5ad6-4c0a-9039-0a26b7d4cfb6', 34850, 'USD', 'active', '2026-01-01T00:00:00.000Z', '2026-01-01T00:00:00.000Z'),
  ('5d4ea3a2-963e-45a8-b12e-308a1ba18d8b', 'ATLAS-0264', 'Urban Condiments Reserve 264', 'Condiments wholesale reserve for recurring retail purchasing.', 'e980f345-b5fd-4f72-a36e-ea1514214053', 2975, 'USD', 'active', '2026-01-01T00:00:00.000Z', '2026-01-01T00:00:00.000Z'),
  ('c65931ec-a07e-4620-82bb-f610688b9286', 'ATLAS-0265', 'Summit Spices Reserve 265', 'Spices wholesale reserve for recurring retail purchasing.', '9352e306-01c5-4e32-870e-352ce5c8678e', 18925, 'USD', 'active', '2026-01-01T00:00:00.000Z', '2026-01-01T00:00:00.000Z'),
  ('5c3eeaef-52b1-49f7-944c-b6ac685f9165', 'ATLAS-0266', 'Harbor Breakfast Reserve 266', 'Breakfast wholesale reserve for recurring retail purchasing.', '25de9907-f0be-4982-9224-63a8ffc03096', 31225, 'USD', 'active', '2026-01-01T00:00:00.000Z', '2026-01-01T00:00:00.000Z'),
  ('f5fb2f2f-bcc0-4620-b96a-1f8b8b1afc6a', 'ATLAS-0267', 'Valley Desserts Reserve 267', 'Desserts wholesale reserve for recurring retail purchasing.', '4acdcb03-0ee2-4145-83a4-5201e1a14bfd', 25375, 'USD', 'active', '2026-01-01T00:00:00.000Z', '2026-01-01T00:00:00.000Z'),
  ('ae4491c6-33c3-475e-8da9-a527677b18f8', 'ATLAS-0268', 'Bright Prepared Meals Reserve 268', 'Prepared Meals wholesale reserve for recurring retail purchasing.', '6c25a3eb-f38a-4b4d-86d2-7a34b333034e', 9375, 'USD', 'active', '2026-01-01T00:00:00.000Z', '2026-01-01T00:00:00.000Z'),
  ('b0a201df-8224-43e5-b227-c7dbfb9afa1d', 'ATLAS-0269', 'North Bottled Water Reserve 269', 'Bottled Water wholesale reserve for recurring retail purchasing.', '0571229f-026f-46e1-8059-2222c9b296e9', 11925, 'USD', 'active', '2026-01-01T00:00:00.000Z', '2026-01-01T00:00:00.000Z'),
  ('d59d6d42-c36e-4393-b575-8b5363e823d0', 'ATLAS-0270', 'Union Juices Reserve 270', 'Juices wholesale reserve for recurring retail purchasing.', '9e2ef14c-030a-44e9-8907-93beb89f96cb', 27050, 'USD', 'active', '2026-01-01T00:00:00.000Z', '2026-01-01T00:00:00.000Z'),
  ('cd683ed4-860f-4ec0-87df-142cb95feeb3', 'ATLAS-0271', 'Select Energy Drinks Supply 271', 'Energy Drinks wholesale supply for recurring retail purchasing.', 'f29debd9-f943-4ba3-ab57-c7a8f639e50b', 16175, 'USD', 'active', '2026-01-01T00:00:00.000Z', '2026-01-01T00:00:00.000Z'),
  ('bd8c75be-07d5-4e6a-b903-073a728b18f9', 'ATLAS-0272', 'Prime Electronics Supply 272', 'Electronics wholesale supply for recurring retail purchasing.', 'f4001c38-c96c-4ec2-9596-e007be968330', 3000, 'USD', 'active', '2026-01-01T00:00:00.000Z', '2026-01-01T00:00:00.000Z'),
  ('73ba2a60-507c-47a6-b7cd-b26ca8591d6e', 'ATLAS-0273', 'Classic Safety Supply 273', 'Safety wholesale supply for recurring retail purchasing.', 'ed2305e9-613b-43d7-a0df-92d8def6d4f3', 13525, 'USD', 'active', '2026-01-01T00:00:00.000Z', '2026-01-01T00:00:00.000Z'),
  ('90788869-9bab-4fde-b2c9-52d6fbc05d6d', 'ATLAS-0274', 'Urban Apparel Supply 274', 'Apparel wholesale supply for recurring retail purchasing.', '48bc717c-65c8-4600-a379-79c1d8bda2e0', 45050, 'USD', 'active', '2026-01-01T00:00:00.000Z', '2026-01-01T00:00:00.000Z'),
  ('a4c00f15-9d4f-48db-8b07-5d1cf390f954', 'ATLAS-0275', 'Summit Pharmacy Supply 275', 'Pharmacy wholesale supply for recurring retail purchasing.', '7c65c5bc-699f-453f-bd58-7d2fc18301f2', 15750, 'USD', 'active', '2026-01-01T00:00:00.000Z', '2026-01-01T00:00:00.000Z'),
  ('22af4cd3-f7ba-4aae-b108-b7fc680c386b', 'ATLAS-0276', 'Harbor Baby Supply 276', 'Baby wholesale supply for recurring retail purchasing.', '49fa066b-724a-4fcc-b6b0-ed91137bf388', 4325, 'USD', 'active', '2026-01-01T00:00:00.000Z', '2026-01-01T00:00:00.000Z'),
  ('802219be-bcd1-4a9c-bae5-57b469f1274f', 'ATLAS-0277', 'Valley Home Supply 277', 'Home wholesale supply for recurring retail purchasing.', '673c8a94-14e5-43ca-9f3b-d770ba7c5000', 6300, 'USD', 'active', '2026-01-01T00:00:00.000Z', '2026-01-01T00:00:00.000Z'),
  ('5d90f7e1-d51a-49e4-8d6b-f1a443e194e7', 'ATLAS-0278', 'Bright Garden Supply 278', 'Garden wholesale supply for recurring retail purchasing.', '40031bae-7fa8-42b4-93e7-1d1ff0d1d7a7', 19875, 'USD', 'active', '2026-01-01T00:00:00.000Z', '2026-01-01T00:00:00.000Z'),
  ('8507b5ea-2674-4f4a-b08c-bc14fe4a38e4', 'ATLAS-0279', 'North Automotive Supply 279', 'Automotive wholesale supply for recurring retail purchasing.', '095c0d61-2268-4351-98f7-1cdd968bdb9e', 37550, 'USD', 'active', '2026-01-01T00:00:00.000Z', '2026-01-01T00:00:00.000Z'),
  ('03f645a7-68cb-4f56-93d0-abc165cd32b2', 'ATLAS-0280', 'Union Hardware Supply 280', 'Hardware wholesale supply for recurring retail purchasing.', '094db390-38ed-4c64-b09d-bca4574d6e21', 23175, 'USD', 'active', '2026-01-01T00:00:00.000Z', '2026-01-01T00:00:00.000Z'),
  ('89f53cc4-5512-4857-b60a-c55c62a5996e', 'ATLAS-0281', 'Select Beverages Carton 281', 'Beverages wholesale carton for recurring retail purchasing.', 'f3503737-85ba-4660-962b-89985209518a', 7725, 'USD', 'active', '2026-01-01T00:00:00.000Z', '2026-01-01T00:00:00.000Z'),
  ('946ef554-ca8f-4551-8a6c-fc74bf4a5621', 'ATLAS-0282', 'Prime Coffee Carton 282', 'Coffee wholesale carton for recurring retail purchasing.', 'dbcedcab-3970-4eb2-aa9a-bb1a01af0843', 19525, 'USD', 'active', '2026-01-01T00:00:00.000Z', '2026-01-01T00:00:00.000Z'),
  ('a5376734-715a-4a86-bc3d-eb44d0d7c9ae', 'ATLAS-0283', 'Classic Tea Carton 283', 'Tea wholesale carton for recurring retail purchasing.', 'f345fbe9-4617-4ca0-8d68-216e4f2ede92', 31175, 'USD', 'discontinued', '2026-01-01T00:00:00.000Z', '2026-01-01T00:00:00.000Z'),
  ('f08a0f31-60a7-4543-9b8c-eb54383cdf96', 'ATLAS-0284', 'Urban Dairy Carton 284', 'Dairy wholesale carton for recurring retail purchasing.', '0f764d4a-40d5-4421-8431-2898b6a8bf5e', 7650, 'USD', 'active', '2026-01-01T00:00:00.000Z', '2026-01-01T00:00:00.000Z'),
  ('4e1decc8-ca73-4b65-92da-8f708e0b8472', 'ATLAS-0285', 'Summit Bakery Carton 285', 'Bakery wholesale carton for recurring retail purchasing.', 'eda4996a-70aa-4520-a16e-9fa40db4dda8', 16375, 'USD', 'active', '2026-01-01T00:00:00.000Z', '2026-01-01T00:00:00.000Z'),
  ('2010f59e-ff53-4941-ae82-f2754c879407', 'ATLAS-0286', 'Harbor Pantry Carton 286', 'Pantry wholesale carton for recurring retail purchasing.', '65fdd67d-aeb0-41ad-ab69-968ec08bd213', 23825, 'USD', 'active', '2026-01-01T00:00:00.000Z', '2026-01-01T00:00:00.000Z'),
  ('74377658-b0ba-4e2a-ae1f-ef75b90c11b7', 'ATLAS-0287', 'Valley Snacks Carton 287', 'Snacks wholesale carton for recurring retail purchasing.', '7cd47fe0-613c-4468-9ab3-a2b5f044694c', 26975, 'USD', 'active', '2026-01-01T00:00:00.000Z', '2026-01-01T00:00:00.000Z'),
  ('ae69e2e7-ec7a-4131-9638-9aa02e1a9ce0', 'ATLAS-0288', 'Bright Frozen Carton 288', 'Frozen wholesale carton for recurring retail purchasing.', '6950fe24-a744-4d61-8f13-a767230601a0', 34875, 'USD', 'active', '2026-01-01T00:00:00.000Z', '2026-01-01T00:00:00.000Z'),
  ('48cf3532-2ba1-4b89-8c29-309c0c5f1d91', 'ATLAS-0289', 'North Produce Carton 289', 'Produce wholesale carton for recurring retail purchasing.', 'de302add-40f9-423d-bc08-6884f394da8b', 39825, 'USD', 'active', '2026-01-01T00:00:00.000Z', '2026-01-01T00:00:00.000Z'),
  ('a6151f99-e94f-45e5-a90f-058b5efb58be', 'ATLAS-0290', 'Union Meat Carton 290', 'Meat wholesale carton for recurring retail purchasing.', '2ef5a513-3cdc-4f5c-af7e-2127f77bc0ad', 46425, 'USD', 'active', '2026-01-01T00:00:00.000Z', '2026-01-01T00:00:00.000Z'),
  ('fe7b87ac-2f0f-4654-93fc-ea0b88251909', 'ATLAS-0291', 'Select Seafood Lot 291', 'Seafood wholesale lot for recurring retail purchasing.', '2e48c052-32d1-4e1c-9657-435c44a724b7', 32175, 'USD', 'active', '2026-01-01T00:00:00.000Z', '2026-01-01T00:00:00.000Z'),
  ('526cc7cf-bdf2-4465-8b46-6d5ff48edb62', 'ATLAS-0292', 'Prime Cleaning Lot 292', 'Cleaning wholesale lot for recurring retail purchasing.', '48326310-e6be-4c9a-b8a7-6c94d3cda832', 5900, 'USD', 'active', '2026-01-01T00:00:00.000Z', '2026-01-01T00:00:00.000Z'),
  ('53bcdf78-1757-493d-be4e-e25abdb911e2', 'ATLAS-0293', 'Classic Paper Goods Lot 293', 'Paper Goods wholesale lot for recurring retail purchasing.', 'fe5e83d5-d218-4f4d-ae93-8cd9e4a7d50b', 46525, 'USD', 'active', '2026-01-01T00:00:00.000Z', '2026-01-01T00:00:00.000Z'),
  ('a0ee6d68-15bc-4a51-b5fb-2b259b83087f', 'ATLAS-0294', 'Urban Kitchenware Lot 294', 'Kitchenware wholesale lot for recurring retail purchasing.', 'ed777cfa-0706-4c3c-85cc-946c23610905', 47975, 'USD', 'active', '2026-01-01T00:00:00.000Z', '2026-01-01T00:00:00.000Z'),
  ('a00398aa-b9a7-4924-b23f-e80675d3851c', 'ATLAS-0295', 'Summit Packaging Lot 295', 'Packaging wholesale lot for recurring retail purchasing.', 'e49f5686-5547-4ddf-b5da-762d506a352a', 20450, 'USD', 'active', '2026-01-01T00:00:00.000Z', '2026-01-01T00:00:00.000Z'),
  ('03c95365-8288-4c22-a246-cce55cf22438', 'ATLAS-0296', 'Harbor Office Lot 296', 'Office wholesale lot for recurring retail purchasing.', '2ebd965d-7629-4f21-b8a8-0e032e24313e', 43375, 'USD', 'active', '2026-01-01T00:00:00.000Z', '2026-01-01T00:00:00.000Z'),
  ('ae50e65e-3dce-41a9-a36a-bf2a62795c59', 'ATLAS-0297', 'Valley Retail Displays Lot 297', 'Retail Displays wholesale lot for recurring retail purchasing.', 'd4f0abea-440d-4308-a8c4-aa0067037676', 31450, 'USD', 'active', '2026-01-01T00:00:00.000Z', '2026-01-01T00:00:00.000Z'),
  ('07579142-e55e-4af3-9257-2c1cfc33a2ee', 'ATLAS-0298', 'Bright Personal Care Lot 298', 'Personal Care wholesale lot for recurring retail purchasing.', 'cc806d01-f756-4a4a-b0ca-157acef1265b', 25350, 'USD', 'active', '2026-01-01T00:00:00.000Z', '2026-01-01T00:00:00.000Z'),
  ('de410ae7-84c1-488b-837c-9400fc467c1d', 'ATLAS-0299', 'North Pet Supplies Lot 299', 'Pet Supplies wholesale lot for recurring retail purchasing.', 'f9846c39-e063-4610-b2b7-9a3ded968eb9', 22425, 'USD', 'active', '2026-01-01T00:00:00.000Z', '2026-01-01T00:00:00.000Z'),
  ('22065e5a-7907-44f9-8cde-239274567541', 'ATLAS-0300', 'Union Seasonal Lot 300', 'Seasonal wholesale lot for recurring retail purchasing.', 'e9f5975a-bb65-4756-a287-3748d34370dd', 19850, 'USD', 'active', '2026-01-01T00:00:00.000Z', '2026-01-01T00:00:00.000Z'),
  ('73cba285-058f-468c-bd59-66c7426ffb74', 'ATLAS-0301', 'Select Organic Case 301', 'Organic wholesale case for recurring retail purchasing.', '0602f02d-e4b5-4510-b62b-7ab23aa98e7f', 22750, 'USD', 'active', '2026-01-01T00:00:00.000Z', '2026-01-01T00:00:00.000Z'),
  ('64e54fc3-3ff4-4b01-8e4b-9b406af34f91', 'ATLAS-0302', 'Prime Bulk Grains Case 302', 'Bulk Grains wholesale case for recurring retail purchasing.', '458987d7-fdc1-40d2-899d-eb5e9dccd290', 20350, 'USD', 'active', '2026-01-01T00:00:00.000Z', '2026-01-01T00:00:00.000Z'),
  ('069bc54f-3d6e-452a-8a37-5eadbe06a2d2', 'ATLAS-0303', 'Classic Sauces Case 303', 'Sauces wholesale case for recurring retail purchasing.', '08858e05-5ad6-4c0a-9039-0a26b7d4cfb6', 8625, 'USD', 'active', '2026-01-01T00:00:00.000Z', '2026-01-01T00:00:00.000Z'),
  ('a342ab2e-7073-4dc3-9d0e-4069d83445e4', 'ATLAS-0304', 'Urban Condiments Case 304', 'Condiments wholesale case for recurring retail purchasing.', 'e980f345-b5fd-4f72-a36e-ea1514214053', 11150, 'USD', 'active', '2026-01-01T00:00:00.000Z', '2026-01-01T00:00:00.000Z'),
  ('f34c7f43-e851-4cbf-9365-72ddf98b5d2a', 'ATLAS-0305', 'Summit Spices Case 305', 'Spices wholesale case for recurring retail purchasing.', '9352e306-01c5-4e32-870e-352ce5c8678e', 16700, 'USD', 'active', '2026-01-01T00:00:00.000Z', '2026-01-01T00:00:00.000Z'),
  ('7bea52da-6877-4dd3-b5aa-fa54e03a87b7', 'ATLAS-0306', 'Harbor Breakfast Case 306', 'Breakfast wholesale case for recurring retail purchasing.', '25de9907-f0be-4982-9224-63a8ffc03096', 30250, 'USD', 'active', '2026-01-01T00:00:00.000Z', '2026-01-01T00:00:00.000Z'),
  ('d1f270f6-07ff-4552-9029-e65da837d49e', 'ATLAS-0307', 'Valley Desserts Case 307', 'Desserts wholesale case for recurring retail purchasing.', '4acdcb03-0ee2-4145-83a4-5201e1a14bfd', 40250, 'USD', 'active', '2026-01-01T00:00:00.000Z', '2026-01-01T00:00:00.000Z'),
  ('7a779a3a-1ef0-4d9c-9426-b3c14fc72aa8', 'ATLAS-0308', 'Bright Prepared Meals Case 308', 'Prepared Meals wholesale case for recurring retail purchasing.', '6c25a3eb-f38a-4b4d-86d2-7a34b333034e', 3925, 'USD', 'active', '2026-01-01T00:00:00.000Z', '2026-01-01T00:00:00.000Z'),
  ('f546eb6c-43e3-4565-8fa3-364c38368b79', 'ATLAS-0309', 'North Bottled Water Case 309', 'Bottled Water wholesale case for recurring retail purchasing.', '0571229f-026f-46e1-8059-2222c9b296e9', 47925, 'USD', 'active', '2026-01-01T00:00:00.000Z', '2026-01-01T00:00:00.000Z'),
  ('40344edd-4456-4ac2-9d01-a38665b3f7b0', 'ATLAS-0310', 'Union Juices Case 310', 'Juices wholesale case for recurring retail purchasing.', '9e2ef14c-030a-44e9-8907-93beb89f96cb', 48875, 'USD', 'active', '2026-01-01T00:00:00.000Z', '2026-01-01T00:00:00.000Z'),
  ('5a4d3546-c839-4a76-9d3c-86bb61b0a633', 'ATLAS-0311', 'Select Energy Drinks Blend 311', 'Energy Drinks wholesale blend for recurring retail purchasing.', 'f29debd9-f943-4ba3-ab57-c7a8f639e50b', 18725, 'USD', 'active', '2026-01-01T00:00:00.000Z', '2026-01-01T00:00:00.000Z'),
  ('ac564546-b3c5-441b-9ab8-fa16c41bca56', 'ATLAS-0312', 'Prime Electronics Blend 312', 'Electronics wholesale blend for recurring retail purchasing.', 'f4001c38-c96c-4ec2-9596-e007be968330', 7225, 'USD', 'active', '2026-01-01T00:00:00.000Z', '2026-01-01T00:00:00.000Z'),
  ('b63d4bb7-8567-43ea-89e1-1844fcf711e0', 'ATLAS-0313', 'Classic Safety Blend 313', 'Safety wholesale blend for recurring retail purchasing.', 'ed2305e9-613b-43d7-a0df-92d8def6d4f3', 2300, 'USD', 'active', '2026-01-01T00:00:00.000Z', '2026-01-01T00:00:00.000Z'),
  ('14766977-4985-48fe-9ba7-daa5135dea4d', 'ATLAS-0314', 'Urban Apparel Blend 314', 'Apparel wholesale blend for recurring retail purchasing.', '48bc717c-65c8-4600-a379-79c1d8bda2e0', 23625, 'USD', 'active', '2026-01-01T00:00:00.000Z', '2026-01-01T00:00:00.000Z'),
  ('359b2091-6111-4510-8776-26efcf1aa4b4', 'ATLAS-0315', 'Summit Pharmacy Blend 315', 'Pharmacy wholesale blend for recurring retail purchasing.', '7c65c5bc-699f-453f-bd58-7d2fc18301f2', 2700, 'USD', 'active', '2026-01-01T00:00:00.000Z', '2026-01-01T00:00:00.000Z'),
  ('3c4c4648-1386-405b-9bed-bb0d3f51d6d4', 'ATLAS-0316', 'Harbor Baby Blend 316', 'Baby wholesale blend for recurring retail purchasing.', '49fa066b-724a-4fcc-b6b0-ed91137bf388', 25375, 'USD', 'active', '2026-01-01T00:00:00.000Z', '2026-01-01T00:00:00.000Z'),
  ('5098bd53-ba3e-4394-af11-9ceac4cd485c', 'ATLAS-0317', 'Valley Home Blend 317', 'Home wholesale blend for recurring retail purchasing.', '673c8a94-14e5-43ca-9f3b-d770ba7c5000', 23100, 'USD', 'active', '2026-01-01T00:00:00.000Z', '2026-01-01T00:00:00.000Z'),
  ('b468529f-4b7b-4d1b-944e-47c59c133b50', 'ATLAS-0318', 'Bright Garden Blend 318', 'Garden wholesale blend for recurring retail purchasing.', '40031bae-7fa8-42b4-93e7-1d1ff0d1d7a7', 12350, 'USD', 'active', '2026-01-01T00:00:00.000Z', '2026-01-01T00:00:00.000Z'),
  ('86700916-9ab2-46ad-a3b9-2c576ac171a4', 'ATLAS-0319', 'North Automotive Blend 319', 'Automotive wholesale blend for recurring retail purchasing.', '095c0d61-2268-4351-98f7-1cdd968bdb9e', 32625, 'USD', 'active', '2026-01-01T00:00:00.000Z', '2026-01-01T00:00:00.000Z'),
  ('26764daa-f7bf-46f2-acb0-577358a04d36', 'ATLAS-0320', 'Union Hardware Blend 320', 'Hardware wholesale blend for recurring retail purchasing.', '094db390-38ed-4c64-b09d-bca4574d6e21', 29125, 'USD', 'active', '2026-01-01T00:00:00.000Z', '2026-01-01T00:00:00.000Z'),
  ('77879af6-30cc-449e-8a36-be24f0239eb2', 'ATLAS-0321', 'Select Beverages Pack 321', 'Beverages wholesale pack for recurring retail purchasing.', 'f3503737-85ba-4660-962b-89985209518a', 40875, 'USD', 'active', '2026-01-01T00:00:00.000Z', '2026-01-01T00:00:00.000Z'),
  ('9133c449-81bd-411f-bf5e-d5008337e138', 'ATLAS-0322', 'Prime Coffee Pack 322', 'Coffee wholesale pack for recurring retail purchasing.', 'dbcedcab-3970-4eb2-aa9a-bb1a01af0843', 36800, 'USD', 'active', '2026-01-01T00:00:00.000Z', '2026-01-01T00:00:00.000Z'),
  ('e8752e38-c710-489d-863d-046be8b82184', 'ATLAS-0323', 'Classic Tea Pack 323', 'Tea wholesale pack for recurring retail purchasing.', 'f345fbe9-4617-4ca0-8d68-216e4f2ede92', 14775, 'USD', 'active', '2026-01-01T00:00:00.000Z', '2026-01-01T00:00:00.000Z'),
  ('0e13d47a-a090-4c0f-af86-7238bef95a50', 'ATLAS-0324', 'Urban Dairy Pack 324', 'Dairy wholesale pack for recurring retail purchasing.', '0f764d4a-40d5-4421-8431-2898b6a8bf5e', 3525, 'USD', 'active', '2026-01-01T00:00:00.000Z', '2026-01-01T00:00:00.000Z'),
  ('01b40a4a-cf4b-4d57-b2d7-7801f41f85c2', 'ATLAS-0325', 'Summit Bakery Pack 325', 'Bakery wholesale pack for recurring retail purchasing.', 'eda4996a-70aa-4520-a16e-9fa40db4dda8', 40700, 'USD', 'active', '2026-01-01T00:00:00.000Z', '2026-01-01T00:00:00.000Z'),
  ('b9a8d14d-4673-4d4d-95f7-f732ab5ad9cd', 'ATLAS-0326', 'Harbor Pantry Pack 326', 'Pantry wholesale pack for recurring retail purchasing.', '65fdd67d-aeb0-41ad-ab69-968ec08bd213', 29050, 'USD', 'active', '2026-01-01T00:00:00.000Z', '2026-01-01T00:00:00.000Z'),
  ('ff8567da-1057-409f-aa6a-de16a4d65f0d', 'ATLAS-0327', 'Valley Snacks Pack 327', 'Snacks wholesale pack for recurring retail purchasing.', '7cd47fe0-613c-4468-9ab3-a2b5f044694c', 13175, 'USD', 'active', '2026-01-01T00:00:00.000Z', '2026-01-01T00:00:00.000Z'),
  ('d6583177-75fc-4408-916a-8e546ba6cb2f', 'ATLAS-0328', 'Bright Frozen Pack 328', 'Frozen wholesale pack for recurring retail purchasing.', '6950fe24-a744-4d61-8f13-a767230601a0', 18050, 'USD', 'active', '2026-01-01T00:00:00.000Z', '2026-01-01T00:00:00.000Z'),
  ('a8cd55ed-3356-4019-a7a0-654bd6679447', 'ATLAS-0329', 'North Produce Pack 329', 'Produce wholesale pack for recurring retail purchasing.', 'de302add-40f9-423d-bc08-6884f394da8b', 1275, 'USD', 'active', '2026-01-01T00:00:00.000Z', '2026-01-01T00:00:00.000Z'),
  ('0cd0bd0c-1159-4dc1-ad34-530be69f5827', 'ATLAS-0330', 'Union Meat Pack 330', 'Meat wholesale pack for recurring retail purchasing.', '2ef5a513-3cdc-4f5c-af7e-2127f77bc0ad', 18675, 'USD', 'discontinued', '2026-01-01T00:00:00.000Z', '2026-01-01T00:00:00.000Z'),
  ('b252925c-ec2e-4646-8c1b-18ab2a06e825', 'ATLAS-0331', 'Select Seafood Crate 331', 'Seafood wholesale crate for recurring retail purchasing.', '2e48c052-32d1-4e1c-9657-435c44a724b7', 39450, 'USD', 'active', '2026-01-01T00:00:00.000Z', '2026-01-01T00:00:00.000Z'),
  ('496d212b-470e-4a40-bcdd-dbb50d61be63', 'ATLAS-0332', 'Prime Cleaning Crate 332', 'Cleaning wholesale crate for recurring retail purchasing.', '48326310-e6be-4c9a-b8a7-6c94d3cda832', 43725, 'USD', 'active', '2026-01-01T00:00:00.000Z', '2026-01-01T00:00:00.000Z'),
  ('bc597232-61a7-4e56-8985-290e5a91c8c0', 'ATLAS-0333', 'Classic Paper Goods Crate 333', 'Paper Goods wholesale crate for recurring retail purchasing.', 'fe5e83d5-d218-4f4d-ae93-8cd9e4a7d50b', 22550, 'USD', 'active', '2026-01-01T00:00:00.000Z', '2026-01-01T00:00:00.000Z'),
  ('27c6edfc-5ee8-4edc-8829-c5391fa41e3b', 'ATLAS-0334', 'Urban Kitchenware Crate 334', 'Kitchenware wholesale crate for recurring retail purchasing.', 'ed777cfa-0706-4c3c-85cc-946c23610905', 12450, 'USD', 'active', '2026-01-01T00:00:00.000Z', '2026-01-01T00:00:00.000Z'),
  ('5bf54ffa-b216-4bf6-965e-ad32671b223c', 'ATLAS-0335', 'Summit Packaging Crate 335', 'Packaging wholesale crate for recurring retail purchasing.', 'e49f5686-5547-4ddf-b5da-762d506a352a', 32475, 'USD', 'active', '2026-01-01T00:00:00.000Z', '2026-01-01T00:00:00.000Z'),
  ('43a2d2d6-3423-4049-a863-8016f034b6de', 'ATLAS-0336', 'Harbor Office Crate 336', 'Office wholesale crate for recurring retail purchasing.', '2ebd965d-7629-4f21-b8a8-0e032e24313e', 23675, 'USD', 'active', '2026-01-01T00:00:00.000Z', '2026-01-01T00:00:00.000Z'),
  ('f5b7a9b6-4d38-4a6e-a035-63da867b6ee2', 'ATLAS-0337', 'Valley Retail Displays Crate 337', 'Retail Displays wholesale crate for recurring retail purchasing.', 'd4f0abea-440d-4308-a8c4-aa0067037676', 10525, 'USD', 'active', '2026-01-01T00:00:00.000Z', '2026-01-01T00:00:00.000Z'),
  ('4be315d0-d2c2-44e9-931f-4869b03ac766', 'ATLAS-0338', 'Bright Personal Care Crate 338', 'Personal Care wholesale crate for recurring retail purchasing.', 'cc806d01-f756-4a4a-b0ca-157acef1265b', 39325, 'USD', 'active', '2026-01-01T00:00:00.000Z', '2026-01-01T00:00:00.000Z'),
  ('1fe7d2de-40ca-4f52-9742-7b46eb99f466', 'ATLAS-0339', 'North Pet Supplies Crate 339', 'Pet Supplies wholesale crate for recurring retail purchasing.', 'f9846c39-e063-4610-b2b7-9a3ded968eb9', 13100, 'USD', 'active', '2026-01-01T00:00:00.000Z', '2026-01-01T00:00:00.000Z'),
  ('e6fb3ea7-36a6-4ec1-9c88-5d7bfd7a05bf', 'ATLAS-0340', 'Union Seasonal Crate 340', 'Seasonal wholesale crate for recurring retail purchasing.', 'e9f5975a-bb65-4756-a287-3748d34370dd', 49150, 'USD', 'active', '2026-01-01T00:00:00.000Z', '2026-01-01T00:00:00.000Z'),
  ('2acd0253-6f09-46e9-a253-1937bede6d08', 'ATLAS-0341', 'Select Organic Bundle 341', 'Organic wholesale bundle for recurring retail purchasing.', '0602f02d-e4b5-4510-b62b-7ab23aa98e7f', 32675, 'USD', 'active', '2026-01-01T00:00:00.000Z', '2026-01-01T00:00:00.000Z'),
  ('98b09ac3-3d36-4e2f-8566-987288c18e44', 'ATLAS-0342', 'Prime Bulk Grains Bundle 342', 'Bulk Grains wholesale bundle for recurring retail purchasing.', '458987d7-fdc1-40d2-899d-eb5e9dccd290', 11000, 'USD', 'active', '2026-01-01T00:00:00.000Z', '2026-01-01T00:00:00.000Z'),
  ('5f106ac1-1e8e-4bef-8581-718ac309319e', 'ATLAS-0343', 'Classic Sauces Bundle 343', 'Sauces wholesale bundle for recurring retail purchasing.', '08858e05-5ad6-4c0a-9039-0a26b7d4cfb6', 46600, 'USD', 'active', '2026-01-01T00:00:00.000Z', '2026-01-01T00:00:00.000Z'),
  ('bd04c994-b2af-472f-b7b5-873b98dc82ef', 'ATLAS-0344', 'Urban Condiments Bundle 344', 'Condiments wholesale bundle for recurring retail purchasing.', 'e980f345-b5fd-4f72-a36e-ea1514214053', 26625, 'USD', 'active', '2026-01-01T00:00:00.000Z', '2026-01-01T00:00:00.000Z'),
  ('08694c1e-cc91-49d4-867b-586d9afc0898', 'ATLAS-0345', 'Summit Spices Bundle 345', 'Spices wholesale bundle for recurring retail purchasing.', '9352e306-01c5-4e32-870e-352ce5c8678e', 11525, 'USD', 'active', '2026-01-01T00:00:00.000Z', '2026-01-01T00:00:00.000Z'),
  ('d5d91f76-3153-4d2e-8d23-5cca7e9dca13', 'ATLAS-0346', 'Harbor Breakfast Bundle 346', 'Breakfast wholesale bundle for recurring retail purchasing.', '25de9907-f0be-4982-9224-63a8ffc03096', 43350, 'USD', 'active', '2026-01-01T00:00:00.000Z', '2026-01-01T00:00:00.000Z'),
  ('8a0de9d1-c867-46ae-8239-fff19e0aac0b', 'ATLAS-0347', 'Valley Desserts Bundle 347', 'Desserts wholesale bundle for recurring retail purchasing.', '4acdcb03-0ee2-4145-83a4-5201e1a14bfd', 5225, 'USD', 'active', '2026-01-01T00:00:00.000Z', '2026-01-01T00:00:00.000Z'),
  ('498d48c5-50f6-4e41-9464-051e3b3876dd', 'ATLAS-0348', 'Bright Prepared Meals Bundle 348', 'Prepared Meals wholesale bundle for recurring retail purchasing.', '6c25a3eb-f38a-4b4d-86d2-7a34b333034e', 39725, 'USD', 'active', '2026-01-01T00:00:00.000Z', '2026-01-01T00:00:00.000Z'),
  ('d1d34d25-c247-4621-bae9-355d33a89deb', 'ATLAS-0349', 'North Bottled Water Bundle 349', 'Bottled Water wholesale bundle for recurring retail purchasing.', '0571229f-026f-46e1-8059-2222c9b296e9', 19075, 'USD', 'active', '2026-01-01T00:00:00.000Z', '2026-01-01T00:00:00.000Z'),
  ('8b3f9246-f455-468f-a3d9-694a355a6097', 'ATLAS-0350', 'Union Juices Bundle 350', 'Juices wholesale bundle for recurring retail purchasing.', '9e2ef14c-030a-44e9-8907-93beb89f96cb', 1525, 'USD', 'active', '2026-01-01T00:00:00.000Z', '2026-01-01T00:00:00.000Z'),
  ('7a8e05ac-273c-413b-9621-6f06956eb2dd', 'ATLAS-0351', 'Select Energy Drinks Mix 351', 'Energy Drinks wholesale mix for recurring retail purchasing.', 'f29debd9-f943-4ba3-ab57-c7a8f639e50b', 30175, 'USD', 'active', '2026-01-01T00:00:00.000Z', '2026-01-01T00:00:00.000Z'),
  ('6dcc3852-59ee-4bf4-b0ed-3defe5b8d854', 'ATLAS-0352', 'Prime Electronics Mix 352', 'Electronics wholesale mix for recurring retail purchasing.', 'f4001c38-c96c-4ec2-9596-e007be968330', 36925, 'USD', 'active', '2026-01-01T00:00:00.000Z', '2026-01-01T00:00:00.000Z'),
  ('16dcc652-5220-44e3-9500-d40f180711f3', 'ATLAS-0353', 'Classic Safety Mix 353', 'Safety wholesale mix for recurring retail purchasing.', 'ed2305e9-613b-43d7-a0df-92d8def6d4f3', 11175, 'USD', 'active', '2026-01-01T00:00:00.000Z', '2026-01-01T00:00:00.000Z'),
  ('ac96de4e-9aa6-469e-b4cf-fce67b3c2c20', 'ATLAS-0354', 'Urban Apparel Mix 354', 'Apparel wholesale mix for recurring retail purchasing.', '48bc717c-65c8-4600-a379-79c1d8bda2e0', 43575, 'USD', 'active', '2026-01-01T00:00:00.000Z', '2026-01-01T00:00:00.000Z'),
  ('72417ec2-e7ce-47b0-8d63-7c073fbe233b', 'ATLAS-0355', 'Summit Pharmacy Mix 355', 'Pharmacy wholesale mix for recurring retail purchasing.', '7c65c5bc-699f-453f-bd58-7d2fc18301f2', 20550, 'USD', 'active', '2026-01-01T00:00:00.000Z', '2026-01-01T00:00:00.000Z'),
  ('a7f94ba9-1e9a-41c1-ab3e-0cd9b43e9cd5', 'ATLAS-0356', 'Harbor Baby Mix 356', 'Baby wholesale mix for recurring retail purchasing.', '49fa066b-724a-4fcc-b6b0-ed91137bf388', 1875, 'USD', 'active', '2026-01-01T00:00:00.000Z', '2026-01-01T00:00:00.000Z'),
  ('026cb630-ad60-4a85-96de-c8a9e26f610a', 'ATLAS-0357', 'Valley Home Mix 357', 'Home wholesale mix for recurring retail purchasing.', '673c8a94-14e5-43ca-9f3b-d770ba7c5000', 43900, 'USD', 'active', '2026-01-01T00:00:00.000Z', '2026-01-01T00:00:00.000Z'),
  ('cef50adf-ead4-4ec0-a7df-712ce070e417', 'ATLAS-0358', 'Bright Garden Mix 358', 'Garden wholesale mix for recurring retail purchasing.', '40031bae-7fa8-42b4-93e7-1d1ff0d1d7a7', 15050, 'USD', 'active', '2026-01-01T00:00:00.000Z', '2026-01-01T00:00:00.000Z'),
  ('b023281a-9f70-4c62-9a37-1ba6bee0e380', 'ATLAS-0359', 'North Automotive Mix 359', 'Automotive wholesale mix for recurring retail purchasing.', '095c0d61-2268-4351-98f7-1cdd968bdb9e', 49300, 'USD', 'active', '2026-01-01T00:00:00.000Z', '2026-01-01T00:00:00.000Z'),
  ('1f03495e-f8b0-4f4b-a783-77523c911d6a', 'ATLAS-0360', 'Union Hardware Mix 360', 'Hardware wholesale mix for recurring retail purchasing.', '094db390-38ed-4c64-b09d-bca4574d6e21', 29200, 'USD', 'active', '2026-01-01T00:00:00.000Z', '2026-01-01T00:00:00.000Z'),
  ('80f31bc2-da2e-4e3e-988b-e05e21f82f15', 'ATLAS-0361', 'Select Beverages Reserve 361', 'Beverages wholesale reserve for recurring retail purchasing.', 'f3503737-85ba-4660-962b-89985209518a', 31875, 'USD', 'active', '2026-01-01T00:00:00.000Z', '2026-01-01T00:00:00.000Z'),
  ('922e53b7-29f0-4999-aa35-207f996a4050', 'ATLAS-0362', 'Prime Coffee Reserve 362', 'Coffee wholesale reserve for recurring retail purchasing.', 'dbcedcab-3970-4eb2-aa9a-bb1a01af0843', 30025, 'USD', 'active', '2026-01-01T00:00:00.000Z', '2026-01-01T00:00:00.000Z'),
  ('fefa762b-b107-48fe-b28a-cc4a1dcf1e7a', 'ATLAS-0363', 'Classic Tea Reserve 363', 'Tea wholesale reserve for recurring retail purchasing.', 'f345fbe9-4617-4ca0-8d68-216e4f2ede92', 26075, 'USD', 'active', '2026-01-01T00:00:00.000Z', '2026-01-01T00:00:00.000Z'),
  ('d91cc85e-6bfb-41a2-8cc0-fbc688685aa8', 'ATLAS-0364', 'Urban Dairy Reserve 364', 'Dairy wholesale reserve for recurring retail purchasing.', '0f764d4a-40d5-4421-8431-2898b6a8bf5e', 17150, 'USD', 'active', '2026-01-01T00:00:00.000Z', '2026-01-01T00:00:00.000Z'),
  ('cbf8ac64-6767-4b53-966a-942c1191a092', 'ATLAS-0365', 'Summit Bakery Reserve 365', 'Bakery wholesale reserve for recurring retail purchasing.', 'eda4996a-70aa-4520-a16e-9fa40db4dda8', 2300, 'USD', 'active', '2026-01-01T00:00:00.000Z', '2026-01-01T00:00:00.000Z'),
  ('571ab955-a517-4345-bca0-b7925914cf20', 'ATLAS-0366', 'Harbor Pantry Reserve 366', 'Pantry wholesale reserve for recurring retail purchasing.', '65fdd67d-aeb0-41ad-ab69-968ec08bd213', 925, 'USD', 'active', '2026-01-01T00:00:00.000Z', '2026-01-01T00:00:00.000Z'),
  ('5f66338a-9ae7-43d3-a2cc-37285e067886', 'ATLAS-0367', 'Valley Snacks Reserve 367', 'Snacks wholesale reserve for recurring retail purchasing.', '7cd47fe0-613c-4468-9ab3-a2b5f044694c', 37725, 'USD', 'active', '2026-01-01T00:00:00.000Z', '2026-01-01T00:00:00.000Z'),
  ('6260954c-0b28-42a1-b50a-f380f97c5aac', 'ATLAS-0368', 'Bright Frozen Reserve 368', 'Frozen wholesale reserve for recurring retail purchasing.', '6950fe24-a744-4d61-8f13-a767230601a0', 20300, 'USD', 'active', '2026-01-01T00:00:00.000Z', '2026-01-01T00:00:00.000Z'),
  ('f5bfc1e0-b0e7-434a-821d-b4728d4f1853', 'ATLAS-0369', 'North Produce Reserve 369', 'Produce wholesale reserve for recurring retail purchasing.', 'de302add-40f9-423d-bc08-6884f394da8b', 11750, 'USD', 'active', '2026-01-01T00:00:00.000Z', '2026-01-01T00:00:00.000Z'),
  ('00f929e6-b9fe-4a23-94a3-bc99595b3324', 'ATLAS-0370', 'Union Meat Reserve 370', 'Meat wholesale reserve for recurring retail purchasing.', '2ef5a513-3cdc-4f5c-af7e-2127f77bc0ad', 42250, 'USD', 'active', '2026-01-01T00:00:00.000Z', '2026-01-01T00:00:00.000Z'),
  ('30dff1da-5fcd-4e3b-8433-b04013d19b89', 'ATLAS-0371', 'Select Seafood Supply 371', 'Seafood wholesale supply for recurring retail purchasing.', '2e48c052-32d1-4e1c-9657-435c44a724b7', 16975, 'USD', 'active', '2026-01-01T00:00:00.000Z', '2026-01-01T00:00:00.000Z'),
  ('1c924b02-6b9f-478a-a6f6-51d228f1b8bf', 'ATLAS-0372', 'Prime Cleaning Supply 372', 'Cleaning wholesale supply for recurring retail purchasing.', '48326310-e6be-4c9a-b8a7-6c94d3cda832', 27100, 'USD', 'active', '2026-01-01T00:00:00.000Z', '2026-01-01T00:00:00.000Z'),
  ('2640c762-942b-43fe-bf02-786a3f8e3924', 'ATLAS-0373', 'Classic Paper Goods Supply 373', 'Paper Goods wholesale supply for recurring retail purchasing.', 'fe5e83d5-d218-4f4d-ae93-8cd9e4a7d50b', 24600, 'USD', 'active', '2026-01-01T00:00:00.000Z', '2026-01-01T00:00:00.000Z'),
  ('ed9f9814-befb-4060-8783-a6eb01538ae3', 'ATLAS-0374', 'Urban Kitchenware Supply 374', 'Kitchenware wholesale supply for recurring retail purchasing.', 'ed777cfa-0706-4c3c-85cc-946c23610905', 5825, 'USD', 'active', '2026-01-01T00:00:00.000Z', '2026-01-01T00:00:00.000Z'),
  ('789049ac-20da-4e67-a79b-bcbab2e6f59b', 'ATLAS-0375', 'Summit Packaging Supply 375', 'Packaging wholesale supply for recurring retail purchasing.', 'e49f5686-5547-4ddf-b5da-762d506a352a', 3775, 'USD', 'active', '2026-01-01T00:00:00.000Z', '2026-01-01T00:00:00.000Z'),
  ('6591e945-c53c-4d8a-b361-867c70ae06a8', 'ATLAS-0376', 'Harbor Office Supply 376', 'Office wholesale supply for recurring retail purchasing.', '2ebd965d-7629-4f21-b8a8-0e032e24313e', 48025, 'USD', 'active', '2026-01-01T00:00:00.000Z', '2026-01-01T00:00:00.000Z'),
  ('45f1ba68-e799-49b0-a115-2b7d3aba04e8', 'ATLAS-0377', 'Valley Retail Displays Supply 377', 'Retail Displays wholesale supply for recurring retail purchasing.', 'd4f0abea-440d-4308-a8c4-aa0067037676', 6425, 'USD', 'discontinued', '2026-01-01T00:00:00.000Z', '2026-01-01T00:00:00.000Z'),
  ('3d115446-950e-4c0a-9f15-76132122e1d5', 'ATLAS-0378', 'Bright Personal Care Supply 378', 'Personal Care wholesale supply for recurring retail purchasing.', 'cc806d01-f756-4a4a-b0ca-157acef1265b', 44350, 'USD', 'active', '2026-01-01T00:00:00.000Z', '2026-01-01T00:00:00.000Z'),
  ('69e90e6b-3831-409a-acd4-32ba5d7f14ab', 'ATLAS-0379', 'North Pet Supplies Supply 379', 'Pet Supplies wholesale supply for recurring retail purchasing.', 'f9846c39-e063-4610-b2b7-9a3ded968eb9', 36050, 'USD', 'active', '2026-01-01T00:00:00.000Z', '2026-01-01T00:00:00.000Z'),
  ('d1aa5357-6617-451e-84ec-d6fdd8175d90', 'ATLAS-0380', 'Union Seasonal Supply 380', 'Seasonal wholesale supply for recurring retail purchasing.', 'e9f5975a-bb65-4756-a287-3748d34370dd', 22875, 'USD', 'active', '2026-01-01T00:00:00.000Z', '2026-01-01T00:00:00.000Z'),
  ('7d11b9c5-0a8d-4dcb-88a0-34a9537822bf', 'ATLAS-0381', 'Select Organic Carton 381', 'Organic wholesale carton for recurring retail purchasing.', '0602f02d-e4b5-4510-b62b-7ab23aa98e7f', 33825, 'USD', 'active', '2026-01-01T00:00:00.000Z', '2026-01-01T00:00:00.000Z'),
  ('973e15ac-c8fe-4e24-90b3-b4ae13933078', 'ATLAS-0382', 'Prime Bulk Grains Carton 382', 'Bulk Grains wholesale carton for recurring retail purchasing.', '458987d7-fdc1-40d2-899d-eb5e9dccd290', 8025, 'USD', 'active', '2026-01-01T00:00:00.000Z', '2026-01-01T00:00:00.000Z'),
  ('16d8426b-f49d-4aab-8c40-26bd9646e3f2', 'ATLAS-0383', 'Classic Sauces Carton 383', 'Sauces wholesale carton for recurring retail purchasing.', '08858e05-5ad6-4c0a-9039-0a26b7d4cfb6', 8275, 'USD', 'active', '2026-01-01T00:00:00.000Z', '2026-01-01T00:00:00.000Z'),
  ('cf9743fb-2c29-4aa5-bec9-511341983ed3', 'ATLAS-0384', 'Urban Condiments Carton 384', 'Condiments wholesale carton for recurring retail purchasing.', 'e980f345-b5fd-4f72-a36e-ea1514214053', 9475, 'USD', 'active', '2026-01-01T00:00:00.000Z', '2026-01-01T00:00:00.000Z'),
  ('e2e3fd7c-7544-408c-9598-f3cd54a67172', 'ATLAS-0385', 'Summit Spices Carton 385', 'Spices wholesale carton for recurring retail purchasing.', '9352e306-01c5-4e32-870e-352ce5c8678e', 34375, 'USD', 'active', '2026-01-01T00:00:00.000Z', '2026-01-01T00:00:00.000Z'),
  ('fc0af13e-427e-4991-bade-ca06f5bf946b', 'ATLAS-0386', 'Harbor Breakfast Carton 386', 'Breakfast wholesale carton for recurring retail purchasing.', '25de9907-f0be-4982-9224-63a8ffc03096', 18500, 'USD', 'active', '2026-01-01T00:00:00.000Z', '2026-01-01T00:00:00.000Z'),
  ('369088cf-a374-4e91-9350-fea5d7ee5b69', 'ATLAS-0387', 'Valley Desserts Carton 387', 'Desserts wholesale carton for recurring retail purchasing.', '4acdcb03-0ee2-4145-83a4-5201e1a14bfd', 1125, 'USD', 'active', '2026-01-01T00:00:00.000Z', '2026-01-01T00:00:00.000Z'),
  ('84dda458-6294-4967-a4f7-710ee5c6ff40', 'ATLAS-0388', 'Bright Prepared Meals Carton 388', 'Prepared Meals wholesale carton for recurring retail purchasing.', '6c25a3eb-f38a-4b4d-86d2-7a34b333034e', 24550, 'USD', 'active', '2026-01-01T00:00:00.000Z', '2026-01-01T00:00:00.000Z'),
  ('d7b949dc-7482-4a52-a145-dd8f58416e9e', 'ATLAS-0389', 'North Bottled Water Carton 389', 'Bottled Water wholesale carton for recurring retail purchasing.', '0571229f-026f-46e1-8059-2222c9b296e9', 13325, 'USD', 'active', '2026-01-01T00:00:00.000Z', '2026-01-01T00:00:00.000Z'),
  ('ca0b3fad-2b39-4568-97e1-b6f11a9cd083', 'ATLAS-0390', 'Union Juices Carton 390', 'Juices wholesale carton for recurring retail purchasing.', '9e2ef14c-030a-44e9-8907-93beb89f96cb', 16525, 'USD', 'active', '2026-01-01T00:00:00.000Z', '2026-01-01T00:00:00.000Z'),
  ('4f8bce02-2dac-4967-9706-6df7b269e5e6', 'ATLAS-0391', 'Select Energy Drinks Lot 391', 'Energy Drinks wholesale lot for recurring retail purchasing.', 'f29debd9-f943-4ba3-ab57-c7a8f639e50b', 40350, 'USD', 'active', '2026-01-01T00:00:00.000Z', '2026-01-01T00:00:00.000Z'),
  ('0bbf1e2e-90be-40f3-b7d7-fab93d93f6b5', 'ATLAS-0392', 'Prime Electronics Lot 392', 'Electronics wholesale lot for recurring retail purchasing.', 'f4001c38-c96c-4ec2-9596-e007be968330', 14000, 'USD', 'active', '2026-01-01T00:00:00.000Z', '2026-01-01T00:00:00.000Z'),
  ('13c548bc-ce1f-45f7-953f-e155148a296f', 'ATLAS-0393', 'Classic Safety Lot 393', 'Safety wholesale lot for recurring retail purchasing.', 'ed2305e9-613b-43d7-a0df-92d8def6d4f3', 41175, 'USD', 'active', '2026-01-01T00:00:00.000Z', '2026-01-01T00:00:00.000Z'),
  ('c8199240-74d3-4196-ac57-ee48eb5254cb', 'ATLAS-0394', 'Urban Apparel Lot 394', 'Apparel wholesale lot for recurring retail purchasing.', '48bc717c-65c8-4600-a379-79c1d8bda2e0', 9075, 'USD', 'active', '2026-01-01T00:00:00.000Z', '2026-01-01T00:00:00.000Z'),
  ('dc8387e6-9fae-409d-9f7d-d15247161589', 'ATLAS-0395', 'Summit Pharmacy Lot 395', 'Pharmacy wholesale lot for recurring retail purchasing.', '7c65c5bc-699f-453f-bd58-7d2fc18301f2', 18600, 'USD', 'active', '2026-01-01T00:00:00.000Z', '2026-01-01T00:00:00.000Z'),
  ('af1569dd-472e-4e37-a974-ca5d5d9ea015', 'ATLAS-0396', 'Harbor Baby Lot 396', 'Baby wholesale lot for recurring retail purchasing.', '49fa066b-724a-4fcc-b6b0-ed91137bf388', 13075, 'USD', 'active', '2026-01-01T00:00:00.000Z', '2026-01-01T00:00:00.000Z'),
  ('bd7b82ab-0656-4ea5-a0d2-df2742466ee9', 'ATLAS-0397', 'Valley Home Lot 397', 'Home wholesale lot for recurring retail purchasing.', '673c8a94-14e5-43ca-9f3b-d770ba7c5000', 29900, 'USD', 'active', '2026-01-01T00:00:00.000Z', '2026-01-01T00:00:00.000Z'),
  ('a9de5019-3b17-4dcc-8bf5-1bf0bef10f04', 'ATLAS-0398', 'Bright Garden Lot 398', 'Garden wholesale lot for recurring retail purchasing.', '40031bae-7fa8-42b4-93e7-1d1ff0d1d7a7', 48275, 'USD', 'active', '2026-01-01T00:00:00.000Z', '2026-01-01T00:00:00.000Z'),
  ('e4510b5a-3774-4704-a07e-a695586aca53', 'ATLAS-0399', 'North Automotive Lot 399', 'Automotive wholesale lot for recurring retail purchasing.', '095c0d61-2268-4351-98f7-1cdd968bdb9e', 12325, 'USD', 'active', '2026-01-01T00:00:00.000Z', '2026-01-01T00:00:00.000Z'),
  ('a9af4def-6bb4-4194-a3a8-39edc4058742', 'ATLAS-0400', 'Union Hardware Lot 400', 'Hardware wholesale lot for recurring retail purchasing.', '094db390-38ed-4c64-b09d-bca4574d6e21', 16600, 'USD', 'active', '2026-01-01T00:00:00.000Z', '2026-01-01T00:00:00.000Z'),
  ('098231d6-6876-484d-b175-fb475cba9744', 'ATLAS-0401', 'Select Beverages Case 401', 'Beverages wholesale case for recurring retail purchasing.', 'f3503737-85ba-4660-962b-89985209518a', 44025, 'USD', 'active', '2026-01-01T00:00:00.000Z', '2026-01-01T00:00:00.000Z'),
  ('7896f885-57cf-4b51-942e-e262345f5ed7', 'ATLAS-0402', 'Prime Coffee Case 402', 'Coffee wholesale case for recurring retail purchasing.', 'dbcedcab-3970-4eb2-aa9a-bb1a01af0843', 10375, 'USD', 'active', '2026-01-01T00:00:00.000Z', '2026-01-01T00:00:00.000Z'),
  ('024e3903-daa7-4f94-9501-f776197e03a2', 'ATLAS-0403', 'Classic Tea Case 403', 'Tea wholesale case for recurring retail purchasing.', 'f345fbe9-4617-4ca0-8d68-216e4f2ede92', 29100, 'USD', 'active', '2026-01-01T00:00:00.000Z', '2026-01-01T00:00:00.000Z'),
  ('ed7a0592-3cac-4d8e-87ab-0c1235584975', 'ATLAS-0404', 'Urban Dairy Case 404', 'Dairy wholesale case for recurring retail purchasing.', '0f764d4a-40d5-4421-8431-2898b6a8bf5e', 22400, 'USD', 'active', '2026-01-01T00:00:00.000Z', '2026-01-01T00:00:00.000Z'),
  ('2d199724-01d7-4f01-8d23-81fe3f150aa3', 'ATLAS-0405', 'Summit Bakery Case 405', 'Bakery wholesale case for recurring retail purchasing.', 'eda4996a-70aa-4520-a16e-9fa40db4dda8', 39950, 'USD', 'active', '2026-01-01T00:00:00.000Z', '2026-01-01T00:00:00.000Z'),
  ('20162f67-c804-47b0-83e4-6a79d2c8e107', 'ATLAS-0406', 'Harbor Pantry Case 406', 'Pantry wholesale case for recurring retail purchasing.', '65fdd67d-aeb0-41ad-ab69-968ec08bd213', 41975, 'USD', 'active', '2026-01-01T00:00:00.000Z', '2026-01-01T00:00:00.000Z'),
  ('17d0eed2-fd1a-47ff-8236-f1b48d4a0e43', 'ATLAS-0407', 'Valley Snacks Case 407', 'Snacks wholesale case for recurring retail purchasing.', '7cd47fe0-613c-4468-9ab3-a2b5f044694c', 47750, 'USD', 'active', '2026-01-01T00:00:00.000Z', '2026-01-01T00:00:00.000Z'),
  ('988ea267-4478-4bce-a732-f5a2e3e372e7', 'ATLAS-0408', 'Bright Frozen Case 408', 'Frozen wholesale case for recurring retail purchasing.', '6950fe24-a744-4d61-8f13-a767230601a0', 37475, 'USD', 'active', '2026-01-01T00:00:00.000Z', '2026-01-01T00:00:00.000Z'),
  ('47075c52-ab57-41cb-8610-6239d2731a9e', 'ATLAS-0409', 'North Produce Case 409', 'Produce wholesale case for recurring retail purchasing.', 'de302add-40f9-423d-bc08-6884f394da8b', 11125, 'USD', 'active', '2026-01-01T00:00:00.000Z', '2026-01-01T00:00:00.000Z'),
  ('0acf962b-903f-470d-aeda-0b426f0ef13f', 'ATLAS-0410', 'Union Meat Case 410', 'Meat wholesale case for recurring retail purchasing.', '2ef5a513-3cdc-4f5c-af7e-2127f77bc0ad', 1650, 'USD', 'active', '2026-01-01T00:00:00.000Z', '2026-01-01T00:00:00.000Z'),
  ('1dc842d4-16d7-41e2-a85e-3a94d83c5059', 'ATLAS-0411', 'Select Seafood Blend 411', 'Seafood wholesale blend for recurring retail purchasing.', '2e48c052-32d1-4e1c-9657-435c44a724b7', 45875, 'USD', 'active', '2026-01-01T00:00:00.000Z', '2026-01-01T00:00:00.000Z'),
  ('86ca03f8-1cf4-4106-91db-acfd6824e661', 'ATLAS-0412', 'Prime Cleaning Blend 412', 'Cleaning wholesale blend for recurring retail purchasing.', '48326310-e6be-4c9a-b8a7-6c94d3cda832', 47500, 'USD', 'active', '2026-01-01T00:00:00.000Z', '2026-01-01T00:00:00.000Z'),
  ('d51af57b-f44e-4c72-b074-fd7738bafc50', 'ATLAS-0413', 'Classic Paper Goods Blend 413', 'Paper Goods wholesale blend for recurring retail purchasing.', 'fe5e83d5-d218-4f4d-ae93-8cd9e4a7d50b', 48125, 'USD', 'active', '2026-01-01T00:00:00.000Z', '2026-01-01T00:00:00.000Z'),
  ('c30ddd7d-842b-4e0c-a19b-026b9cb07b5e', 'ATLAS-0414', 'Urban Kitchenware Blend 414', 'Kitchenware wholesale blend for recurring retail purchasing.', 'ed777cfa-0706-4c3c-85cc-946c23610905', 8950, 'USD', 'active', '2026-01-01T00:00:00.000Z', '2026-01-01T00:00:00.000Z'),
  ('6be1873b-55fa-4078-9371-fcfedfc12a3a', 'ATLAS-0415', 'Summit Packaging Blend 415', 'Packaging wholesale blend for recurring retail purchasing.', 'e49f5686-5547-4ddf-b5da-762d506a352a', 27950, 'USD', 'active', '2026-01-01T00:00:00.000Z', '2026-01-01T00:00:00.000Z'),
  ('1f2cb397-5c13-4446-86c5-08713b0d4f3c', 'ATLAS-0416', 'Harbor Office Blend 416', 'Office wholesale blend for recurring retail purchasing.', '2ebd965d-7629-4f21-b8a8-0e032e24313e', 9600, 'USD', 'active', '2026-01-01T00:00:00.000Z', '2026-01-01T00:00:00.000Z'),
  ('d078e14b-fef2-4296-bf0e-3ebcd6d442bc', 'ATLAS-0417', 'Valley Retail Displays Blend 417', 'Retail Displays wholesale blend for recurring retail purchasing.', 'd4f0abea-440d-4308-a8c4-aa0067037676', 3900, 'USD', 'active', '2026-01-01T00:00:00.000Z', '2026-01-01T00:00:00.000Z'),
  ('fa7f3136-bde4-4950-b342-9bb8d9c2d217', 'ATLAS-0418', 'Bright Personal Care Blend 418', 'Personal Care wholesale blend for recurring retail purchasing.', 'cc806d01-f756-4a4a-b0ca-157acef1265b', 32425, 'USD', 'active', '2026-01-01T00:00:00.000Z', '2026-01-01T00:00:00.000Z'),
  ('31822c4f-d2df-4b32-b7f8-4201e3386ad8', 'ATLAS-0419', 'North Pet Supplies Blend 419', 'Pet Supplies wholesale blend for recurring retail purchasing.', 'f9846c39-e063-4610-b2b7-9a3ded968eb9', 8250, 'USD', 'active', '2026-01-01T00:00:00.000Z', '2026-01-01T00:00:00.000Z'),
  ('62a05826-84dd-4af1-87ff-b60195cf1419', 'ATLAS-0420', 'Union Seasonal Blend 420', 'Seasonal wholesale blend for recurring retail purchasing.', 'e9f5975a-bb65-4756-a287-3748d34370dd', 26650, 'USD', 'active', '2026-01-01T00:00:00.000Z', '2026-01-01T00:00:00.000Z'),
  ('8c3d6900-24d5-46c7-b98b-d108d7c4e075', 'ATLAS-0421', 'Select Organic Pack 421', 'Organic wholesale pack for recurring retail purchasing.', '0602f02d-e4b5-4510-b62b-7ab23aa98e7f', 13275, 'USD', 'active', '2026-01-01T00:00:00.000Z', '2026-01-01T00:00:00.000Z'),
  ('332b7d0b-7487-4291-871e-06d1c0a082d7', 'ATLAS-0422', 'Prime Bulk Grains Pack 422', 'Bulk Grains wholesale pack for recurring retail purchasing.', '458987d7-fdc1-40d2-899d-eb5e9dccd290', 31650, 'USD', 'active', '2026-01-01T00:00:00.000Z', '2026-01-01T00:00:00.000Z'),
  ('fb2d8690-745c-43ba-af02-7af053442ae7', 'ATLAS-0423', 'Classic Sauces Pack 423', 'Sauces wholesale pack for recurring retail purchasing.', '08858e05-5ad6-4c0a-9039-0a26b7d4cfb6', 24725, 'USD', 'active', '2026-01-01T00:00:00.000Z', '2026-01-01T00:00:00.000Z'),
  ('9d935971-df9c-402e-b4d0-137b9b981fec', 'ATLAS-0424', 'Urban Condiments Pack 424', 'Condiments wholesale pack for recurring retail purchasing.', 'e980f345-b5fd-4f72-a36e-ea1514214053', 35500, 'USD', 'discontinued', '2026-01-01T00:00:00.000Z', '2026-01-01T00:00:00.000Z'),
  ('de59efae-da7a-496c-9c54-ad5423f6f9c6', 'ATLAS-0425', 'Summit Spices Pack 425', 'Spices wholesale pack for recurring retail purchasing.', '9352e306-01c5-4e32-870e-352ce5c8678e', 8575, 'USD', 'active', '2026-01-01T00:00:00.000Z', '2026-01-01T00:00:00.000Z'),
  ('16b1e085-1213-4c87-893e-8c797c42a02f', 'ATLAS-0426', 'Harbor Breakfast Pack 426', 'Breakfast wholesale pack for recurring retail purchasing.', '25de9907-f0be-4982-9224-63a8ffc03096', 10250, 'USD', 'active', '2026-01-01T00:00:00.000Z', '2026-01-01T00:00:00.000Z'),
  ('14c859f4-6510-4b81-890f-11406a996bc0', 'ATLAS-0427', 'Valley Desserts Pack 427', 'Desserts wholesale pack for recurring retail purchasing.', '4acdcb03-0ee2-4145-83a4-5201e1a14bfd', 9725, 'USD', 'active', '2026-01-01T00:00:00.000Z', '2026-01-01T00:00:00.000Z'),
  ('26916ebd-1343-426a-a7ab-edd90da7e583', 'ATLAS-0428', 'Bright Prepared Meals Pack 428', 'Prepared Meals wholesale pack for recurring retail purchasing.', '6c25a3eb-f38a-4b4d-86d2-7a34b333034e', 41625, 'USD', 'active', '2026-01-01T00:00:00.000Z', '2026-01-01T00:00:00.000Z'),
  ('db01a6ce-b1af-4004-89a5-e4f04a73faf2', 'ATLAS-0429', 'North Bottled Water Pack 429', 'Bottled Water wholesale pack for recurring retail purchasing.', '0571229f-026f-46e1-8059-2222c9b296e9', 24375, 'USD', 'active', '2026-01-01T00:00:00.000Z', '2026-01-01T00:00:00.000Z'),
  ('577f521f-44a3-4370-a8a7-a7cbfd4449d8', 'ATLAS-0430', 'Union Juices Pack 430', 'Juices wholesale pack for recurring retail purchasing.', '9e2ef14c-030a-44e9-8907-93beb89f96cb', 19275, 'USD', 'active', '2026-01-01T00:00:00.000Z', '2026-01-01T00:00:00.000Z'),
  ('ff02fd16-5e27-4085-89d0-2c856bec97c1', 'ATLAS-0431', 'Select Energy Drinks Crate 431', 'Energy Drinks wholesale crate for recurring retail purchasing.', 'f29debd9-f943-4ba3-ab57-c7a8f639e50b', 40275, 'USD', 'active', '2026-01-01T00:00:00.000Z', '2026-01-01T00:00:00.000Z'),
  ('d5a392b5-70cf-4301-8552-41c40d21161d', 'ATLAS-0432', 'Prime Electronics Crate 432', 'Electronics wholesale crate for recurring retail purchasing.', 'f4001c38-c96c-4ec2-9596-e007be968330', 35400, 'USD', 'active', '2026-01-01T00:00:00.000Z', '2026-01-01T00:00:00.000Z'),
  ('d5e34f5d-aeca-418c-8b53-9d9e5fe61aba', 'ATLAS-0433', 'Classic Safety Crate 433', 'Safety wholesale crate for recurring retail purchasing.', 'ed2305e9-613b-43d7-a0df-92d8def6d4f3', 11150, 'USD', 'active', '2026-01-01T00:00:00.000Z', '2026-01-01T00:00:00.000Z'),
  ('31a96ae8-7303-46ac-8c28-41ab11828cac', 'ATLAS-0434', 'Urban Apparel Crate 434', 'Apparel wholesale crate for recurring retail purchasing.', '48bc717c-65c8-4600-a379-79c1d8bda2e0', 14650, 'USD', 'active', '2026-01-01T00:00:00.000Z', '2026-01-01T00:00:00.000Z'),
  ('eebe39ae-864b-418c-ac96-3bd795730121', 'ATLAS-0435', 'Summit Pharmacy Crate 435', 'Pharmacy wholesale crate for recurring retail purchasing.', '7c65c5bc-699f-453f-bd58-7d2fc18301f2', 29350, 'USD', 'active', '2026-01-01T00:00:00.000Z', '2026-01-01T00:00:00.000Z'),
  ('46e583a7-bd6c-4c62-83ce-f1484d3c0aa1', 'ATLAS-0436', 'Harbor Baby Crate 436', 'Baby wholesale crate for recurring retail purchasing.', '49fa066b-724a-4fcc-b6b0-ed91137bf388', 46350, 'USD', 'active', '2026-01-01T00:00:00.000Z', '2026-01-01T00:00:00.000Z'),
  ('896c5f98-4ccf-4d83-b569-c5603c48e1b2', 'ATLAS-0437', 'Valley Home Crate 437', 'Home wholesale crate for recurring retail purchasing.', '673c8a94-14e5-43ca-9f3b-d770ba7c5000', 9825, 'USD', 'active', '2026-01-01T00:00:00.000Z', '2026-01-01T00:00:00.000Z'),
  ('25b4d0af-c7ab-42fc-b775-301d267722b9', 'ATLAS-0438', 'Bright Garden Crate 438', 'Garden wholesale crate for recurring retail purchasing.', '40031bae-7fa8-42b4-93e7-1d1ff0d1d7a7', 11575, 'USD', 'active', '2026-01-01T00:00:00.000Z', '2026-01-01T00:00:00.000Z'),
  ('5711e11b-7523-459a-adf8-5c637030317d', 'ATLAS-0439', 'North Automotive Crate 439', 'Automotive wholesale crate for recurring retail purchasing.', '095c0d61-2268-4351-98f7-1cdd968bdb9e', 46675, 'USD', 'active', '2026-01-01T00:00:00.000Z', '2026-01-01T00:00:00.000Z'),
  ('becd3669-b03e-493e-9e3a-aa78e1825536', 'ATLAS-0440', 'Union Hardware Crate 440', 'Hardware wholesale crate for recurring retail purchasing.', '094db390-38ed-4c64-b09d-bca4574d6e21', 23950, 'USD', 'active', '2026-01-01T00:00:00.000Z', '2026-01-01T00:00:00.000Z'),
  ('e01a0c14-ec12-47ad-af83-40df7b83b7df', 'ATLAS-0441', 'Select Beverages Bundle 441', 'Beverages wholesale bundle for recurring retail purchasing.', 'f3503737-85ba-4660-962b-89985209518a', 38975, 'USD', 'active', '2026-01-01T00:00:00.000Z', '2026-01-01T00:00:00.000Z'),
  ('c3f7c11c-db95-414e-a410-3a28668a0d5f', 'ATLAS-0442', 'Prime Coffee Bundle 442', 'Coffee wholesale bundle for recurring retail purchasing.', 'dbcedcab-3970-4eb2-aa9a-bb1a01af0843', 11425, 'USD', 'active', '2026-01-01T00:00:00.000Z', '2026-01-01T00:00:00.000Z'),
  ('2770572a-96a6-441a-8f24-5661c28e5346', 'ATLAS-0443', 'Classic Tea Bundle 443', 'Tea wholesale bundle for recurring retail purchasing.', 'f345fbe9-4617-4ca0-8d68-216e4f2ede92', 30325, 'USD', 'active', '2026-01-01T00:00:00.000Z', '2026-01-01T00:00:00.000Z'),
  ('646ccbf9-4304-4562-b75b-10eee428b1fc', 'ATLAS-0444', 'Urban Dairy Bundle 444', 'Dairy wholesale bundle for recurring retail purchasing.', '0f764d4a-40d5-4421-8431-2898b6a8bf5e', 42675, 'USD', 'active', '2026-01-01T00:00:00.000Z', '2026-01-01T00:00:00.000Z'),
  ('b1b2c653-f4c2-48f0-9f2c-617208188b99', 'ATLAS-0445', 'Summit Bakery Bundle 445', 'Bakery wholesale bundle for recurring retail purchasing.', 'eda4996a-70aa-4520-a16e-9fa40db4dda8', 25625, 'USD', 'active', '2026-01-01T00:00:00.000Z', '2026-01-01T00:00:00.000Z'),
  ('74608904-ae5d-423b-91dc-9c172180a811', 'ATLAS-0446', 'Harbor Pantry Bundle 446', 'Pantry wholesale bundle for recurring retail purchasing.', '65fdd67d-aeb0-41ad-ab69-968ec08bd213', 11400, 'USD', 'active', '2026-01-01T00:00:00.000Z', '2026-01-01T00:00:00.000Z'),
  ('4a124f0b-ef53-44c4-b883-662f1f7b58d4', 'ATLAS-0447', 'Valley Snacks Bundle 447', 'Snacks wholesale bundle for recurring retail purchasing.', '7cd47fe0-613c-4468-9ab3-a2b5f044694c', 9675, 'USD', 'active', '2026-01-01T00:00:00.000Z', '2026-01-01T00:00:00.000Z'),
  ('f689ea38-8d52-4f73-98a2-0beac9a69409', 'ATLAS-0448', 'Bright Frozen Bundle 448', 'Frozen wholesale bundle for recurring retail purchasing.', '6950fe24-a744-4d61-8f13-a767230601a0', 29675, 'USD', 'active', '2026-01-01T00:00:00.000Z', '2026-01-01T00:00:00.000Z'),
  ('fc863716-6355-4db6-b70b-d9d9842b90d4', 'ATLAS-0449', 'North Produce Bundle 449', 'Produce wholesale bundle for recurring retail purchasing.', 'de302add-40f9-423d-bc08-6884f394da8b', 7525, 'USD', 'active', '2026-01-01T00:00:00.000Z', '2026-01-01T00:00:00.000Z'),
  ('4baa13e6-fea1-4d39-8a62-18b33a334606', 'ATLAS-0450', 'Union Meat Bundle 450', 'Meat wholesale bundle for recurring retail purchasing.', '2ef5a513-3cdc-4f5c-af7e-2127f77bc0ad', 37450, 'USD', 'active', '2026-01-01T00:00:00.000Z', '2026-01-01T00:00:00.000Z'),
  ('2311aecc-873a-4ded-93cd-83969181b4b7', 'ATLAS-0451', 'Select Seafood Mix 451', 'Seafood wholesale mix for recurring retail purchasing.', '2e48c052-32d1-4e1c-9657-435c44a724b7', 9400, 'USD', 'active', '2026-01-01T00:00:00.000Z', '2026-01-01T00:00:00.000Z'),
  ('0db689b7-6e7c-4e6f-bc41-dfcc4a0b38c2', 'ATLAS-0452', 'Prime Cleaning Mix 452', 'Cleaning wholesale mix for recurring retail purchasing.', '48326310-e6be-4c9a-b8a7-6c94d3cda832', 1200, 'USD', 'active', '2026-01-01T00:00:00.000Z', '2026-01-01T00:00:00.000Z'),
  ('11273d01-ac3f-4ada-896e-13143da9b9fe', 'ATLAS-0453', 'Classic Paper Goods Mix 453', 'Paper Goods wholesale mix for recurring retail purchasing.', 'fe5e83d5-d218-4f4d-ae93-8cd9e4a7d50b', 33550, 'USD', 'active', '2026-01-01T00:00:00.000Z', '2026-01-01T00:00:00.000Z'),
  ('6401f1cb-2e38-4000-8bf6-24adfb8e5066', 'ATLAS-0454', 'Urban Kitchenware Mix 454', 'Kitchenware wholesale mix for recurring retail purchasing.', 'ed777cfa-0706-4c3c-85cc-946c23610905', 21850, 'USD', 'active', '2026-01-01T00:00:00.000Z', '2026-01-01T00:00:00.000Z'),
  ('4dbe0574-03cf-48d8-ad2a-3832b616ab18', 'ATLAS-0455', 'Summit Packaging Mix 455', 'Packaging wholesale mix for recurring retail purchasing.', 'e49f5686-5547-4ddf-b5da-762d506a352a', 41175, 'USD', 'active', '2026-01-01T00:00:00.000Z', '2026-01-01T00:00:00.000Z'),
  ('4eb6142d-4b78-4edd-ad21-45a587feb931', 'ATLAS-0456', 'Harbor Office Mix 456', 'Office wholesale mix for recurring retail purchasing.', '2ebd965d-7629-4f21-b8a8-0e032e24313e', 19325, 'USD', 'active', '2026-01-01T00:00:00.000Z', '2026-01-01T00:00:00.000Z'),
  ('32224a34-6a92-4340-949b-a09d7bcc92b4', 'ATLAS-0457', 'Valley Retail Displays Mix 457', 'Retail Displays wholesale mix for recurring retail purchasing.', 'd4f0abea-440d-4308-a8c4-aa0067037676', 28900, 'USD', 'active', '2026-01-01T00:00:00.000Z', '2026-01-01T00:00:00.000Z'),
  ('d4da7d4c-df07-4432-8283-3ab7e09ff2cb', 'ATLAS-0458', 'Bright Personal Care Mix 458', 'Personal Care wholesale mix for recurring retail purchasing.', 'cc806d01-f756-4a4a-b0ca-157acef1265b', 10800, 'USD', 'active', '2026-01-01T00:00:00.000Z', '2026-01-01T00:00:00.000Z'),
  ('a5fe832b-2222-4fbb-89ea-520416f719d2', 'ATLAS-0459', 'North Pet Supplies Mix 459', 'Pet Supplies wholesale mix for recurring retail purchasing.', 'f9846c39-e063-4610-b2b7-9a3ded968eb9', 16525, 'USD', 'active', '2026-01-01T00:00:00.000Z', '2026-01-01T00:00:00.000Z'),
  ('b75316b0-0d28-40db-a114-ff6332af006e', 'ATLAS-0460', 'Union Seasonal Mix 460', 'Seasonal wholesale mix for recurring retail purchasing.', 'e9f5975a-bb65-4756-a287-3748d34370dd', 31825, 'USD', 'active', '2026-01-01T00:00:00.000Z', '2026-01-01T00:00:00.000Z'),
  ('b5fbd088-5e65-43b4-90d3-c3472622f37a', 'ATLAS-0461', 'Select Organic Reserve 461', 'Organic wholesale reserve for recurring retail purchasing.', '0602f02d-e4b5-4510-b62b-7ab23aa98e7f', 18300, 'USD', 'active', '2026-01-01T00:00:00.000Z', '2026-01-01T00:00:00.000Z'),
  ('a8686b2b-8899-430e-9cdf-274a51f71561', 'ATLAS-0462', 'Prime Bulk Grains Reserve 462', 'Bulk Grains wholesale reserve for recurring retail purchasing.', '458987d7-fdc1-40d2-899d-eb5e9dccd290', 7000, 'USD', 'active', '2026-01-01T00:00:00.000Z', '2026-01-01T00:00:00.000Z'),
  ('9ae4db96-c971-4003-9dc8-99c897f6b3a9', 'ATLAS-0463', 'Classic Sauces Reserve 463', 'Sauces wholesale reserve for recurring retail purchasing.', '08858e05-5ad6-4c0a-9039-0a26b7d4cfb6', 30650, 'USD', 'active', '2026-01-01T00:00:00.000Z', '2026-01-01T00:00:00.000Z'),
  ('61e69689-950d-4c6a-a93e-454041207098', 'ATLAS-0464', 'Urban Condiments Reserve 464', 'Condiments wholesale reserve for recurring retail purchasing.', 'e980f345-b5fd-4f72-a36e-ea1514214053', 7350, 'USD', 'active', '2026-01-01T00:00:00.000Z', '2026-01-01T00:00:00.000Z'),
  ('e4b27625-b11a-497d-a562-6813d4bbc466', 'ATLAS-0465', 'Summit Spices Reserve 465', 'Spices wholesale reserve for recurring retail purchasing.', '9352e306-01c5-4e32-870e-352ce5c8678e', 28375, 'USD', 'active', '2026-01-01T00:00:00.000Z', '2026-01-01T00:00:00.000Z'),
  ('c09a989d-26ac-4453-b49f-3098690c4c1b', 'ATLAS-0466', 'Harbor Breakfast Reserve 466', 'Breakfast wholesale reserve for recurring retail purchasing.', '25de9907-f0be-4982-9224-63a8ffc03096', 42200, 'USD', 'active', '2026-01-01T00:00:00.000Z', '2026-01-01T00:00:00.000Z'),
  ('e75cce06-53e8-4ddf-955e-ee0d62f75b66', 'ATLAS-0467', 'Valley Desserts Reserve 467', 'Desserts wholesale reserve for recurring retail purchasing.', '4acdcb03-0ee2-4145-83a4-5201e1a14bfd', 24175, 'USD', 'active', '2026-01-01T00:00:00.000Z', '2026-01-01T00:00:00.000Z'),
  ('f63f95c7-524c-4a26-b0e7-219e09616cf2', 'ATLAS-0468', 'Bright Prepared Meals Reserve 468', 'Prepared Meals wholesale reserve for recurring retail purchasing.', '6c25a3eb-f38a-4b4d-86d2-7a34b333034e', 24575, 'USD', 'active', '2026-01-01T00:00:00.000Z', '2026-01-01T00:00:00.000Z'),
  ('a5d21541-8451-4dbf-85ff-99eebfd5ef93', 'ATLAS-0469', 'North Bottled Water Reserve 469', 'Bottled Water wholesale reserve for recurring retail purchasing.', '0571229f-026f-46e1-8059-2222c9b296e9', 34650, 'USD', 'active', '2026-01-01T00:00:00.000Z', '2026-01-01T00:00:00.000Z'),
  ('3420964e-d880-4000-bde7-c8936b86ca61', 'ATLAS-0470', 'Union Juices Reserve 470', 'Juices wholesale reserve for recurring retail purchasing.', '9e2ef14c-030a-44e9-8907-93beb89f96cb', 44725, 'USD', 'active', '2026-01-01T00:00:00.000Z', '2026-01-01T00:00:00.000Z'),
  ('1f7f4179-8ff7-499c-b841-c98ee8776dc9', 'ATLAS-0471', 'Select Energy Drinks Supply 471', 'Energy Drinks wholesale supply for recurring retail purchasing.', 'f29debd9-f943-4ba3-ab57-c7a8f639e50b', 28350, 'USD', 'discontinued', '2026-01-01T00:00:00.000Z', '2026-01-01T00:00:00.000Z'),
  ('dda3257a-3457-4e09-af29-deec242ddb8f', 'ATLAS-0472', 'Prime Electronics Supply 472', 'Electronics wholesale supply for recurring retail purchasing.', 'f4001c38-c96c-4ec2-9596-e007be968330', 26500, 'USD', 'active', '2026-01-01T00:00:00.000Z', '2026-01-01T00:00:00.000Z'),
  ('8d58997a-befc-46fc-a250-1d779d56a468', 'ATLAS-0473', 'Classic Safety Supply 473', 'Safety wholesale supply for recurring retail purchasing.', 'ed2305e9-613b-43d7-a0df-92d8def6d4f3', 25400, 'USD', 'active', '2026-01-01T00:00:00.000Z', '2026-01-01T00:00:00.000Z'),
  ('0a22220a-4f2e-4c56-b253-b44326b271f6', 'ATLAS-0474', 'Urban Apparel Supply 474', 'Apparel wholesale supply for recurring retail purchasing.', '48bc717c-65c8-4600-a379-79c1d8bda2e0', 45050, 'USD', 'active', '2026-01-01T00:00:00.000Z', '2026-01-01T00:00:00.000Z'),
  ('e31de8e1-ec99-4b18-a399-176e09af6696', 'ATLAS-0475', 'Summit Pharmacy Supply 475', 'Pharmacy wholesale supply for recurring retail purchasing.', '7c65c5bc-699f-453f-bd58-7d2fc18301f2', 30475, 'USD', 'active', '2026-01-01T00:00:00.000Z', '2026-01-01T00:00:00.000Z'),
  ('b575c4c4-3363-4576-8a80-01b3f9fe1640', 'ATLAS-0476', 'Harbor Baby Supply 476', 'Baby wholesale supply for recurring retail purchasing.', '49fa066b-724a-4fcc-b6b0-ed91137bf388', 47525, 'USD', 'active', '2026-01-01T00:00:00.000Z', '2026-01-01T00:00:00.000Z'),
  ('9d2df9b8-8630-465e-a5e7-805742afc2ed', 'ATLAS-0477', 'Valley Home Supply 477', 'Home wholesale supply for recurring retail purchasing.', '673c8a94-14e5-43ca-9f3b-d770ba7c5000', 43300, 'USD', 'active', '2026-01-01T00:00:00.000Z', '2026-01-01T00:00:00.000Z'),
  ('e1793b25-dee3-4bb9-8391-d99cb47d4d20', 'ATLAS-0478', 'Bright Garden Supply 478', 'Garden wholesale supply for recurring retail purchasing.', '40031bae-7fa8-42b4-93e7-1d1ff0d1d7a7', 42025, 'USD', 'active', '2026-01-01T00:00:00.000Z', '2026-01-01T00:00:00.000Z'),
  ('c06dcb6b-cb27-412c-90aa-3e485800182a', 'ATLAS-0479', 'North Automotive Supply 479', 'Automotive wholesale supply for recurring retail purchasing.', '095c0d61-2268-4351-98f7-1cdd968bdb9e', 5350, 'USD', 'active', '2026-01-01T00:00:00.000Z', '2026-01-01T00:00:00.000Z'),
  ('62ba3823-f7d9-429e-86f7-60d7abb44bc5', 'ATLAS-0480', 'Union Hardware Supply 480', 'Hardware wholesale supply for recurring retail purchasing.', '094db390-38ed-4c64-b09d-bca4574d6e21', 24075, 'USD', 'active', '2026-01-01T00:00:00.000Z', '2026-01-01T00:00:00.000Z'),
  ('33a35f06-3863-4a09-935b-e9547ad68e59', 'ATLAS-0481', 'Select Beverages Carton 481', 'Beverages wholesale carton for recurring retail purchasing.', 'f3503737-85ba-4660-962b-89985209518a', 24900, 'USD', 'active', '2026-01-01T00:00:00.000Z', '2026-01-01T00:00:00.000Z'),
  ('d6fea810-674c-4be6-b806-3bdd9a411291', 'ATLAS-0482', 'Prime Coffee Carton 482', 'Coffee wholesale carton for recurring retail purchasing.', 'dbcedcab-3970-4eb2-aa9a-bb1a01af0843', 31325, 'USD', 'active', '2026-01-01T00:00:00.000Z', '2026-01-01T00:00:00.000Z'),
  ('bad1e2fb-59ef-40e0-807c-ca0b8356e86b', 'ATLAS-0483', 'Classic Tea Carton 483', 'Tea wholesale carton for recurring retail purchasing.', 'f345fbe9-4617-4ca0-8d68-216e4f2ede92', 45425, 'USD', 'active', '2026-01-01T00:00:00.000Z', '2026-01-01T00:00:00.000Z'),
  ('c06f9881-909c-4b86-84e6-b5f9300e3439', 'ATLAS-0484', 'Urban Dairy Carton 484', 'Dairy wholesale carton for recurring retail purchasing.', '0f764d4a-40d5-4421-8431-2898b6a8bf5e', 2800, 'USD', 'active', '2026-01-01T00:00:00.000Z', '2026-01-01T00:00:00.000Z'),
  ('3b86a1f8-29f6-44a2-90c8-2b8c7980f302', 'ATLAS-0485', 'Summit Bakery Carton 485', 'Bakery wholesale carton for recurring retail purchasing.', 'eda4996a-70aa-4520-a16e-9fa40db4dda8', 12425, 'USD', 'active', '2026-01-01T00:00:00.000Z', '2026-01-01T00:00:00.000Z'),
  ('9ade326d-4963-4140-a4f6-b20b38ce0a46', 'ATLAS-0486', 'Harbor Pantry Carton 486', 'Pantry wholesale carton for recurring retail purchasing.', '65fdd67d-aeb0-41ad-ab69-968ec08bd213', 12250, 'USD', 'active', '2026-01-01T00:00:00.000Z', '2026-01-01T00:00:00.000Z'),
  ('10645e86-b805-491d-afbd-069c28674525', 'ATLAS-0487', 'Valley Snacks Carton 487', 'Snacks wholesale carton for recurring retail purchasing.', '7cd47fe0-613c-4468-9ab3-a2b5f044694c', 28650, 'USD', 'active', '2026-01-01T00:00:00.000Z', '2026-01-01T00:00:00.000Z'),
  ('035fc4cf-21d0-4438-816b-0b92235b8fa1', 'ATLAS-0488', 'Bright Frozen Carton 488', 'Frozen wholesale carton for recurring retail purchasing.', '6950fe24-a744-4d61-8f13-a767230601a0', 8575, 'USD', 'active', '2026-01-01T00:00:00.000Z', '2026-01-01T00:00:00.000Z'),
  ('ec5e4620-c77c-4ce7-9383-d2e70f407170', 'ATLAS-0489', 'North Produce Carton 489', 'Produce wholesale carton for recurring retail purchasing.', 'de302add-40f9-423d-bc08-6884f394da8b', 7125, 'USD', 'active', '2026-01-01T00:00:00.000Z', '2026-01-01T00:00:00.000Z'),
  ('1a9a51da-ab2c-48f2-b5c7-ddf8c9683ced', 'ATLAS-0490', 'Union Meat Carton 490', 'Meat wholesale carton for recurring retail purchasing.', '2ef5a513-3cdc-4f5c-af7e-2127f77bc0ad', 19900, 'USD', 'active', '2026-01-01T00:00:00.000Z', '2026-01-01T00:00:00.000Z'),
  ('eb39bc0b-76d5-4cd8-ac83-215bb95a33a0', 'ATLAS-0491', 'Select Seafood Lot 491', 'Seafood wholesale lot for recurring retail purchasing.', '2e48c052-32d1-4e1c-9657-435c44a724b7', 37000, 'USD', 'active', '2026-01-01T00:00:00.000Z', '2026-01-01T00:00:00.000Z'),
  ('7f527172-9999-4145-8e7e-60a12a48eb06', 'ATLAS-0492', 'Prime Cleaning Lot 492', 'Cleaning wholesale lot for recurring retail purchasing.', '48326310-e6be-4c9a-b8a7-6c94d3cda832', 2900, 'USD', 'active', '2026-01-01T00:00:00.000Z', '2026-01-01T00:00:00.000Z'),
  ('0a03749a-815c-4ce0-adcd-1de0de4c5b4a', 'ATLAS-0493', 'Classic Paper Goods Lot 493', 'Paper Goods wholesale lot for recurring retail purchasing.', 'fe5e83d5-d218-4f4d-ae93-8cd9e4a7d50b', 13375, 'USD', 'active', '2026-01-01T00:00:00.000Z', '2026-01-01T00:00:00.000Z'),
  ('9ab5199f-722f-4a89-a11c-8a3c3789e481', 'ATLAS-0494', 'Urban Kitchenware Lot 494', 'Kitchenware wholesale lot for recurring retail purchasing.', 'ed777cfa-0706-4c3c-85cc-946c23610905', 34850, 'USD', 'active', '2026-01-01T00:00:00.000Z', '2026-01-01T00:00:00.000Z'),
  ('450683ed-6ec6-454c-a6c0-04ad12cf8848', 'ATLAS-0495', 'Summit Packaging Lot 495', 'Packaging wholesale lot for recurring retail purchasing.', 'e49f5686-5547-4ddf-b5da-762d506a352a', 26150, 'USD', 'active', '2026-01-01T00:00:00.000Z', '2026-01-01T00:00:00.000Z'),
  ('c6d20d4d-49c8-4235-a0d5-d34e706423b2', 'ATLAS-0496', 'Harbor Office Lot 496', 'Office wholesale lot for recurring retail purchasing.', '2ebd965d-7629-4f21-b8a8-0e032e24313e', 37525, 'USD', 'active', '2026-01-01T00:00:00.000Z', '2026-01-01T00:00:00.000Z'),
  ('7e6b0b80-8683-49ec-bc48-c7537242ae45', 'ATLAS-0497', 'Valley Retail Displays Lot 497', 'Retail Displays wholesale lot for recurring retail purchasing.', 'd4f0abea-440d-4308-a8c4-aa0067037676', 23025, 'USD', 'active', '2026-01-01T00:00:00.000Z', '2026-01-01T00:00:00.000Z'),
  ('d9fa2700-9727-4384-a07f-54541576f134', 'ATLAS-0498', 'Bright Personal Care Lot 498', 'Personal Care wholesale lot for recurring retail purchasing.', 'cc806d01-f756-4a4a-b0ca-157acef1265b', 5800, 'USD', 'active', '2026-01-01T00:00:00.000Z', '2026-01-01T00:00:00.000Z'),
  ('d889cc11-e7ee-4552-bb32-572379509833', 'ATLAS-0499', 'North Pet Supplies Lot 499', 'Pet Supplies wholesale lot for recurring retail purchasing.', 'f9846c39-e063-4610-b2b7-9a3ded968eb9', 4300, 'USD', 'active', '2026-01-01T00:00:00.000Z', '2026-01-01T00:00:00.000Z'),
  ('7e4e8447-95ac-4bc1-a749-da9ac80148af', 'ATLAS-0500', 'Union Seasonal Lot 500', 'Seasonal wholesale lot for recurring retail purchasing.', 'e9f5975a-bb65-4756-a287-3748d34370dd', 27375, 'USD', 'active', '2026-01-01T00:00:00.000Z', '2026-01-01T00:00:00.000Z'),
  ('8b9c2d59-6f84-4ad5-bf60-18815098d88d', 'ATLAS-0501', 'Select Organic Case 501', 'Organic wholesale case for recurring retail purchasing.', '0602f02d-e4b5-4510-b62b-7ab23aa98e7f', 32475, 'USD', 'active', '2026-01-01T00:00:00.000Z', '2026-01-01T00:00:00.000Z'),
  ('05566c22-5847-426c-b991-20d6e17a8378', 'ATLAS-0502', 'Prime Bulk Grains Case 502', 'Bulk Grains wholesale case for recurring retail purchasing.', '458987d7-fdc1-40d2-899d-eb5e9dccd290', 15050, 'USD', 'active', '2026-01-01T00:00:00.000Z', '2026-01-01T00:00:00.000Z'),
  ('633076db-3221-4029-949a-8088a7090efa', 'ATLAS-0503', 'Classic Sauces Case 503', 'Sauces wholesale case for recurring retail purchasing.', '08858e05-5ad6-4c0a-9039-0a26b7d4cfb6', 16775, 'USD', 'active', '2026-01-01T00:00:00.000Z', '2026-01-01T00:00:00.000Z'),
  ('abd30716-0f56-4d0b-adf4-13e0d31b8194', 'ATLAS-0504', 'Urban Condiments Case 504', 'Condiments wholesale case for recurring retail purchasing.', 'e980f345-b5fd-4f72-a36e-ea1514214053', 46100, 'USD', 'active', '2026-01-01T00:00:00.000Z', '2026-01-01T00:00:00.000Z'),
  ('58993c91-a545-4086-9726-56eaf12b9b23', 'ATLAS-0505', 'Summit Spices Case 505', 'Spices wholesale case for recurring retail purchasing.', '9352e306-01c5-4e32-870e-352ce5c8678e', 23650, 'USD', 'active', '2026-01-01T00:00:00.000Z', '2026-01-01T00:00:00.000Z'),
  ('0dcf9b5a-622c-46ec-a672-083f3c7c10dc', 'ATLAS-0506', 'Harbor Breakfast Case 506', 'Breakfast wholesale case for recurring retail purchasing.', '25de9907-f0be-4982-9224-63a8ffc03096', 28650, 'USD', 'active', '2026-01-01T00:00:00.000Z', '2026-01-01T00:00:00.000Z'),
  ('283d2598-fa73-4b8d-ada2-c01e1f6520c0', 'ATLAS-0507', 'Valley Desserts Case 507', 'Desserts wholesale case for recurring retail purchasing.', '4acdcb03-0ee2-4145-83a4-5201e1a14bfd', 3675, 'USD', 'active', '2026-01-01T00:00:00.000Z', '2026-01-01T00:00:00.000Z'),
  ('b4a890e8-0480-418d-8a05-6e9a3bee7afe', 'ATLAS-0508', 'Bright Prepared Meals Case 508', 'Prepared Meals wholesale case for recurring retail purchasing.', '6c25a3eb-f38a-4b4d-86d2-7a34b333034e', 3300, 'USD', 'active', '2026-01-01T00:00:00.000Z', '2026-01-01T00:00:00.000Z'),
  ('7a78d14e-2352-4d5a-b8af-198e4a29768e', 'ATLAS-0509', 'North Bottled Water Case 509', 'Bottled Water wholesale case for recurring retail purchasing.', '0571229f-026f-46e1-8059-2222c9b296e9', 5875, 'USD', 'active', '2026-01-01T00:00:00.000Z', '2026-01-01T00:00:00.000Z'),
  ('45d6d399-c9f5-4317-97e2-a4b43a48565d', 'ATLAS-0510', 'Union Juices Case 510', 'Juices wholesale case for recurring retail purchasing.', '9e2ef14c-030a-44e9-8907-93beb89f96cb', 14275, 'USD', 'active', '2026-01-01T00:00:00.000Z', '2026-01-01T00:00:00.000Z'),
  ('c444acf0-15e2-41d3-a3c5-0635d5672fcd', 'ATLAS-0511', 'Select Energy Drinks Blend 511', 'Energy Drinks wholesale blend for recurring retail purchasing.', 'f29debd9-f943-4ba3-ab57-c7a8f639e50b', 9225, 'USD', 'active', '2026-01-01T00:00:00.000Z', '2026-01-01T00:00:00.000Z'),
  ('695e0919-6625-4b71-946d-222d9cc5672d', 'ATLAS-0512', 'Prime Electronics Blend 512', 'Electronics wholesale blend for recurring retail purchasing.', 'f4001c38-c96c-4ec2-9596-e007be968330', 14500, 'USD', 'active', '2026-01-01T00:00:00.000Z', '2026-01-01T00:00:00.000Z'),
  ('a8aeb3df-f95c-4d4e-baac-df7e90e5e799', 'ATLAS-0513', 'Classic Safety Blend 513', 'Safety wholesale blend for recurring retail purchasing.', 'ed2305e9-613b-43d7-a0df-92d8def6d4f3', 28400, 'USD', 'active', '2026-01-01T00:00:00.000Z', '2026-01-01T00:00:00.000Z'),
  ('6054e2ca-94fb-4c6b-9a6e-1d58f85f10eb', 'ATLAS-0514', 'Urban Apparel Blend 514', 'Apparel wholesale blend for recurring retail purchasing.', '48bc717c-65c8-4600-a379-79c1d8bda2e0', 48200, 'USD', 'active', '2026-01-01T00:00:00.000Z', '2026-01-01T00:00:00.000Z'),
  ('d114e632-cf3f-4c8d-aa2d-586d5d08574d', 'ATLAS-0515', 'Summit Pharmacy Blend 515', 'Pharmacy wholesale blend for recurring retail purchasing.', '7c65c5bc-699f-453f-bd58-7d2fc18301f2', 5900, 'USD', 'active', '2026-01-01T00:00:00.000Z', '2026-01-01T00:00:00.000Z'),
  ('25a0a7be-2908-4727-8799-55ece5e47c74', 'ATLAS-0516', 'Harbor Baby Blend 516', 'Baby wholesale blend for recurring retail purchasing.', '49fa066b-724a-4fcc-b6b0-ed91137bf388', 47200, 'USD', 'active', '2026-01-01T00:00:00.000Z', '2026-01-01T00:00:00.000Z'),
  ('9fc095a3-e2d3-4037-ab31-450bb7f9ffa0', 'ATLAS-0517', 'Valley Home Blend 517', 'Home wholesale blend for recurring retail purchasing.', '673c8a94-14e5-43ca-9f3b-d770ba7c5000', 13975, 'USD', 'active', '2026-01-01T00:00:00.000Z', '2026-01-01T00:00:00.000Z'),
  ('dd42d1f9-2539-435d-a169-7f04684231f9', 'ATLAS-0518', 'Bright Garden Blend 518', 'Garden wholesale blend for recurring retail purchasing.', '40031bae-7fa8-42b4-93e7-1d1ff0d1d7a7', 40975, 'USD', 'discontinued', '2026-01-01T00:00:00.000Z', '2026-01-01T00:00:00.000Z'),
  ('14d228a2-311e-40d6-8b50-7545b412d7f3', 'ATLAS-0519', 'North Automotive Blend 519', 'Automotive wholesale blend for recurring retail purchasing.', '095c0d61-2268-4351-98f7-1cdd968bdb9e', 44650, 'USD', 'active', '2026-01-01T00:00:00.000Z', '2026-01-01T00:00:00.000Z'),
  ('396b773e-ac68-4943-bb3a-48a90d603b51', 'ATLAS-0520', 'Union Hardware Blend 520', 'Hardware wholesale blend for recurring retail purchasing.', '094db390-38ed-4c64-b09d-bca4574d6e21', 33400, 'USD', 'active', '2026-01-01T00:00:00.000Z', '2026-01-01T00:00:00.000Z'),
  ('e1cc669f-b17b-4bb1-ad00-20b63fd8b2b8', 'ATLAS-0521', 'Select Beverages Pack 521', 'Beverages wholesale pack for recurring retail purchasing.', 'f3503737-85ba-4660-962b-89985209518a', 48575, 'USD', 'active', '2026-01-01T00:00:00.000Z', '2026-01-01T00:00:00.000Z'),
  ('fd468096-f7a1-4dd8-95c7-30b3f157f506', 'ATLAS-0522', 'Prime Coffee Pack 522', 'Coffee wholesale pack for recurring retail purchasing.', 'dbcedcab-3970-4eb2-aa9a-bb1a01af0843', 6900, 'USD', 'active', '2026-01-01T00:00:00.000Z', '2026-01-01T00:00:00.000Z'),
  ('8f3f2661-96ba-481d-9897-539a07f3426a', 'ATLAS-0523', 'Classic Tea Pack 523', 'Tea wholesale pack for recurring retail purchasing.', 'f345fbe9-4617-4ca0-8d68-216e4f2ede92', 14700, 'USD', 'active', '2026-01-01T00:00:00.000Z', '2026-01-01T00:00:00.000Z'),
  ('4aa61ce2-20da-4aa5-a717-de4146aa7117', 'ATLAS-0524', 'Urban Dairy Pack 524', 'Dairy wholesale pack for recurring retail purchasing.', '0f764d4a-40d5-4421-8431-2898b6a8bf5e', 29025, 'USD', 'active', '2026-01-01T00:00:00.000Z', '2026-01-01T00:00:00.000Z'),
  ('ebdafa3b-df27-418c-951a-d47597db8eba', 'ATLAS-0525', 'Summit Bakery Pack 525', 'Bakery wholesale pack for recurring retail purchasing.', 'eda4996a-70aa-4520-a16e-9fa40db4dda8', 34275, 'USD', 'active', '2026-01-01T00:00:00.000Z', '2026-01-01T00:00:00.000Z'),
  ('318a191b-0326-4ffc-97a8-3d1bd4cc12ba', 'ATLAS-0526', 'Harbor Pantry Pack 526', 'Pantry wholesale pack for recurring retail purchasing.', '65fdd67d-aeb0-41ad-ab69-968ec08bd213', 1300, 'USD', 'active', '2026-01-01T00:00:00.000Z', '2026-01-01T00:00:00.000Z'),
  ('da8b3a44-5156-4beb-9429-b442467b38c5', 'ATLAS-0527', 'Valley Snacks Pack 527', 'Snacks wholesale pack for recurring retail purchasing.', '7cd47fe0-613c-4468-9ab3-a2b5f044694c', 21875, 'USD', 'active', '2026-01-01T00:00:00.000Z', '2026-01-01T00:00:00.000Z'),
  ('bb2a1401-108f-4512-b40b-2926d68f3fa6', 'ATLAS-0528', 'Bright Frozen Pack 528', 'Frozen wholesale pack for recurring retail purchasing.', '6950fe24-a744-4d61-8f13-a767230601a0', 42400, 'USD', 'active', '2026-01-01T00:00:00.000Z', '2026-01-01T00:00:00.000Z'),
  ('8a9b6183-9f2b-471b-ae88-05c1d6634ac0', 'ATLAS-0529', 'North Produce Pack 529', 'Produce wholesale pack for recurring retail purchasing.', 'de302add-40f9-423d-bc08-6884f394da8b', 1650, 'USD', 'active', '2026-01-01T00:00:00.000Z', '2026-01-01T00:00:00.000Z'),
  ('5dc3fc0e-5179-410a-b54d-e1e81c037f21', 'ATLAS-0530', 'Union Meat Pack 530', 'Meat wholesale pack for recurring retail purchasing.', '2ef5a513-3cdc-4f5c-af7e-2127f77bc0ad', 11075, 'USD', 'active', '2026-01-01T00:00:00.000Z', '2026-01-01T00:00:00.000Z'),
  ('d0332714-1deb-4921-a9d1-d7feddafc4bb', 'ATLAS-0531', 'Select Seafood Crate 531', 'Seafood wholesale crate for recurring retail purchasing.', '2e48c052-32d1-4e1c-9657-435c44a724b7', 6375, 'USD', 'active', '2026-01-01T00:00:00.000Z', '2026-01-01T00:00:00.000Z'),
  ('651061dd-8baf-4cf9-a0bc-0667b8ff55b2', 'ATLAS-0532', 'Prime Cleaning Crate 532', 'Cleaning wholesale crate for recurring retail purchasing.', '48326310-e6be-4c9a-b8a7-6c94d3cda832', 1075, 'USD', 'active', '2026-01-01T00:00:00.000Z', '2026-01-01T00:00:00.000Z'),
  ('440739fd-3acb-4f45-9d4f-012e958d2d91', 'ATLAS-0533', 'Classic Paper Goods Crate 533', 'Paper Goods wholesale crate for recurring retail purchasing.', 'fe5e83d5-d218-4f4d-ae93-8cd9e4a7d50b', 14500, 'USD', 'active', '2026-01-01T00:00:00.000Z', '2026-01-01T00:00:00.000Z'),
  ('a3cc56e1-5eb1-4396-92d9-43ef6d6ee3e2', 'ATLAS-0534', 'Urban Kitchenware Crate 534', 'Kitchenware wholesale crate for recurring retail purchasing.', 'ed777cfa-0706-4c3c-85cc-946c23610905', 49100, 'USD', 'active', '2026-01-01T00:00:00.000Z', '2026-01-01T00:00:00.000Z'),
  ('c262d54c-f399-45de-922e-1ee2b2e7d01d', 'ATLAS-0535', 'Summit Packaging Crate 535', 'Packaging wholesale crate for recurring retail purchasing.', 'e49f5686-5547-4ddf-b5da-762d506a352a', 12475, 'USD', 'active', '2026-01-01T00:00:00.000Z', '2026-01-01T00:00:00.000Z'),
  ('be62b3b9-5e39-4727-a59a-85c3c74ef945', 'ATLAS-0536', 'Harbor Office Crate 536', 'Office wholesale crate for recurring retail purchasing.', '2ebd965d-7629-4f21-b8a8-0e032e24313e', 43100, 'USD', 'active', '2026-01-01T00:00:00.000Z', '2026-01-01T00:00:00.000Z'),
  ('dc8e9e0e-71f0-4277-9a65-c066cb1786f0', 'ATLAS-0537', 'Valley Retail Displays Crate 537', 'Retail Displays wholesale crate for recurring retail purchasing.', 'd4f0abea-440d-4308-a8c4-aa0067037676', 41600, 'USD', 'active', '2026-01-01T00:00:00.000Z', '2026-01-01T00:00:00.000Z'),
  ('8bfeb6ca-c4e0-421b-a2d4-874d2dfd80b3', 'ATLAS-0538', 'Bright Personal Care Crate 538', 'Personal Care wholesale crate for recurring retail purchasing.', 'cc806d01-f756-4a4a-b0ca-157acef1265b', 45075, 'USD', 'active', '2026-01-01T00:00:00.000Z', '2026-01-01T00:00:00.000Z'),
  ('cbd24ecb-bf5a-491e-8d98-0a16a4b4d6a5', 'ATLAS-0539', 'North Pet Supplies Crate 539', 'Pet Supplies wholesale crate for recurring retail purchasing.', 'f9846c39-e063-4610-b2b7-9a3ded968eb9', 10950, 'USD', 'active', '2026-01-01T00:00:00.000Z', '2026-01-01T00:00:00.000Z'),
  ('3a270fab-897d-4fad-9220-d0358aadabd9', 'ATLAS-0540', 'Union Seasonal Crate 540', 'Seasonal wholesale crate for recurring retail purchasing.', 'e9f5975a-bb65-4756-a287-3748d34370dd', 43875, 'USD', 'active', '2026-01-01T00:00:00.000Z', '2026-01-01T00:00:00.000Z'),
  ('e6956dec-736f-467f-89b4-4cba1710c081', 'ATLAS-0541', 'Select Organic Bundle 541', 'Organic wholesale bundle for recurring retail purchasing.', '0602f02d-e4b5-4510-b62b-7ab23aa98e7f', 37425, 'USD', 'active', '2026-01-01T00:00:00.000Z', '2026-01-01T00:00:00.000Z'),
  ('6e41a629-5257-4e9e-8ec5-323756652baf', 'ATLAS-0542', 'Prime Bulk Grains Bundle 542', 'Bulk Grains wholesale bundle for recurring retail purchasing.', '458987d7-fdc1-40d2-899d-eb5e9dccd290', 30825, 'USD', 'active', '2026-01-01T00:00:00.000Z', '2026-01-01T00:00:00.000Z'),
  ('5d3de8c9-b513-4096-90a2-d827ee8efff8', 'ATLAS-0543', 'Classic Sauces Bundle 543', 'Sauces wholesale bundle for recurring retail purchasing.', '08858e05-5ad6-4c0a-9039-0a26b7d4cfb6', 16075, 'USD', 'active', '2026-01-01T00:00:00.000Z', '2026-01-01T00:00:00.000Z'),
  ('12b7ae7f-1aba-4fc9-bbbe-181b3cdcaf5f', 'ATLAS-0544', 'Urban Condiments Bundle 544', 'Condiments wholesale bundle for recurring retail purchasing.', 'e980f345-b5fd-4f72-a36e-ea1514214053', 7800, 'USD', 'active', '2026-01-01T00:00:00.000Z', '2026-01-01T00:00:00.000Z'),
  ('468b93d7-e3b6-432b-81cf-1f3e4e59f605', 'ATLAS-0545', 'Summit Spices Bundle 545', 'Spices wholesale bundle for recurring retail purchasing.', '9352e306-01c5-4e32-870e-352ce5c8678e', 44400, 'USD', 'active', '2026-01-01T00:00:00.000Z', '2026-01-01T00:00:00.000Z'),
  ('34368537-b0a8-4da6-b6ad-bcf2e60ccf08', 'ATLAS-0546', 'Harbor Breakfast Bundle 546', 'Breakfast wholesale bundle for recurring retail purchasing.', '25de9907-f0be-4982-9224-63a8ffc03096', 48825, 'USD', 'active', '2026-01-01T00:00:00.000Z', '2026-01-01T00:00:00.000Z'),
  ('6c031663-912b-4802-a7a8-848cd009f6eb', 'ATLAS-0547', 'Valley Desserts Bundle 547', 'Desserts wholesale bundle for recurring retail purchasing.', '4acdcb03-0ee2-4145-83a4-5201e1a14bfd', 34775, 'USD', 'active', '2026-01-01T00:00:00.000Z', '2026-01-01T00:00:00.000Z'),
  ('00380f39-0449-4263-b94a-2814fba7f03a', 'ATLAS-0548', 'Bright Prepared Meals Bundle 548', 'Prepared Meals wholesale bundle for recurring retail purchasing.', '6c25a3eb-f38a-4b4d-86d2-7a34b333034e', 25175, 'USD', 'active', '2026-01-01T00:00:00.000Z', '2026-01-01T00:00:00.000Z'),
  ('e722928d-a7ed-4967-9bdc-5e7ffb824ad8', 'ATLAS-0549', 'North Bottled Water Bundle 549', 'Bottled Water wholesale bundle for recurring retail purchasing.', '0571229f-026f-46e1-8059-2222c9b296e9', 43575, 'USD', 'active', '2026-01-01T00:00:00.000Z', '2026-01-01T00:00:00.000Z'),
  ('569e974e-93c9-48d0-9007-54e0b66c866c', 'ATLAS-0550', 'Union Juices Bundle 550', 'Juices wholesale bundle for recurring retail purchasing.', '9e2ef14c-030a-44e9-8907-93beb89f96cb', 26575, 'USD', 'active', '2026-01-01T00:00:00.000Z', '2026-01-01T00:00:00.000Z'),
  ('473d20b3-5a6b-4c8c-bb3e-eadb47556da9', 'ATLAS-0551', 'Select Energy Drinks Mix 551', 'Energy Drinks wholesale mix for recurring retail purchasing.', 'f29debd9-f943-4ba3-ab57-c7a8f639e50b', 37325, 'USD', 'active', '2026-01-01T00:00:00.000Z', '2026-01-01T00:00:00.000Z'),
  ('68391a2c-5f48-41a1-a273-f319499408a5', 'ATLAS-0552', 'Prime Electronics Mix 552', 'Electronics wholesale mix for recurring retail purchasing.', 'f4001c38-c96c-4ec2-9596-e007be968330', 13900, 'USD', 'active', '2026-01-01T00:00:00.000Z', '2026-01-01T00:00:00.000Z'),
  ('925b2e0b-f1b9-4eec-bede-605f779cd946', 'ATLAS-0553', 'Classic Safety Mix 553', 'Safety wholesale mix for recurring retail purchasing.', 'ed2305e9-613b-43d7-a0df-92d8def6d4f3', 21775, 'USD', 'active', '2026-01-01T00:00:00.000Z', '2026-01-01T00:00:00.000Z'),
  ('afc8382c-7526-4085-8284-e58a434484bf', 'ATLAS-0554', 'Urban Apparel Mix 554', 'Apparel wholesale mix for recurring retail purchasing.', '48bc717c-65c8-4600-a379-79c1d8bda2e0', 1850, 'USD', 'active', '2026-01-01T00:00:00.000Z', '2026-01-01T00:00:00.000Z'),
  ('47fe4fd3-259a-44ad-95d2-daaadc85d308', 'ATLAS-0555', 'Summit Pharmacy Mix 555', 'Pharmacy wholesale mix for recurring retail purchasing.', '7c65c5bc-699f-453f-bd58-7d2fc18301f2', 1625, 'USD', 'active', '2026-01-01T00:00:00.000Z', '2026-01-01T00:00:00.000Z'),
  ('cbcffcdc-2493-4a93-a18a-f15a50657b42', 'ATLAS-0556', 'Harbor Baby Mix 556', 'Baby wholesale mix for recurring retail purchasing.', '49fa066b-724a-4fcc-b6b0-ed91137bf388', 3500, 'USD', 'active', '2026-01-01T00:00:00.000Z', '2026-01-01T00:00:00.000Z'),
  ('c5a743fb-aa06-4326-ab43-d1ff706a3db2', 'ATLAS-0557', 'Valley Home Mix 557', 'Home wholesale mix for recurring retail purchasing.', '673c8a94-14e5-43ca-9f3b-d770ba7c5000', 17475, 'USD', 'active', '2026-01-01T00:00:00.000Z', '2026-01-01T00:00:00.000Z'),
  ('3030e7b2-20a3-4776-a172-693db8c3acfe', 'ATLAS-0558', 'Bright Garden Mix 558', 'Garden wholesale mix for recurring retail purchasing.', '40031bae-7fa8-42b4-93e7-1d1ff0d1d7a7', 41250, 'USD', 'active', '2026-01-01T00:00:00.000Z', '2026-01-01T00:00:00.000Z'),
  ('be85b935-58f4-46cd-b1ba-3ec76a76b155', 'ATLAS-0559', 'North Automotive Mix 559', 'Automotive wholesale mix for recurring retail purchasing.', '095c0d61-2268-4351-98f7-1cdd968bdb9e', 29425, 'USD', 'active', '2026-01-01T00:00:00.000Z', '2026-01-01T00:00:00.000Z'),
  ('dbb394d2-ca13-4c60-92fc-a1fb75e0d5ca', 'ATLAS-0560', 'Union Hardware Mix 560', 'Hardware wholesale mix for recurring retail purchasing.', '094db390-38ed-4c64-b09d-bca4574d6e21', 18325, 'USD', 'active', '2026-01-01T00:00:00.000Z', '2026-01-01T00:00:00.000Z'),
  ('ef569715-bab8-4e7c-9b5d-59c71b7e851f', 'ATLAS-0561', 'Select Beverages Reserve 561', 'Beverages wholesale reserve for recurring retail purchasing.', 'f3503737-85ba-4660-962b-89985209518a', 25400, 'USD', 'active', '2026-01-01T00:00:00.000Z', '2026-01-01T00:00:00.000Z'),
  ('b57ae1b9-f1f2-43dd-a994-92e1dec8fc09', 'ATLAS-0562', 'Prime Coffee Reserve 562', 'Coffee wholesale reserve for recurring retail purchasing.', 'dbcedcab-3970-4eb2-aa9a-bb1a01af0843', 45475, 'USD', 'active', '2026-01-01T00:00:00.000Z', '2026-01-01T00:00:00.000Z'),
  ('01badffa-1734-4e42-b8f2-f870dd56d5b4', 'ATLAS-0563', 'Classic Tea Reserve 563', 'Tea wholesale reserve for recurring retail purchasing.', 'f345fbe9-4617-4ca0-8d68-216e4f2ede92', 12850, 'USD', 'active', '2026-01-01T00:00:00.000Z', '2026-01-01T00:00:00.000Z'),
  ('4a37a49d-5168-4e2a-9519-945e0ab7f505', 'ATLAS-0564', 'Urban Dairy Reserve 564', 'Dairy wholesale reserve for recurring retail purchasing.', '0f764d4a-40d5-4421-8431-2898b6a8bf5e', 16550, 'USD', 'active', '2026-01-01T00:00:00.000Z', '2026-01-01T00:00:00.000Z'),
  ('6bdcccd8-28eb-4233-b6b6-7cd134e794a5', 'ATLAS-0565', 'Summit Bakery Reserve 565', 'Bakery wholesale reserve for recurring retail purchasing.', 'eda4996a-70aa-4520-a16e-9fa40db4dda8', 20000, 'USD', 'discontinued', '2026-01-01T00:00:00.000Z', '2026-01-01T00:00:00.000Z'),
  ('2a00a921-d16a-459c-a08c-09110c5c88bf', 'ATLAS-0566', 'Harbor Pantry Reserve 566', 'Pantry wholesale reserve for recurring retail purchasing.', '65fdd67d-aeb0-41ad-ab69-968ec08bd213', 36025, 'USD', 'active', '2026-01-01T00:00:00.000Z', '2026-01-01T00:00:00.000Z'),
  ('dcf5fa33-35a7-4dd2-a491-9236fbc83ae4', 'ATLAS-0567', 'Valley Snacks Reserve 567', 'Snacks wholesale reserve for recurring retail purchasing.', '7cd47fe0-613c-4468-9ab3-a2b5f044694c', 3925, 'USD', 'active', '2026-01-01T00:00:00.000Z', '2026-01-01T00:00:00.000Z'),
  ('5638a8fe-8420-4c05-8262-0e9612393459', 'ATLAS-0568', 'Bright Frozen Reserve 568', 'Frozen wholesale reserve for recurring retail purchasing.', '6950fe24-a744-4d61-8f13-a767230601a0', 45450, 'USD', 'active', '2026-01-01T00:00:00.000Z', '2026-01-01T00:00:00.000Z'),
  ('d55bbe53-4850-4014-9b5a-2431c1bf3ed8', 'ATLAS-0569', 'North Produce Reserve 569', 'Produce wholesale reserve for recurring retail purchasing.', 'de302add-40f9-423d-bc08-6884f394da8b', 9325, 'USD', 'active', '2026-01-01T00:00:00.000Z', '2026-01-01T00:00:00.000Z'),
  ('c9ca7324-f908-425a-98ff-da06504f0842', 'ATLAS-0570', 'Union Meat Reserve 570', 'Meat wholesale reserve for recurring retail purchasing.', '2ef5a513-3cdc-4f5c-af7e-2127f77bc0ad', 6175, 'USD', 'active', '2026-01-01T00:00:00.000Z', '2026-01-01T00:00:00.000Z'),
  ('5ece2ca0-250c-42b3-9ea9-dc6c90abfcd8', 'ATLAS-0571', 'Select Seafood Supply 571', 'Seafood wholesale supply for recurring retail purchasing.', '2e48c052-32d1-4e1c-9657-435c44a724b7', 29900, 'USD', 'active', '2026-01-01T00:00:00.000Z', '2026-01-01T00:00:00.000Z'),
  ('688e13dc-e3a4-4e57-9d5b-f0d976fcab8b', 'ATLAS-0572', 'Prime Cleaning Supply 572', 'Cleaning wholesale supply for recurring retail purchasing.', '48326310-e6be-4c9a-b8a7-6c94d3cda832', 35025, 'USD', 'active', '2026-01-01T00:00:00.000Z', '2026-01-01T00:00:00.000Z'),
  ('50f97fc2-1315-454e-a120-66f848b4188a', 'ATLAS-0573', 'Classic Paper Goods Supply 573', 'Paper Goods wholesale supply for recurring retail purchasing.', 'fe5e83d5-d218-4f4d-ae93-8cd9e4a7d50b', 27950, 'USD', 'active', '2026-01-01T00:00:00.000Z', '2026-01-01T00:00:00.000Z'),
  ('472a0269-3ac1-4c62-a4b6-00dfababf0dc', 'ATLAS-0574', 'Urban Kitchenware Supply 574', 'Kitchenware wholesale supply for recurring retail purchasing.', 'ed777cfa-0706-4c3c-85cc-946c23610905', 1000, 'USD', 'active', '2026-01-01T00:00:00.000Z', '2026-01-01T00:00:00.000Z'),
  ('d10a873a-32f1-4a52-80ca-61a71e67449d', 'ATLAS-0575', 'Summit Packaging Supply 575', 'Packaging wholesale supply for recurring retail purchasing.', 'e49f5686-5547-4ddf-b5da-762d506a352a', 5100, 'USD', 'active', '2026-01-01T00:00:00.000Z', '2026-01-01T00:00:00.000Z'),
  ('13c76ca6-1be6-4aaf-893e-e796aac0075a', 'ATLAS-0576', 'Harbor Office Supply 576', 'Office wholesale supply for recurring retail purchasing.', '2ebd965d-7629-4f21-b8a8-0e032e24313e', 38800, 'USD', 'active', '2026-01-01T00:00:00.000Z', '2026-01-01T00:00:00.000Z'),
  ('54bee8a2-0fcd-4a3d-ba95-243932d932e4', 'ATLAS-0577', 'Valley Retail Displays Supply 577', 'Retail Displays wholesale supply for recurring retail purchasing.', 'd4f0abea-440d-4308-a8c4-aa0067037676', 2700, 'USD', 'active', '2026-01-01T00:00:00.000Z', '2026-01-01T00:00:00.000Z'),
  ('91168ef3-8146-40f1-81c3-64d997029534', 'ATLAS-0578', 'Bright Personal Care Supply 578', 'Personal Care wholesale supply for recurring retail purchasing.', 'cc806d01-f756-4a4a-b0ca-157acef1265b', 31625, 'USD', 'active', '2026-01-01T00:00:00.000Z', '2026-01-01T00:00:00.000Z'),
  ('1330615a-807a-4198-85eb-0b65a3704c68', 'ATLAS-0579', 'North Pet Supplies Supply 579', 'Pet Supplies wholesale supply for recurring retail purchasing.', 'f9846c39-e063-4610-b2b7-9a3ded968eb9', 5925, 'USD', 'active', '2026-01-01T00:00:00.000Z', '2026-01-01T00:00:00.000Z'),
  ('278682db-70ea-4c1c-96a5-66fb416f7f35', 'ATLAS-0580', 'Union Seasonal Supply 580', 'Seasonal wholesale supply for recurring retail purchasing.', 'e9f5975a-bb65-4756-a287-3748d34370dd', 41525, 'USD', 'active', '2026-01-01T00:00:00.000Z', '2026-01-01T00:00:00.000Z'),
  ('b31760c1-6194-4ba8-beff-711af74ed921', 'ATLAS-0581', 'Select Organic Carton 581', 'Organic wholesale carton for recurring retail purchasing.', '0602f02d-e4b5-4510-b62b-7ab23aa98e7f', 30825, 'USD', 'active', '2026-01-01T00:00:00.000Z', '2026-01-01T00:00:00.000Z'),
  ('ba75e03f-601a-4b80-9828-fb46917dfb6a', 'ATLAS-0582', 'Prime Bulk Grains Carton 582', 'Bulk Grains wholesale carton for recurring retail purchasing.', '458987d7-fdc1-40d2-899d-eb5e9dccd290', 24900, 'USD', 'active', '2026-01-01T00:00:00.000Z', '2026-01-01T00:00:00.000Z'),
  ('36a3215c-4613-4b43-a656-848d0fc231e7', 'ATLAS-0583', 'Classic Sauces Carton 583', 'Sauces wholesale carton for recurring retail purchasing.', '08858e05-5ad6-4c0a-9039-0a26b7d4cfb6', 21750, 'USD', 'active', '2026-01-01T00:00:00.000Z', '2026-01-01T00:00:00.000Z'),
  ('8a30ff91-80d2-49a2-961f-24126cc3b3b0', 'ATLAS-0584', 'Urban Condiments Carton 584', 'Condiments wholesale carton for recurring retail purchasing.', 'e980f345-b5fd-4f72-a36e-ea1514214053', 46100, 'USD', 'active', '2026-01-01T00:00:00.000Z', '2026-01-01T00:00:00.000Z'),
  ('aff01ebf-8310-49d5-84f4-ac294e89c322', 'ATLAS-0585', 'Summit Spices Carton 585', 'Spices wholesale carton for recurring retail purchasing.', '9352e306-01c5-4e32-870e-352ce5c8678e', 15575, 'USD', 'active', '2026-01-01T00:00:00.000Z', '2026-01-01T00:00:00.000Z'),
  ('0d3d71f4-be69-4b7b-9d79-8e6d4eccf143', 'ATLAS-0586', 'Harbor Breakfast Carton 586', 'Breakfast wholesale carton for recurring retail purchasing.', '25de9907-f0be-4982-9224-63a8ffc03096', 21325, 'USD', 'active', '2026-01-01T00:00:00.000Z', '2026-01-01T00:00:00.000Z'),
  ('95ff271f-952a-45c4-be43-1cf8f0c28298', 'ATLAS-0587', 'Valley Desserts Carton 587', 'Desserts wholesale carton for recurring retail purchasing.', '4acdcb03-0ee2-4145-83a4-5201e1a14bfd', 28125, 'USD', 'active', '2026-01-01T00:00:00.000Z', '2026-01-01T00:00:00.000Z'),
  ('b3930625-9f9a-4b68-925e-72324f32dd6b', 'ATLAS-0588', 'Bright Prepared Meals Carton 588', 'Prepared Meals wholesale carton for recurring retail purchasing.', '6c25a3eb-f38a-4b4d-86d2-7a34b333034e', 9925, 'USD', 'active', '2026-01-01T00:00:00.000Z', '2026-01-01T00:00:00.000Z'),
  ('785d3632-f91f-44ec-8d01-065825cbcfff', 'ATLAS-0589', 'North Bottled Water Carton 589', 'Bottled Water wholesale carton for recurring retail purchasing.', '0571229f-026f-46e1-8059-2222c9b296e9', 4625, 'USD', 'active', '2026-01-01T00:00:00.000Z', '2026-01-01T00:00:00.000Z'),
  ('37b476bd-cb3c-4088-a6b2-231185831616', 'ATLAS-0590', 'Union Juices Carton 590', 'Juices wholesale carton for recurring retail purchasing.', '9e2ef14c-030a-44e9-8907-93beb89f96cb', 28425, 'USD', 'active', '2026-01-01T00:00:00.000Z', '2026-01-01T00:00:00.000Z'),
  ('fa755f3e-603e-4de3-9d61-c6d3a86820c6', 'ATLAS-0591', 'Select Energy Drinks Lot 591', 'Energy Drinks wholesale lot for recurring retail purchasing.', 'f29debd9-f943-4ba3-ab57-c7a8f639e50b', 25700, 'USD', 'active', '2026-01-01T00:00:00.000Z', '2026-01-01T00:00:00.000Z'),
  ('12bdd355-b1c4-4f0a-a79d-203f127d581f', 'ATLAS-0592', 'Prime Electronics Lot 592', 'Electronics wholesale lot for recurring retail purchasing.', 'f4001c38-c96c-4ec2-9596-e007be968330', 32575, 'USD', 'active', '2026-01-01T00:00:00.000Z', '2026-01-01T00:00:00.000Z'),
  ('dcfb1491-ef16-47bb-85f0-1189a43908b1', 'ATLAS-0593', 'Classic Safety Lot 593', 'Safety wholesale lot for recurring retail purchasing.', 'ed2305e9-613b-43d7-a0df-92d8def6d4f3', 36775, 'USD', 'active', '2026-01-01T00:00:00.000Z', '2026-01-01T00:00:00.000Z'),
  ('1c0bfd0c-94fb-4aae-a11e-6009907c43e8', 'ATLAS-0594', 'Urban Apparel Lot 594', 'Apparel wholesale lot for recurring retail purchasing.', '48bc717c-65c8-4600-a379-79c1d8bda2e0', 25325, 'USD', 'active', '2026-01-01T00:00:00.000Z', '2026-01-01T00:00:00.000Z'),
  ('f121f3fc-7501-4c2c-abc2-ea1846f73393', 'ATLAS-0595', 'Summit Pharmacy Lot 595', 'Pharmacy wholesale lot for recurring retail purchasing.', '7c65c5bc-699f-453f-bd58-7d2fc18301f2', 7125, 'USD', 'active', '2026-01-01T00:00:00.000Z', '2026-01-01T00:00:00.000Z'),
  ('70c34ea8-3580-4dfa-b77c-93be99227818', 'ATLAS-0596', 'Harbor Baby Lot 596', 'Baby wholesale lot for recurring retail purchasing.', '49fa066b-724a-4fcc-b6b0-ed91137bf388', 40050, 'USD', 'active', '2026-01-01T00:00:00.000Z', '2026-01-01T00:00:00.000Z'),
  ('318b297b-2e99-4733-9343-53eb55937c75', 'ATLAS-0597', 'Valley Home Lot 597', 'Home wholesale lot for recurring retail purchasing.', '673c8a94-14e5-43ca-9f3b-d770ba7c5000', 14400, 'USD', 'active', '2026-01-01T00:00:00.000Z', '2026-01-01T00:00:00.000Z'),
  ('ab28aaca-4a55-404e-8c83-4fa1b4f5a24f', 'ATLAS-0598', 'Bright Garden Lot 598', 'Garden wholesale lot for recurring retail purchasing.', '40031bae-7fa8-42b4-93e7-1d1ff0d1d7a7', 10375, 'USD', 'active', '2026-01-01T00:00:00.000Z', '2026-01-01T00:00:00.000Z'),
  ('7c3d6c2b-cbe6-48fa-8a23-6571647c9ea6', 'ATLAS-0599', 'North Automotive Lot 599', 'Automotive wholesale lot for recurring retail purchasing.', '095c0d61-2268-4351-98f7-1cdd968bdb9e', 34050, 'USD', 'active', '2026-01-01T00:00:00.000Z', '2026-01-01T00:00:00.000Z'),
  ('6713ece6-16a5-466e-8595-437e06d02dba', 'ATLAS-0600', 'Union Hardware Lot 600', 'Hardware wholesale lot for recurring retail purchasing.', '094db390-38ed-4c64-b09d-bca4574d6e21', 36150, 'USD', 'active', '2026-01-01T00:00:00.000Z', '2026-01-01T00:00:00.000Z')
ON CONFLICT (id) DO NOTHING;

INSERT INTO inventory.warehouses (id, code, name, region) VALUES
  ('9d3d4888-fd33-42b0-b81d-ee7321833a72', 'US-WEST', 'Los Angeles Regional DC', 'US-WEST'),
  ('90a826b1-761e-47f5-bab2-5b57c401f3fa', 'US-EAST', 'New Jersey Regional DC', 'US-EAST'),
  ('8e4b7baf-9cb3-45b4-8bc5-20efffb929f9', 'APAC-SEOUL', 'Seoul APAC DC', 'APAC')
ON CONFLICT (id) DO NOTHING;

INSERT INTO inventory.stock_levels (warehouse_id, product_id, on_hand, reserved, updated_at) VALUES
  ('9d3d4888-fd33-42b0-b81d-ee7321833a72', 'c5b42bdf-7557-4e34-9cf1-197168875e82', 364, 0, '2026-01-01T00:00:00.000Z'),
  ('90a826b1-761e-47f5-bab2-5b57c401f3fa', 'd4516684-c29e-4f3b-a5b3-222345391bf5', 95, 0, '2026-01-01T00:00:00.000Z'),
  ('8e4b7baf-9cb3-45b4-8bc5-20efffb929f9', 'd4516684-c29e-4f3b-a5b3-222345391bf5', 178, 0, '2026-01-01T00:00:00.000Z'),
  ('8e4b7baf-9cb3-45b4-8bc5-20efffb929f9', '99083359-c706-42a5-8805-bb79b4088728', 241, 0, '2026-01-01T00:00:00.000Z'),
  ('9d3d4888-fd33-42b0-b81d-ee7321833a72', '99083359-c706-42a5-8805-bb79b4088728', 75, 0, '2026-01-01T00:00:00.000Z'),
  ('90a826b1-761e-47f5-bab2-5b57c401f3fa', '99083359-c706-42a5-8805-bb79b4088728', 330, 0, '2026-01-01T00:00:00.000Z'),
  ('9d3d4888-fd33-42b0-b81d-ee7321833a72', '311d8691-ceda-4e48-a754-f6776d135446', 401, 0, '2026-01-01T00:00:00.000Z'),
  ('90a826b1-761e-47f5-bab2-5b57c401f3fa', 'abc2deaf-1a2e-4920-8a41-35d902b9909f', 174, 0, '2026-01-01T00:00:00.000Z'),
  ('8e4b7baf-9cb3-45b4-8bc5-20efffb929f9', 'abc2deaf-1a2e-4920-8a41-35d902b9909f', 286, 0, '2026-01-01T00:00:00.000Z'),
  ('8e4b7baf-9cb3-45b4-8bc5-20efffb929f9', '68f1febd-52cb-4eeb-9b6a-89b31d1dcf08', 311, 0, '2026-01-01T00:00:00.000Z'),
  ('9d3d4888-fd33-42b0-b81d-ee7321833a72', '68f1febd-52cb-4eeb-9b6a-89b31d1dcf08', 437, 0, '2026-01-01T00:00:00.000Z'),
  ('90a826b1-761e-47f5-bab2-5b57c401f3fa', '68f1febd-52cb-4eeb-9b6a-89b31d1dcf08', 90, 0, '2026-01-01T00:00:00.000Z'),
  ('9d3d4888-fd33-42b0-b81d-ee7321833a72', 'cb7bcbe9-b5c5-41a6-951c-1a8af33f201a', 459, 0, '2026-01-01T00:00:00.000Z'),
  ('90a826b1-761e-47f5-bab2-5b57c401f3fa', '6d50d507-19d3-4100-b04a-4b9f30b56c6f', 208, 0, '2026-01-01T00:00:00.000Z'),
  ('8e4b7baf-9cb3-45b4-8bc5-20efffb929f9', '6d50d507-19d3-4100-b04a-4b9f30b56c6f', 312, 0, '2026-01-01T00:00:00.000Z'),
  ('8e4b7baf-9cb3-45b4-8bc5-20efffb929f9', '0dd4b1a7-60d3-4a22-a4ca-f6f8fe841996', 259, 0, '2026-01-01T00:00:00.000Z'),
  ('9d3d4888-fd33-42b0-b81d-ee7321833a72', '0dd4b1a7-60d3-4a22-a4ca-f6f8fe841996', 497, 0, '2026-01-01T00:00:00.000Z'),
  ('90a826b1-761e-47f5-bab2-5b57c401f3fa', '0dd4b1a7-60d3-4a22-a4ca-f6f8fe841996', 243, 0, '2026-01-01T00:00:00.000Z'),
  ('9d3d4888-fd33-42b0-b81d-ee7321833a72', '8e59d87e-a6b1-427a-b315-607c4aa01577', 166, 0, '2026-01-01T00:00:00.000Z'),
  ('90a826b1-761e-47f5-bab2-5b57c401f3fa', '3b96e184-08f2-4df0-ba2c-08ea7312c1af', 53, 0, '2026-01-01T00:00:00.000Z'),
  ('8e4b7baf-9cb3-45b4-8bc5-20efffb929f9', '3b96e184-08f2-4df0-ba2c-08ea7312c1af', 243, 0, '2026-01-01T00:00:00.000Z'),
  ('8e4b7baf-9cb3-45b4-8bc5-20efffb929f9', 'b6c9e88d-7a45-4d06-b4c6-082bc16ec3a6', 123, 0, '2026-01-01T00:00:00.000Z'),
  ('9d3d4888-fd33-42b0-b81d-ee7321833a72', 'b6c9e88d-7a45-4d06-b4c6-082bc16ec3a6', 204, 0, '2026-01-01T00:00:00.000Z'),
  ('90a826b1-761e-47f5-bab2-5b57c401f3fa', 'b6c9e88d-7a45-4d06-b4c6-082bc16ec3a6', 75, 0, '2026-01-01T00:00:00.000Z'),
  ('9d3d4888-fd33-42b0-b81d-ee7321833a72', '25ade5d1-e140-4860-852a-dbb948ddcc54', 334, 0, '2026-01-01T00:00:00.000Z'),
  ('90a826b1-761e-47f5-bab2-5b57c401f3fa', 'd002f8e2-f5e0-4033-a77f-faa19f7dc0c1', 206, 0, '2026-01-01T00:00:00.000Z'),
  ('8e4b7baf-9cb3-45b4-8bc5-20efffb929f9', 'd002f8e2-f5e0-4033-a77f-faa19f7dc0c1', 209, 0, '2026-01-01T00:00:00.000Z'),
  ('8e4b7baf-9cb3-45b4-8bc5-20efffb929f9', 'a9832947-536f-44a4-bc36-d33bb9eb2d9a', 193, 0, '2026-01-01T00:00:00.000Z'),
  ('9d3d4888-fd33-42b0-b81d-ee7321833a72', 'a9832947-536f-44a4-bc36-d33bb9eb2d9a', 51, 0, '2026-01-01T00:00:00.000Z'),
  ('90a826b1-761e-47f5-bab2-5b57c401f3fa', 'a9832947-536f-44a4-bc36-d33bb9eb2d9a', 285, 0, '2026-01-01T00:00:00.000Z'),
  ('9d3d4888-fd33-42b0-b81d-ee7321833a72', '90c5ca44-e664-43ae-aec8-4af12e768c35', 346, 0, '2026-01-01T00:00:00.000Z'),
  ('90a826b1-761e-47f5-bab2-5b57c401f3fa', '66a4603b-d9f1-4d6c-b7e1-03ea4ad4fbb5', 197, 0, '2026-01-01T00:00:00.000Z'),
  ('8e4b7baf-9cb3-45b4-8bc5-20efffb929f9', '66a4603b-d9f1-4d6c-b7e1-03ea4ad4fbb5', 462, 0, '2026-01-01T00:00:00.000Z'),
  ('8e4b7baf-9cb3-45b4-8bc5-20efffb929f9', '7b99bfc7-562f-4729-b8af-caedbbe9eb08', 454, 0, '2026-01-01T00:00:00.000Z'),
  ('9d3d4888-fd33-42b0-b81d-ee7321833a72', '7b99bfc7-562f-4729-b8af-caedbbe9eb08', 172, 0, '2026-01-01T00:00:00.000Z'),
  ('90a826b1-761e-47f5-bab2-5b57c401f3fa', '7b99bfc7-562f-4729-b8af-caedbbe9eb08', 397, 0, '2026-01-01T00:00:00.000Z'),
  ('9d3d4888-fd33-42b0-b81d-ee7321833a72', '47ee50eb-7d09-4cbe-b72d-b04dde8be21b', 155, 0, '2026-01-01T00:00:00.000Z'),
  ('90a826b1-761e-47f5-bab2-5b57c401f3fa', 'ece37a5d-0256-4dce-beb0-6e058e4b5b54', 152, 0, '2026-01-01T00:00:00.000Z'),
  ('8e4b7baf-9cb3-45b4-8bc5-20efffb929f9', 'ece37a5d-0256-4dce-beb0-6e058e4b5b54', 90, 0, '2026-01-01T00:00:00.000Z'),
  ('8e4b7baf-9cb3-45b4-8bc5-20efffb929f9', '03877e7b-fe1a-4e3b-8c9a-7864d67d05da', 446, 0, '2026-01-01T00:00:00.000Z'),
  ('9d3d4888-fd33-42b0-b81d-ee7321833a72', '03877e7b-fe1a-4e3b-8c9a-7864d67d05da', 99, 0, '2026-01-01T00:00:00.000Z'),
  ('90a826b1-761e-47f5-bab2-5b57c401f3fa', '03877e7b-fe1a-4e3b-8c9a-7864d67d05da', 319, 0, '2026-01-01T00:00:00.000Z'),
  ('9d3d4888-fd33-42b0-b81d-ee7321833a72', '180f5989-11a8-4cfc-92af-47deacc741df', 295, 0, '2026-01-01T00:00:00.000Z'),
  ('90a826b1-761e-47f5-bab2-5b57c401f3fa', '7d30f801-3f4e-413c-aa17-6dc0023d45fd', 349, 0, '2026-01-01T00:00:00.000Z'),
  ('8e4b7baf-9cb3-45b4-8bc5-20efffb929f9', '7d30f801-3f4e-413c-aa17-6dc0023d45fd', 315, 0, '2026-01-01T00:00:00.000Z'),
  ('8e4b7baf-9cb3-45b4-8bc5-20efffb929f9', '535f98ae-a44c-46fb-ac4e-6f6e829ef3a3', 204, 0, '2026-01-01T00:00:00.000Z'),
  ('9d3d4888-fd33-42b0-b81d-ee7321833a72', '535f98ae-a44c-46fb-ac4e-6f6e829ef3a3', 451, 0, '2026-01-01T00:00:00.000Z'),
  ('90a826b1-761e-47f5-bab2-5b57c401f3fa', '535f98ae-a44c-46fb-ac4e-6f6e829ef3a3', 309, 0, '2026-01-01T00:00:00.000Z'),
  ('9d3d4888-fd33-42b0-b81d-ee7321833a72', '1025bf0c-3e6d-4d2c-ba7f-c67d3fda8ef0', 392, 0, '2026-01-01T00:00:00.000Z'),
  ('90a826b1-761e-47f5-bab2-5b57c401f3fa', '5b186ac8-1e79-4385-b88c-ee966ce8021e', 270, 0, '2026-01-01T00:00:00.000Z'),
  ('8e4b7baf-9cb3-45b4-8bc5-20efffb929f9', '5b186ac8-1e79-4385-b88c-ee966ce8021e', 443, 0, '2026-01-01T00:00:00.000Z'),
  ('8e4b7baf-9cb3-45b4-8bc5-20efffb929f9', '9270d507-1481-4f60-9cdd-c94f3e7744b2', 195, 0, '2026-01-01T00:00:00.000Z'),
  ('9d3d4888-fd33-42b0-b81d-ee7321833a72', '9270d507-1481-4f60-9cdd-c94f3e7744b2', 78, 0, '2026-01-01T00:00:00.000Z'),
  ('90a826b1-761e-47f5-bab2-5b57c401f3fa', '9270d507-1481-4f60-9cdd-c94f3e7744b2', 445, 0, '2026-01-01T00:00:00.000Z'),
  ('9d3d4888-fd33-42b0-b81d-ee7321833a72', 'ff970550-e439-4bf5-a7e8-a96f33b7cd0a', 495, 0, '2026-01-01T00:00:00.000Z'),
  ('90a826b1-761e-47f5-bab2-5b57c401f3fa', '2f6d6b85-3a50-4311-a653-dd3118c2c342', 375, 0, '2026-01-01T00:00:00.000Z'),
  ('8e4b7baf-9cb3-45b4-8bc5-20efffb929f9', '2f6d6b85-3a50-4311-a653-dd3118c2c342', 111, 0, '2026-01-01T00:00:00.000Z'),
  ('8e4b7baf-9cb3-45b4-8bc5-20efffb929f9', 'f99e1141-f88f-49d4-8aad-5c1863cf9633', 191, 0, '2026-01-01T00:00:00.000Z'),
  ('9d3d4888-fd33-42b0-b81d-ee7321833a72', 'f99e1141-f88f-49d4-8aad-5c1863cf9633', 236, 0, '2026-01-01T00:00:00.000Z'),
  ('90a826b1-761e-47f5-bab2-5b57c401f3fa', 'f99e1141-f88f-49d4-8aad-5c1863cf9633', 323, 0, '2026-01-01T00:00:00.000Z'),
  ('9d3d4888-fd33-42b0-b81d-ee7321833a72', '671b7b5d-50e3-485d-b0b2-284b0d2fc5f4', 491, 0, '2026-01-01T00:00:00.000Z'),
  ('90a826b1-761e-47f5-bab2-5b57c401f3fa', '0756b46a-f54f-4cdc-bf8b-bbfc8fc697be', 200, 0, '2026-01-01T00:00:00.000Z'),
  ('8e4b7baf-9cb3-45b4-8bc5-20efffb929f9', '0756b46a-f54f-4cdc-bf8b-bbfc8fc697be', 450, 0, '2026-01-01T00:00:00.000Z'),
  ('8e4b7baf-9cb3-45b4-8bc5-20efffb929f9', '28a9a96f-9f76-479c-b419-a46dc590ffc5', 274, 0, '2026-01-01T00:00:00.000Z'),
  ('9d3d4888-fd33-42b0-b81d-ee7321833a72', '28a9a96f-9f76-479c-b419-a46dc590ffc5', 420, 0, '2026-01-01T00:00:00.000Z'),
  ('90a826b1-761e-47f5-bab2-5b57c401f3fa', '28a9a96f-9f76-479c-b419-a46dc590ffc5', 292, 0, '2026-01-01T00:00:00.000Z'),
  ('9d3d4888-fd33-42b0-b81d-ee7321833a72', 'dc5bb6c1-1361-4b48-8f67-b81cbc4ef273', 202, 0, '2026-01-01T00:00:00.000Z'),
  ('90a826b1-761e-47f5-bab2-5b57c401f3fa', '5fc02ef6-dc30-4903-bea2-b1980317d9c1', 414, 0, '2026-01-01T00:00:00.000Z'),
  ('8e4b7baf-9cb3-45b4-8bc5-20efffb929f9', '5fc02ef6-dc30-4903-bea2-b1980317d9c1', 489, 0, '2026-01-01T00:00:00.000Z'),
  ('8e4b7baf-9cb3-45b4-8bc5-20efffb929f9', '25de81c4-371b-40dc-a440-d881cc4e068d', 134, 0, '2026-01-01T00:00:00.000Z'),
  ('9d3d4888-fd33-42b0-b81d-ee7321833a72', '25de81c4-371b-40dc-a440-d881cc4e068d', 55, 0, '2026-01-01T00:00:00.000Z'),
  ('90a826b1-761e-47f5-bab2-5b57c401f3fa', '25de81c4-371b-40dc-a440-d881cc4e068d', 401, 0, '2026-01-01T00:00:00.000Z'),
  ('9d3d4888-fd33-42b0-b81d-ee7321833a72', '7a18f7dd-f811-4290-834b-2b52ad172b4f', 54, 0, '2026-01-01T00:00:00.000Z'),
  ('90a826b1-761e-47f5-bab2-5b57c401f3fa', '92b86c1a-9382-4d7e-a3d9-1559dd34590c', 438, 0, '2026-01-01T00:00:00.000Z'),
  ('8e4b7baf-9cb3-45b4-8bc5-20efffb929f9', '92b86c1a-9382-4d7e-a3d9-1559dd34590c', 166, 0, '2026-01-01T00:00:00.000Z'),
  ('8e4b7baf-9cb3-45b4-8bc5-20efffb929f9', '95a38486-ac17-44e8-8303-d5c13beace62', 175, 0, '2026-01-01T00:00:00.000Z'),
  ('9d3d4888-fd33-42b0-b81d-ee7321833a72', '95a38486-ac17-44e8-8303-d5c13beace62', 269, 0, '2026-01-01T00:00:00.000Z'),
  ('90a826b1-761e-47f5-bab2-5b57c401f3fa', '95a38486-ac17-44e8-8303-d5c13beace62', 378, 0, '2026-01-01T00:00:00.000Z'),
  ('9d3d4888-fd33-42b0-b81d-ee7321833a72', '4809498e-df8d-46c0-b55b-310de560ddf9', 457, 0, '2026-01-01T00:00:00.000Z'),
  ('90a826b1-761e-47f5-bab2-5b57c401f3fa', '735a68f0-7ea3-4dd4-97f2-4aad02431c82', 121, 0, '2026-01-01T00:00:00.000Z'),
  ('8e4b7baf-9cb3-45b4-8bc5-20efffb929f9', '735a68f0-7ea3-4dd4-97f2-4aad02431c82', 477, 0, '2026-01-01T00:00:00.000Z'),
  ('8e4b7baf-9cb3-45b4-8bc5-20efffb929f9', 'd6fc4b3a-819f-415f-872a-66ef7e3cae76', 413, 0, '2026-01-01T00:00:00.000Z'),
  ('9d3d4888-fd33-42b0-b81d-ee7321833a72', 'd6fc4b3a-819f-415f-872a-66ef7e3cae76', 176, 0, '2026-01-01T00:00:00.000Z'),
  ('90a826b1-761e-47f5-bab2-5b57c401f3fa', 'd6fc4b3a-819f-415f-872a-66ef7e3cae76', 56, 0, '2026-01-01T00:00:00.000Z'),
  ('9d3d4888-fd33-42b0-b81d-ee7321833a72', '8c746b5d-cc05-4689-92ef-9bb95addba74', 86, 0, '2026-01-01T00:00:00.000Z'),
  ('90a826b1-761e-47f5-bab2-5b57c401f3fa', '3e4369b8-2113-43b7-a1ef-1be0d32a16a6', 215, 0, '2026-01-01T00:00:00.000Z'),
  ('8e4b7baf-9cb3-45b4-8bc5-20efffb929f9', '3e4369b8-2113-43b7-a1ef-1be0d32a16a6', 351, 0, '2026-01-01T00:00:00.000Z'),
  ('8e4b7baf-9cb3-45b4-8bc5-20efffb929f9', '8cfb8041-d2db-4621-99fe-16d7930293bb', 452, 0, '2026-01-01T00:00:00.000Z'),
  ('9d3d4888-fd33-42b0-b81d-ee7321833a72', '8cfb8041-d2db-4621-99fe-16d7930293bb', 289, 0, '2026-01-01T00:00:00.000Z'),
  ('90a826b1-761e-47f5-bab2-5b57c401f3fa', '8cfb8041-d2db-4621-99fe-16d7930293bb', 98, 0, '2026-01-01T00:00:00.000Z'),
  ('9d3d4888-fd33-42b0-b81d-ee7321833a72', '46c7dfcb-ebbf-483d-b6a8-82e7158d1f60', 259, 0, '2026-01-01T00:00:00.000Z'),
  ('90a826b1-761e-47f5-bab2-5b57c401f3fa', '51d68e51-1c99-4108-ae9a-62f15fb1d609', 193, 0, '2026-01-01T00:00:00.000Z'),
  ('8e4b7baf-9cb3-45b4-8bc5-20efffb929f9', '51d68e51-1c99-4108-ae9a-62f15fb1d609', 56, 0, '2026-01-01T00:00:00.000Z'),
  ('8e4b7baf-9cb3-45b4-8bc5-20efffb929f9', 'a33e3d8b-91af-4cac-895c-d10ee27cb1e2', 160, 0, '2026-01-01T00:00:00.000Z'),
  ('9d3d4888-fd33-42b0-b81d-ee7321833a72', 'a33e3d8b-91af-4cac-895c-d10ee27cb1e2', 257, 0, '2026-01-01T00:00:00.000Z'),
  ('90a826b1-761e-47f5-bab2-5b57c401f3fa', 'a33e3d8b-91af-4cac-895c-d10ee27cb1e2', 319, 0, '2026-01-01T00:00:00.000Z'),
  ('9d3d4888-fd33-42b0-b81d-ee7321833a72', '66cc5c41-ff3c-46f0-96a7-a93da473bbe6', 256, 0, '2026-01-01T00:00:00.000Z'),
  ('90a826b1-761e-47f5-bab2-5b57c401f3fa', 'e91872ab-50f4-4c95-909b-90629e60cddb', 260, 0, '2026-01-01T00:00:00.000Z'),
  ('8e4b7baf-9cb3-45b4-8bc5-20efffb929f9', 'e91872ab-50f4-4c95-909b-90629e60cddb', 453, 0, '2026-01-01T00:00:00.000Z'),
  ('8e4b7baf-9cb3-45b4-8bc5-20efffb929f9', '9b6867d9-3ff0-4b64-a3ae-a9868b6994d5', 194, 0, '2026-01-01T00:00:00.000Z'),
  ('9d3d4888-fd33-42b0-b81d-ee7321833a72', '9b6867d9-3ff0-4b64-a3ae-a9868b6994d5', 432, 0, '2026-01-01T00:00:00.000Z'),
  ('90a826b1-761e-47f5-bab2-5b57c401f3fa', '9b6867d9-3ff0-4b64-a3ae-a9868b6994d5', 228, 0, '2026-01-01T00:00:00.000Z'),
  ('9d3d4888-fd33-42b0-b81d-ee7321833a72', '1d0b3a37-bc0c-4b85-911a-7d33a6c91404', 279, 0, '2026-01-01T00:00:00.000Z'),
  ('90a826b1-761e-47f5-bab2-5b57c401f3fa', 'e2b24b0a-7eb8-4f5b-a58f-5ada6b4f6e34', 117, 0, '2026-01-01T00:00:00.000Z'),
  ('8e4b7baf-9cb3-45b4-8bc5-20efffb929f9', 'e2b24b0a-7eb8-4f5b-a58f-5ada6b4f6e34', 367, 0, '2026-01-01T00:00:00.000Z'),
  ('8e4b7baf-9cb3-45b4-8bc5-20efffb929f9', '0e66686d-9734-4365-9e20-ad8864b1f486', 226, 0, '2026-01-01T00:00:00.000Z'),
  ('9d3d4888-fd33-42b0-b81d-ee7321833a72', '0e66686d-9734-4365-9e20-ad8864b1f486', 215, 0, '2026-01-01T00:00:00.000Z'),
  ('90a826b1-761e-47f5-bab2-5b57c401f3fa', '0e66686d-9734-4365-9e20-ad8864b1f486', 206, 0, '2026-01-01T00:00:00.000Z'),
  ('9d3d4888-fd33-42b0-b81d-ee7321833a72', 'f79e8e4b-ce6c-409d-bb2d-7facd154e175', 356, 0, '2026-01-01T00:00:00.000Z'),
  ('90a826b1-761e-47f5-bab2-5b57c401f3fa', '6052e560-9372-4e03-84b6-253b821a1ac0', 236, 0, '2026-01-01T00:00:00.000Z'),
  ('8e4b7baf-9cb3-45b4-8bc5-20efffb929f9', '6052e560-9372-4e03-84b6-253b821a1ac0', 432, 0, '2026-01-01T00:00:00.000Z'),
  ('8e4b7baf-9cb3-45b4-8bc5-20efffb929f9', '5a50e135-2acf-464f-be5f-02af0e4f0895', 87, 0, '2026-01-01T00:00:00.000Z'),
  ('9d3d4888-fd33-42b0-b81d-ee7321833a72', '5a50e135-2acf-464f-be5f-02af0e4f0895', 253, 0, '2026-01-01T00:00:00.000Z'),
  ('90a826b1-761e-47f5-bab2-5b57c401f3fa', '5a50e135-2acf-464f-be5f-02af0e4f0895', 121, 0, '2026-01-01T00:00:00.000Z'),
  ('9d3d4888-fd33-42b0-b81d-ee7321833a72', 'd5af5a2e-d6a1-4245-83c7-79e4fc541a8d', 357, 0, '2026-01-01T00:00:00.000Z'),
  ('90a826b1-761e-47f5-bab2-5b57c401f3fa', '7062e42c-418a-438c-9020-a2747aad5e05', 431, 0, '2026-01-01T00:00:00.000Z'),
  ('8e4b7baf-9cb3-45b4-8bc5-20efffb929f9', '7062e42c-418a-438c-9020-a2747aad5e05', 137, 0, '2026-01-01T00:00:00.000Z'),
  ('8e4b7baf-9cb3-45b4-8bc5-20efffb929f9', '8250083f-02a4-425a-83f6-75e5dc9042bb', 356, 0, '2026-01-01T00:00:00.000Z'),
  ('9d3d4888-fd33-42b0-b81d-ee7321833a72', '8250083f-02a4-425a-83f6-75e5dc9042bb', 204, 0, '2026-01-01T00:00:00.000Z'),
  ('90a826b1-761e-47f5-bab2-5b57c401f3fa', '8250083f-02a4-425a-83f6-75e5dc9042bb', 499, 0, '2026-01-01T00:00:00.000Z'),
  ('9d3d4888-fd33-42b0-b81d-ee7321833a72', '66bdc263-393f-4e7f-99c3-735dc3708b49', 469, 0, '2026-01-01T00:00:00.000Z'),
  ('90a826b1-761e-47f5-bab2-5b57c401f3fa', '9a10cf4d-4377-4c9f-bbd6-e1182031ece7', 349, 0, '2026-01-01T00:00:00.000Z'),
  ('8e4b7baf-9cb3-45b4-8bc5-20efffb929f9', '9a10cf4d-4377-4c9f-bbd6-e1182031ece7', 296, 0, '2026-01-01T00:00:00.000Z'),
  ('8e4b7baf-9cb3-45b4-8bc5-20efffb929f9', '90990bd9-6510-4617-a76f-7d5e6dba6bef', 302, 0, '2026-01-01T00:00:00.000Z'),
  ('9d3d4888-fd33-42b0-b81d-ee7321833a72', '90990bd9-6510-4617-a76f-7d5e6dba6bef', 242, 0, '2026-01-01T00:00:00.000Z'),
  ('90a826b1-761e-47f5-bab2-5b57c401f3fa', '90990bd9-6510-4617-a76f-7d5e6dba6bef', 461, 0, '2026-01-01T00:00:00.000Z'),
  ('9d3d4888-fd33-42b0-b81d-ee7321833a72', '6e807ac2-faa0-483b-aa3a-ddf11cd86e30', 53, 0, '2026-01-01T00:00:00.000Z'),
  ('90a826b1-761e-47f5-bab2-5b57c401f3fa', '96d0e401-8974-44cb-91ce-9887b0170b7d', 268, 0, '2026-01-01T00:00:00.000Z'),
  ('8e4b7baf-9cb3-45b4-8bc5-20efffb929f9', '96d0e401-8974-44cb-91ce-9887b0170b7d', 357, 0, '2026-01-01T00:00:00.000Z'),
  ('8e4b7baf-9cb3-45b4-8bc5-20efffb929f9', 'cee69352-0007-4417-8faa-856bee00c7b3', 442, 0, '2026-01-01T00:00:00.000Z'),
  ('9d3d4888-fd33-42b0-b81d-ee7321833a72', 'cee69352-0007-4417-8faa-856bee00c7b3', 283, 0, '2026-01-01T00:00:00.000Z'),
  ('90a826b1-761e-47f5-bab2-5b57c401f3fa', 'cee69352-0007-4417-8faa-856bee00c7b3', 186, 0, '2026-01-01T00:00:00.000Z'),
  ('9d3d4888-fd33-42b0-b81d-ee7321833a72', '1a9bb5a1-d1bd-4193-a1b2-949640911485', 65, 0, '2026-01-01T00:00:00.000Z'),
  ('90a826b1-761e-47f5-bab2-5b57c401f3fa', '25708ccf-2e84-4e67-9566-eac5fa9e585e', 86, 0, '2026-01-01T00:00:00.000Z'),
  ('8e4b7baf-9cb3-45b4-8bc5-20efffb929f9', '25708ccf-2e84-4e67-9566-eac5fa9e585e', 434, 0, '2026-01-01T00:00:00.000Z'),
  ('8e4b7baf-9cb3-45b4-8bc5-20efffb929f9', '80ca6cb6-cf27-4b4f-8da9-5bce1365971c', 161, 0, '2026-01-01T00:00:00.000Z'),
  ('9d3d4888-fd33-42b0-b81d-ee7321833a72', '80ca6cb6-cf27-4b4f-8da9-5bce1365971c', 300, 0, '2026-01-01T00:00:00.000Z'),
  ('90a826b1-761e-47f5-bab2-5b57c401f3fa', '80ca6cb6-cf27-4b4f-8da9-5bce1365971c', 316, 0, '2026-01-01T00:00:00.000Z'),
  ('9d3d4888-fd33-42b0-b81d-ee7321833a72', '03ce6e58-0d60-4955-8bf3-8bc63fba16fe', 256, 0, '2026-01-01T00:00:00.000Z'),
  ('90a826b1-761e-47f5-bab2-5b57c401f3fa', 'a5d623de-0340-44c9-aad1-970495b03c0e', 420, 0, '2026-01-01T00:00:00.000Z'),
  ('8e4b7baf-9cb3-45b4-8bc5-20efffb929f9', 'a5d623de-0340-44c9-aad1-970495b03c0e', 457, 0, '2026-01-01T00:00:00.000Z'),
  ('8e4b7baf-9cb3-45b4-8bc5-20efffb929f9', 'a887456f-9eb2-49e9-8a70-b6c803812eae', 278, 0, '2026-01-01T00:00:00.000Z'),
  ('9d3d4888-fd33-42b0-b81d-ee7321833a72', 'a887456f-9eb2-49e9-8a70-b6c803812eae', 365, 0, '2026-01-01T00:00:00.000Z'),
  ('90a826b1-761e-47f5-bab2-5b57c401f3fa', 'a887456f-9eb2-49e9-8a70-b6c803812eae', 320, 0, '2026-01-01T00:00:00.000Z'),
  ('9d3d4888-fd33-42b0-b81d-ee7321833a72', 'c71b418d-0b53-453b-bb9b-adfcde71ff88', 417, 0, '2026-01-01T00:00:00.000Z'),
  ('90a826b1-761e-47f5-bab2-5b57c401f3fa', '18c18385-e66c-4c5e-85f4-042b85c745ee', 350, 0, '2026-01-01T00:00:00.000Z'),
  ('8e4b7baf-9cb3-45b4-8bc5-20efffb929f9', '18c18385-e66c-4c5e-85f4-042b85c745ee', 217, 0, '2026-01-01T00:00:00.000Z'),
  ('8e4b7baf-9cb3-45b4-8bc5-20efffb929f9', '9139ede6-651a-4b04-aafb-3e27492fb9c7', 482, 0, '2026-01-01T00:00:00.000Z'),
  ('9d3d4888-fd33-42b0-b81d-ee7321833a72', '9139ede6-651a-4b04-aafb-3e27492fb9c7', 495, 0, '2026-01-01T00:00:00.000Z'),
  ('90a826b1-761e-47f5-bab2-5b57c401f3fa', '9139ede6-651a-4b04-aafb-3e27492fb9c7', 499, 0, '2026-01-01T00:00:00.000Z'),
  ('9d3d4888-fd33-42b0-b81d-ee7321833a72', '240efcae-0d11-429b-bc9d-62434fcefea0', 206, 0, '2026-01-01T00:00:00.000Z'),
  ('90a826b1-761e-47f5-bab2-5b57c401f3fa', '84a713dd-b490-44f8-a399-3f38665d5c69', 422, 0, '2026-01-01T00:00:00.000Z'),
  ('8e4b7baf-9cb3-45b4-8bc5-20efffb929f9', '84a713dd-b490-44f8-a399-3f38665d5c69', 381, 0, '2026-01-01T00:00:00.000Z'),
  ('8e4b7baf-9cb3-45b4-8bc5-20efffb929f9', '976b2569-e5d0-43e8-9512-518aaf69f370', 411, 0, '2026-01-01T00:00:00.000Z'),
  ('9d3d4888-fd33-42b0-b81d-ee7321833a72', '976b2569-e5d0-43e8-9512-518aaf69f370', 209, 0, '2026-01-01T00:00:00.000Z'),
  ('90a826b1-761e-47f5-bab2-5b57c401f3fa', '976b2569-e5d0-43e8-9512-518aaf69f370', 363, 0, '2026-01-01T00:00:00.000Z'),
  ('9d3d4888-fd33-42b0-b81d-ee7321833a72', '830b1041-ec3e-4a74-af16-9d9ecc3684e5', 69, 0, '2026-01-01T00:00:00.000Z'),
  ('90a826b1-761e-47f5-bab2-5b57c401f3fa', '01f057b3-0eba-4b16-95b2-76b4bc90c899', 350, 0, '2026-01-01T00:00:00.000Z'),
  ('8e4b7baf-9cb3-45b4-8bc5-20efffb929f9', '01f057b3-0eba-4b16-95b2-76b4bc90c899', 282, 0, '2026-01-01T00:00:00.000Z'),
  ('8e4b7baf-9cb3-45b4-8bc5-20efffb929f9', 'a69456c2-5496-459e-8def-4f4cb27ebddd', 352, 0, '2026-01-01T00:00:00.000Z'),
  ('9d3d4888-fd33-42b0-b81d-ee7321833a72', 'a69456c2-5496-459e-8def-4f4cb27ebddd', 475, 0, '2026-01-01T00:00:00.000Z'),
  ('90a826b1-761e-47f5-bab2-5b57c401f3fa', 'a69456c2-5496-459e-8def-4f4cb27ebddd', 454, 0, '2026-01-01T00:00:00.000Z'),
  ('9d3d4888-fd33-42b0-b81d-ee7321833a72', '633485da-a0dc-4a3c-92f7-528d0b308ad4', 390, 0, '2026-01-01T00:00:00.000Z'),
  ('90a826b1-761e-47f5-bab2-5b57c401f3fa', '7bf69bde-e9e2-48ed-beff-b09257a8b1e7', 485, 0, '2026-01-01T00:00:00.000Z'),
  ('8e4b7baf-9cb3-45b4-8bc5-20efffb929f9', '7bf69bde-e9e2-48ed-beff-b09257a8b1e7', 370, 0, '2026-01-01T00:00:00.000Z'),
  ('8e4b7baf-9cb3-45b4-8bc5-20efffb929f9', '989c4300-476e-44d8-8fa0-a386b2de3895', 444, 0, '2026-01-01T00:00:00.000Z'),
  ('9d3d4888-fd33-42b0-b81d-ee7321833a72', '989c4300-476e-44d8-8fa0-a386b2de3895', 175, 0, '2026-01-01T00:00:00.000Z'),
  ('90a826b1-761e-47f5-bab2-5b57c401f3fa', '989c4300-476e-44d8-8fa0-a386b2de3895', 90, 0, '2026-01-01T00:00:00.000Z'),
  ('9d3d4888-fd33-42b0-b81d-ee7321833a72', 'b5cc03a4-29a7-46ea-99a6-f98a20eb52ea', 275, 0, '2026-01-01T00:00:00.000Z'),
  ('90a826b1-761e-47f5-bab2-5b57c401f3fa', 'c569aed5-4c94-4c69-b034-6b4d90f864a5', 131, 0, '2026-01-01T00:00:00.000Z'),
  ('8e4b7baf-9cb3-45b4-8bc5-20efffb929f9', 'c569aed5-4c94-4c69-b034-6b4d90f864a5', 280, 0, '2026-01-01T00:00:00.000Z'),
  ('8e4b7baf-9cb3-45b4-8bc5-20efffb929f9', 'e9c39d1b-66d0-4027-8c26-7267cce3300c', 336, 0, '2026-01-01T00:00:00.000Z'),
  ('9d3d4888-fd33-42b0-b81d-ee7321833a72', 'e9c39d1b-66d0-4027-8c26-7267cce3300c', 63, 0, '2026-01-01T00:00:00.000Z'),
  ('90a826b1-761e-47f5-bab2-5b57c401f3fa', 'e9c39d1b-66d0-4027-8c26-7267cce3300c', 106, 0, '2026-01-01T00:00:00.000Z'),
  ('9d3d4888-fd33-42b0-b81d-ee7321833a72', '53fa6035-7fa5-4971-9447-61ddbc1b9fff', 429, 0, '2026-01-01T00:00:00.000Z'),
  ('90a826b1-761e-47f5-bab2-5b57c401f3fa', '6988331f-fc93-4a10-971f-d26cd939236b', 100, 0, '2026-01-01T00:00:00.000Z'),
  ('8e4b7baf-9cb3-45b4-8bc5-20efffb929f9', '6988331f-fc93-4a10-971f-d26cd939236b', 418, 0, '2026-01-01T00:00:00.000Z'),
  ('8e4b7baf-9cb3-45b4-8bc5-20efffb929f9', 'db4ce4ed-3308-4c94-850c-e077e7dc1bea', 77, 0, '2026-01-01T00:00:00.000Z'),
  ('9d3d4888-fd33-42b0-b81d-ee7321833a72', 'db4ce4ed-3308-4c94-850c-e077e7dc1bea', 179, 0, '2026-01-01T00:00:00.000Z'),
  ('90a826b1-761e-47f5-bab2-5b57c401f3fa', 'db4ce4ed-3308-4c94-850c-e077e7dc1bea', 246, 0, '2026-01-01T00:00:00.000Z'),
  ('9d3d4888-fd33-42b0-b81d-ee7321833a72', '837954fb-a3d9-4be0-a3f9-f64477e50c05', 129, 0, '2026-01-01T00:00:00.000Z'),
  ('90a826b1-761e-47f5-bab2-5b57c401f3fa', 'ba8116c9-7449-48e5-ad0b-e390c52fa51e', 265, 0, '2026-01-01T00:00:00.000Z'),
  ('8e4b7baf-9cb3-45b4-8bc5-20efffb929f9', 'ba8116c9-7449-48e5-ad0b-e390c52fa51e', 458, 0, '2026-01-01T00:00:00.000Z'),
  ('8e4b7baf-9cb3-45b4-8bc5-20efffb929f9', '0a9cffb8-bd57-4e85-9212-4029349a993e', 467, 0, '2026-01-01T00:00:00.000Z'),
  ('9d3d4888-fd33-42b0-b81d-ee7321833a72', '0a9cffb8-bd57-4e85-9212-4029349a993e', 306, 0, '2026-01-01T00:00:00.000Z'),
  ('90a826b1-761e-47f5-bab2-5b57c401f3fa', '0a9cffb8-bd57-4e85-9212-4029349a993e', 65, 0, '2026-01-01T00:00:00.000Z'),
  ('9d3d4888-fd33-42b0-b81d-ee7321833a72', '93b866b2-c3ad-4255-813a-c15293ab083e', 388, 0, '2026-01-01T00:00:00.000Z'),
  ('90a826b1-761e-47f5-bab2-5b57c401f3fa', '1fab5146-49c3-40e1-a555-8e4060baa034', 455, 0, '2026-01-01T00:00:00.000Z'),
  ('8e4b7baf-9cb3-45b4-8bc5-20efffb929f9', '1fab5146-49c3-40e1-a555-8e4060baa034', 367, 0, '2026-01-01T00:00:00.000Z'),
  ('8e4b7baf-9cb3-45b4-8bc5-20efffb929f9', '44bd45b5-f19a-4299-8637-a256905fe1b6', 122, 0, '2026-01-01T00:00:00.000Z'),
  ('9d3d4888-fd33-42b0-b81d-ee7321833a72', '44bd45b5-f19a-4299-8637-a256905fe1b6', 199, 0, '2026-01-01T00:00:00.000Z'),
  ('90a826b1-761e-47f5-bab2-5b57c401f3fa', '44bd45b5-f19a-4299-8637-a256905fe1b6', 68, 0, '2026-01-01T00:00:00.000Z'),
  ('9d3d4888-fd33-42b0-b81d-ee7321833a72', '378e5c63-736e-4868-a499-9453990fabd2', 180, 0, '2026-01-01T00:00:00.000Z'),
  ('90a826b1-761e-47f5-bab2-5b57c401f3fa', 'bd9ff884-2aae-4c28-aaac-3c5117eb062e', 330, 0, '2026-01-01T00:00:00.000Z'),
  ('8e4b7baf-9cb3-45b4-8bc5-20efffb929f9', 'bd9ff884-2aae-4c28-aaac-3c5117eb062e', 142, 0, '2026-01-01T00:00:00.000Z'),
  ('8e4b7baf-9cb3-45b4-8bc5-20efffb929f9', 'b9a8c963-a098-4cbc-8f90-daaa06fd6338', 219, 0, '2026-01-01T00:00:00.000Z'),
  ('9d3d4888-fd33-42b0-b81d-ee7321833a72', 'b9a8c963-a098-4cbc-8f90-daaa06fd6338', 67, 0, '2026-01-01T00:00:00.000Z'),
  ('90a826b1-761e-47f5-bab2-5b57c401f3fa', 'b9a8c963-a098-4cbc-8f90-daaa06fd6338', 355, 0, '2026-01-01T00:00:00.000Z'),
  ('9d3d4888-fd33-42b0-b81d-ee7321833a72', 'ec6b8f93-9580-4194-8b4a-982fb931adac', 62, 0, '2026-01-01T00:00:00.000Z'),
  ('90a826b1-761e-47f5-bab2-5b57c401f3fa', '5846608f-4ffe-46d5-9146-6806027d9695', 185, 0, '2026-01-01T00:00:00.000Z'),
  ('8e4b7baf-9cb3-45b4-8bc5-20efffb929f9', '5846608f-4ffe-46d5-9146-6806027d9695', 347, 0, '2026-01-01T00:00:00.000Z'),
  ('8e4b7baf-9cb3-45b4-8bc5-20efffb929f9', 'db176a73-278f-44a8-9a53-d982b247c75c', 405, 0, '2026-01-01T00:00:00.000Z'),
  ('9d3d4888-fd33-42b0-b81d-ee7321833a72', 'db176a73-278f-44a8-9a53-d982b247c75c', 273, 0, '2026-01-01T00:00:00.000Z'),
  ('90a826b1-761e-47f5-bab2-5b57c401f3fa', 'db176a73-278f-44a8-9a53-d982b247c75c', 368, 0, '2026-01-01T00:00:00.000Z'),
  ('9d3d4888-fd33-42b0-b81d-ee7321833a72', '27bc505a-57f6-4859-a538-3ba05ab207e3', 485, 0, '2026-01-01T00:00:00.000Z'),
  ('90a826b1-761e-47f5-bab2-5b57c401f3fa', '1972efdc-5a3a-4b3d-b2f4-bc3365b31853', 296, 0, '2026-01-01T00:00:00.000Z'),
  ('8e4b7baf-9cb3-45b4-8bc5-20efffb929f9', '1972efdc-5a3a-4b3d-b2f4-bc3365b31853', 109, 0, '2026-01-01T00:00:00.000Z'),
  ('8e4b7baf-9cb3-45b4-8bc5-20efffb929f9', 'c1170170-c479-4def-a411-aaa5f2345db6', 157, 0, '2026-01-01T00:00:00.000Z'),
  ('9d3d4888-fd33-42b0-b81d-ee7321833a72', 'c1170170-c479-4def-a411-aaa5f2345db6', 423, 0, '2026-01-01T00:00:00.000Z'),
  ('90a826b1-761e-47f5-bab2-5b57c401f3fa', 'c1170170-c479-4def-a411-aaa5f2345db6', 335, 0, '2026-01-01T00:00:00.000Z'),
  ('9d3d4888-fd33-42b0-b81d-ee7321833a72', '03bb151b-7ac9-4d57-87e8-1eb07ec6fa65', 221, 0, '2026-01-01T00:00:00.000Z'),
  ('90a826b1-761e-47f5-bab2-5b57c401f3fa', '449db1c7-7bc1-4c2c-84b0-c0ab465297cd', 259, 0, '2026-01-01T00:00:00.000Z'),
  ('8e4b7baf-9cb3-45b4-8bc5-20efffb929f9', '449db1c7-7bc1-4c2c-84b0-c0ab465297cd', 125, 0, '2026-01-01T00:00:00.000Z'),
  ('8e4b7baf-9cb3-45b4-8bc5-20efffb929f9', 'e71bd0de-8d40-4424-951f-5d53d3a6d6c7', 462, 0, '2026-01-01T00:00:00.000Z'),
  ('9d3d4888-fd33-42b0-b81d-ee7321833a72', 'e71bd0de-8d40-4424-951f-5d53d3a6d6c7', 396, 0, '2026-01-01T00:00:00.000Z'),
  ('90a826b1-761e-47f5-bab2-5b57c401f3fa', 'e71bd0de-8d40-4424-951f-5d53d3a6d6c7', 383, 0, '2026-01-01T00:00:00.000Z'),
  ('9d3d4888-fd33-42b0-b81d-ee7321833a72', '5d8d6b7a-8bad-405d-8084-7267ab551073', 285, 0, '2026-01-01T00:00:00.000Z'),
  ('90a826b1-761e-47f5-bab2-5b57c401f3fa', 'e56f0100-1bfc-42de-bcea-76a1762251b3', 277, 0, '2026-01-01T00:00:00.000Z'),
  ('8e4b7baf-9cb3-45b4-8bc5-20efffb929f9', 'e56f0100-1bfc-42de-bcea-76a1762251b3', 56, 0, '2026-01-01T00:00:00.000Z'),
  ('8e4b7baf-9cb3-45b4-8bc5-20efffb929f9', '010b1894-4956-41d5-a060-9b0badeda651', 70, 0, '2026-01-01T00:00:00.000Z'),
  ('9d3d4888-fd33-42b0-b81d-ee7321833a72', '010b1894-4956-41d5-a060-9b0badeda651', 324, 0, '2026-01-01T00:00:00.000Z'),
  ('90a826b1-761e-47f5-bab2-5b57c401f3fa', '010b1894-4956-41d5-a060-9b0badeda651', 436, 0, '2026-01-01T00:00:00.000Z'),
  ('9d3d4888-fd33-42b0-b81d-ee7321833a72', '8d2cc457-2f56-433e-b8e3-2089a77883bd', 319, 0, '2026-01-01T00:00:00.000Z'),
  ('90a826b1-761e-47f5-bab2-5b57c401f3fa', '52a00534-2e3b-4f3b-8aba-d1d444c018fa', 392, 0, '2026-01-01T00:00:00.000Z'),
  ('8e4b7baf-9cb3-45b4-8bc5-20efffb929f9', '52a00534-2e3b-4f3b-8aba-d1d444c018fa', 268, 0, '2026-01-01T00:00:00.000Z'),
  ('8e4b7baf-9cb3-45b4-8bc5-20efffb929f9', 'f0f960b8-2243-408f-ae6e-7aafd3bcf0a1', 463, 0, '2026-01-01T00:00:00.000Z'),
  ('9d3d4888-fd33-42b0-b81d-ee7321833a72', 'f0f960b8-2243-408f-ae6e-7aafd3bcf0a1', 367, 0, '2026-01-01T00:00:00.000Z'),
  ('90a826b1-761e-47f5-bab2-5b57c401f3fa', 'f0f960b8-2243-408f-ae6e-7aafd3bcf0a1', 437, 0, '2026-01-01T00:00:00.000Z'),
  ('9d3d4888-fd33-42b0-b81d-ee7321833a72', '20c78b51-9fcb-42d1-8689-b1a5a51b3796', 205, 0, '2026-01-01T00:00:00.000Z'),
  ('90a826b1-761e-47f5-bab2-5b57c401f3fa', '2877f937-f53c-45ee-bb26-564b14dd028d', 325, 0, '2026-01-01T00:00:00.000Z'),
  ('8e4b7baf-9cb3-45b4-8bc5-20efffb929f9', '2877f937-f53c-45ee-bb26-564b14dd028d', 197, 0, '2026-01-01T00:00:00.000Z'),
  ('8e4b7baf-9cb3-45b4-8bc5-20efffb929f9', '753c4f68-ac89-4f49-b7ed-d718eae9e64f', 319, 0, '2026-01-01T00:00:00.000Z'),
  ('9d3d4888-fd33-42b0-b81d-ee7321833a72', '753c4f68-ac89-4f49-b7ed-d718eae9e64f', 459, 0, '2026-01-01T00:00:00.000Z'),
  ('90a826b1-761e-47f5-bab2-5b57c401f3fa', '753c4f68-ac89-4f49-b7ed-d718eae9e64f', 346, 0, '2026-01-01T00:00:00.000Z'),
  ('9d3d4888-fd33-42b0-b81d-ee7321833a72', 'a67aff84-4dcb-4531-b94d-f6b327019093', 330, 0, '2026-01-01T00:00:00.000Z'),
  ('90a826b1-761e-47f5-bab2-5b57c401f3fa', '24d49324-1401-43c6-8954-9ca7bf9c0dc6', 134, 0, '2026-01-01T00:00:00.000Z'),
  ('8e4b7baf-9cb3-45b4-8bc5-20efffb929f9', '24d49324-1401-43c6-8954-9ca7bf9c0dc6', 93, 0, '2026-01-01T00:00:00.000Z'),
  ('8e4b7baf-9cb3-45b4-8bc5-20efffb929f9', '5f4b77f5-b3c6-429a-8427-099301d17e16', 76, 0, '2026-01-01T00:00:00.000Z'),
  ('9d3d4888-fd33-42b0-b81d-ee7321833a72', '5f4b77f5-b3c6-429a-8427-099301d17e16', 213, 0, '2026-01-01T00:00:00.000Z'),
  ('90a826b1-761e-47f5-bab2-5b57c401f3fa', '5f4b77f5-b3c6-429a-8427-099301d17e16', 154, 0, '2026-01-01T00:00:00.000Z'),
  ('9d3d4888-fd33-42b0-b81d-ee7321833a72', '3dc7dec7-cedd-471a-9f37-55faa0f0c881', 491, 0, '2026-01-01T00:00:00.000Z'),
  ('90a826b1-761e-47f5-bab2-5b57c401f3fa', '562f0f69-1998-4a7b-883a-0b4c9d9a8fd2', 296, 0, '2026-01-01T00:00:00.000Z'),
  ('8e4b7baf-9cb3-45b4-8bc5-20efffb929f9', '562f0f69-1998-4a7b-883a-0b4c9d9a8fd2', 260, 0, '2026-01-01T00:00:00.000Z'),
  ('8e4b7baf-9cb3-45b4-8bc5-20efffb929f9', '3fe6b7e4-6495-4b6f-9a60-7c92fc62abbe', 80, 0, '2026-01-01T00:00:00.000Z'),
  ('9d3d4888-fd33-42b0-b81d-ee7321833a72', '3fe6b7e4-6495-4b6f-9a60-7c92fc62abbe', 297, 0, '2026-01-01T00:00:00.000Z'),
  ('90a826b1-761e-47f5-bab2-5b57c401f3fa', '3fe6b7e4-6495-4b6f-9a60-7c92fc62abbe', 494, 0, '2026-01-01T00:00:00.000Z'),
  ('9d3d4888-fd33-42b0-b81d-ee7321833a72', '07101617-9fd2-41bc-8a1e-6a28c1482ec3', 258, 0, '2026-01-01T00:00:00.000Z'),
  ('90a826b1-761e-47f5-bab2-5b57c401f3fa', '650d0105-3861-4ac3-b312-74b85e803dae', 338, 0, '2026-01-01T00:00:00.000Z'),
  ('8e4b7baf-9cb3-45b4-8bc5-20efffb929f9', '650d0105-3861-4ac3-b312-74b85e803dae', 440, 0, '2026-01-01T00:00:00.000Z'),
  ('8e4b7baf-9cb3-45b4-8bc5-20efffb929f9', 'aa228a78-50f1-4200-8711-d39263e8a6c4', 283, 0, '2026-01-01T00:00:00.000Z'),
  ('9d3d4888-fd33-42b0-b81d-ee7321833a72', 'aa228a78-50f1-4200-8711-d39263e8a6c4', 298, 0, '2026-01-01T00:00:00.000Z'),
  ('90a826b1-761e-47f5-bab2-5b57c401f3fa', 'aa228a78-50f1-4200-8711-d39263e8a6c4', 205, 0, '2026-01-01T00:00:00.000Z'),
  ('9d3d4888-fd33-42b0-b81d-ee7321833a72', 'cdd8efe5-b8fb-44b1-935d-3eddf9dd9441', 135, 0, '2026-01-01T00:00:00.000Z'),
  ('90a826b1-761e-47f5-bab2-5b57c401f3fa', 'c87a66fe-0f12-4da1-aba2-f206e9850c33', 187, 0, '2026-01-01T00:00:00.000Z'),
  ('8e4b7baf-9cb3-45b4-8bc5-20efffb929f9', 'c87a66fe-0f12-4da1-aba2-f206e9850c33', 284, 0, '2026-01-01T00:00:00.000Z'),
  ('8e4b7baf-9cb3-45b4-8bc5-20efffb929f9', '1eb9a64c-78de-4087-b2de-5f6c5ae03c4e', 321, 0, '2026-01-01T00:00:00.000Z'),
  ('9d3d4888-fd33-42b0-b81d-ee7321833a72', '1eb9a64c-78de-4087-b2de-5f6c5ae03c4e', 480, 0, '2026-01-01T00:00:00.000Z'),
  ('90a826b1-761e-47f5-bab2-5b57c401f3fa', '1eb9a64c-78de-4087-b2de-5f6c5ae03c4e', 193, 0, '2026-01-01T00:00:00.000Z'),
  ('9d3d4888-fd33-42b0-b81d-ee7321833a72', '3a162ac1-bd83-43bf-a0e3-a1f8b3c214a0', 333, 0, '2026-01-01T00:00:00.000Z'),
  ('90a826b1-761e-47f5-bab2-5b57c401f3fa', '67724bdc-0353-471b-b44d-15ee3dcd1bc4', 412, 0, '2026-01-01T00:00:00.000Z'),
  ('8e4b7baf-9cb3-45b4-8bc5-20efffb929f9', '67724bdc-0353-471b-b44d-15ee3dcd1bc4', 126, 0, '2026-01-01T00:00:00.000Z'),
  ('8e4b7baf-9cb3-45b4-8bc5-20efffb929f9', 'dac706fc-ac06-471e-982a-f0985e610518', 289, 0, '2026-01-01T00:00:00.000Z'),
  ('9d3d4888-fd33-42b0-b81d-ee7321833a72', 'dac706fc-ac06-471e-982a-f0985e610518', 354, 0, '2026-01-01T00:00:00.000Z'),
  ('90a826b1-761e-47f5-bab2-5b57c401f3fa', 'dac706fc-ac06-471e-982a-f0985e610518', 175, 0, '2026-01-01T00:00:00.000Z'),
  ('9d3d4888-fd33-42b0-b81d-ee7321833a72', '42268671-c237-4850-a3d9-6d1b87d0ccca', 273, 0, '2026-01-01T00:00:00.000Z'),
  ('90a826b1-761e-47f5-bab2-5b57c401f3fa', '146bcb15-23e1-47fb-a6e4-1678db2a7189', 466, 0, '2026-01-01T00:00:00.000Z'),
  ('8e4b7baf-9cb3-45b4-8bc5-20efffb929f9', '146bcb15-23e1-47fb-a6e4-1678db2a7189', 259, 0, '2026-01-01T00:00:00.000Z'),
  ('8e4b7baf-9cb3-45b4-8bc5-20efffb929f9', '7314f0ea-298a-4185-8584-7e2de62b533d', 399, 0, '2026-01-01T00:00:00.000Z'),
  ('9d3d4888-fd33-42b0-b81d-ee7321833a72', '7314f0ea-298a-4185-8584-7e2de62b533d', 368, 0, '2026-01-01T00:00:00.000Z'),
  ('90a826b1-761e-47f5-bab2-5b57c401f3fa', '7314f0ea-298a-4185-8584-7e2de62b533d', 200, 0, '2026-01-01T00:00:00.000Z'),
  ('9d3d4888-fd33-42b0-b81d-ee7321833a72', '94e4c925-7bee-4215-8e00-1e2551793c51', 416, 0, '2026-01-01T00:00:00.000Z'),
  ('90a826b1-761e-47f5-bab2-5b57c401f3fa', '683ad35f-c6f9-411d-9713-b316e0e7ab56', 243, 0, '2026-01-01T00:00:00.000Z'),
  ('8e4b7baf-9cb3-45b4-8bc5-20efffb929f9', '683ad35f-c6f9-411d-9713-b316e0e7ab56', 66, 0, '2026-01-01T00:00:00.000Z'),
  ('8e4b7baf-9cb3-45b4-8bc5-20efffb929f9', 'c080867a-a9f1-4fdd-8a1e-f1d0c30d96f2', 239, 0, '2026-01-01T00:00:00.000Z'),
  ('9d3d4888-fd33-42b0-b81d-ee7321833a72', 'c080867a-a9f1-4fdd-8a1e-f1d0c30d96f2', 239, 0, '2026-01-01T00:00:00.000Z'),
  ('90a826b1-761e-47f5-bab2-5b57c401f3fa', 'c080867a-a9f1-4fdd-8a1e-f1d0c30d96f2', 369, 0, '2026-01-01T00:00:00.000Z'),
  ('9d3d4888-fd33-42b0-b81d-ee7321833a72', 'cfea2ae5-5f06-46d9-80d9-5a9a041d936f', 251, 0, '2026-01-01T00:00:00.000Z'),
  ('90a826b1-761e-47f5-bab2-5b57c401f3fa', '4503d32a-1d84-40ba-aba7-63700a1c1141', 323, 0, '2026-01-01T00:00:00.000Z'),
  ('8e4b7baf-9cb3-45b4-8bc5-20efffb929f9', '4503d32a-1d84-40ba-aba7-63700a1c1141', 209, 0, '2026-01-01T00:00:00.000Z'),
  ('8e4b7baf-9cb3-45b4-8bc5-20efffb929f9', '9b7d2b53-3b6d-4629-a7bb-4a7bb8a9794f', 250, 0, '2026-01-01T00:00:00.000Z'),
  ('9d3d4888-fd33-42b0-b81d-ee7321833a72', '9b7d2b53-3b6d-4629-a7bb-4a7bb8a9794f', 325, 0, '2026-01-01T00:00:00.000Z'),
  ('90a826b1-761e-47f5-bab2-5b57c401f3fa', '9b7d2b53-3b6d-4629-a7bb-4a7bb8a9794f', 425, 0, '2026-01-01T00:00:00.000Z'),
  ('9d3d4888-fd33-42b0-b81d-ee7321833a72', '8aefc119-60dd-432c-a9d7-e53bf54b807c', 189, 0, '2026-01-01T00:00:00.000Z'),
  ('90a826b1-761e-47f5-bab2-5b57c401f3fa', 'b6f174e6-a961-4a1f-a86e-e2d4723baae8', 168, 0, '2026-01-01T00:00:00.000Z'),
  ('8e4b7baf-9cb3-45b4-8bc5-20efffb929f9', 'b6f174e6-a961-4a1f-a86e-e2d4723baae8', 300, 0, '2026-01-01T00:00:00.000Z'),
  ('8e4b7baf-9cb3-45b4-8bc5-20efffb929f9', '2fdcefdd-d87c-4f0d-bb91-3180749b34fd', 151, 0, '2026-01-01T00:00:00.000Z'),
  ('9d3d4888-fd33-42b0-b81d-ee7321833a72', '2fdcefdd-d87c-4f0d-bb91-3180749b34fd', 72, 0, '2026-01-01T00:00:00.000Z'),
  ('90a826b1-761e-47f5-bab2-5b57c401f3fa', '2fdcefdd-d87c-4f0d-bb91-3180749b34fd', 134, 0, '2026-01-01T00:00:00.000Z'),
  ('9d3d4888-fd33-42b0-b81d-ee7321833a72', '8017d815-daa3-4750-91e7-e778c1edd1b8', 85, 0, '2026-01-01T00:00:00.000Z'),
  ('90a826b1-761e-47f5-bab2-5b57c401f3fa', '641f41ef-0247-40f4-b63a-9a41de01006a', 246, 0, '2026-01-01T00:00:00.000Z'),
  ('8e4b7baf-9cb3-45b4-8bc5-20efffb929f9', '641f41ef-0247-40f4-b63a-9a41de01006a', 195, 0, '2026-01-01T00:00:00.000Z'),
  ('8e4b7baf-9cb3-45b4-8bc5-20efffb929f9', 'f2f5ab3f-4e9b-4126-8f9a-8cc65fd9f804', 477, 0, '2026-01-01T00:00:00.000Z'),
  ('9d3d4888-fd33-42b0-b81d-ee7321833a72', 'f2f5ab3f-4e9b-4126-8f9a-8cc65fd9f804', 458, 0, '2026-01-01T00:00:00.000Z'),
  ('90a826b1-761e-47f5-bab2-5b57c401f3fa', 'f2f5ab3f-4e9b-4126-8f9a-8cc65fd9f804', 387, 0, '2026-01-01T00:00:00.000Z'),
  ('9d3d4888-fd33-42b0-b81d-ee7321833a72', '55d56875-73f0-4d72-b1ba-47937b0ddd8f', 87, 0, '2026-01-01T00:00:00.000Z'),
  ('90a826b1-761e-47f5-bab2-5b57c401f3fa', '01ab1569-edb7-4756-b12c-9fea0ec70257', 349, 0, '2026-01-01T00:00:00.000Z'),
  ('8e4b7baf-9cb3-45b4-8bc5-20efffb929f9', '01ab1569-edb7-4756-b12c-9fea0ec70257', 152, 0, '2026-01-01T00:00:00.000Z'),
  ('8e4b7baf-9cb3-45b4-8bc5-20efffb929f9', 'fd8d1d01-759f-4270-85ee-a47c8080d172', 279, 0, '2026-01-01T00:00:00.000Z'),
  ('9d3d4888-fd33-42b0-b81d-ee7321833a72', 'fd8d1d01-759f-4270-85ee-a47c8080d172', 279, 0, '2026-01-01T00:00:00.000Z'),
  ('90a826b1-761e-47f5-bab2-5b57c401f3fa', 'fd8d1d01-759f-4270-85ee-a47c8080d172', 233, 0, '2026-01-01T00:00:00.000Z'),
  ('9d3d4888-fd33-42b0-b81d-ee7321833a72', '1dca1d4a-9a44-425a-896a-39a4bc4a86df', 157, 0, '2026-01-01T00:00:00.000Z'),
  ('90a826b1-761e-47f5-bab2-5b57c401f3fa', 'd15b32c0-cbc4-43e8-948f-9c004f6d8c89', 205, 0, '2026-01-01T00:00:00.000Z'),
  ('8e4b7baf-9cb3-45b4-8bc5-20efffb929f9', 'd15b32c0-cbc4-43e8-948f-9c004f6d8c89', 389, 0, '2026-01-01T00:00:00.000Z'),
  ('8e4b7baf-9cb3-45b4-8bc5-20efffb929f9', 'dc3d536f-7e0c-46e9-8db7-e6edbce458f4', 152, 0, '2026-01-01T00:00:00.000Z'),
  ('9d3d4888-fd33-42b0-b81d-ee7321833a72', 'dc3d536f-7e0c-46e9-8db7-e6edbce458f4', 84, 0, '2026-01-01T00:00:00.000Z'),
  ('90a826b1-761e-47f5-bab2-5b57c401f3fa', 'dc3d536f-7e0c-46e9-8db7-e6edbce458f4', 256, 0, '2026-01-01T00:00:00.000Z'),
  ('9d3d4888-fd33-42b0-b81d-ee7321833a72', '867c39b3-0033-4d8a-9c18-fc08c1cf6037', 463, 0, '2026-01-01T00:00:00.000Z'),
  ('90a826b1-761e-47f5-bab2-5b57c401f3fa', '07aa7465-2ecd-4d5e-9cbb-17e4c98d73b9', 499, 0, '2026-01-01T00:00:00.000Z'),
  ('8e4b7baf-9cb3-45b4-8bc5-20efffb929f9', '07aa7465-2ecd-4d5e-9cbb-17e4c98d73b9', 185, 0, '2026-01-01T00:00:00.000Z'),
  ('8e4b7baf-9cb3-45b4-8bc5-20efffb929f9', '3af6f746-eb1d-46c2-bc55-23e3349a7b23', 50, 0, '2026-01-01T00:00:00.000Z'),
  ('9d3d4888-fd33-42b0-b81d-ee7321833a72', '3af6f746-eb1d-46c2-bc55-23e3349a7b23', 328, 0, '2026-01-01T00:00:00.000Z'),
  ('90a826b1-761e-47f5-bab2-5b57c401f3fa', '3af6f746-eb1d-46c2-bc55-23e3349a7b23', 69, 0, '2026-01-01T00:00:00.000Z'),
  ('9d3d4888-fd33-42b0-b81d-ee7321833a72', '30247eb9-a774-4c9e-a9ae-185759641db6', 65, 0, '2026-01-01T00:00:00.000Z'),
  ('90a826b1-761e-47f5-bab2-5b57c401f3fa', '448737ea-43ce-483a-a654-eb5b515fe50c', 466, 0, '2026-01-01T00:00:00.000Z'),
  ('8e4b7baf-9cb3-45b4-8bc5-20efffb929f9', '448737ea-43ce-483a-a654-eb5b515fe50c', 181, 0, '2026-01-01T00:00:00.000Z'),
  ('8e4b7baf-9cb3-45b4-8bc5-20efffb929f9', 'daec32f8-d4b1-4a50-9557-91bcf5f0045e', 469, 0, '2026-01-01T00:00:00.000Z'),
  ('9d3d4888-fd33-42b0-b81d-ee7321833a72', 'daec32f8-d4b1-4a50-9557-91bcf5f0045e', 148, 0, '2026-01-01T00:00:00.000Z'),
  ('90a826b1-761e-47f5-bab2-5b57c401f3fa', 'daec32f8-d4b1-4a50-9557-91bcf5f0045e', 366, 0, '2026-01-01T00:00:00.000Z'),
  ('9d3d4888-fd33-42b0-b81d-ee7321833a72', 'b38a7fc6-8bf1-4321-aa8f-a6c804dae94e', 384, 0, '2026-01-01T00:00:00.000Z'),
  ('90a826b1-761e-47f5-bab2-5b57c401f3fa', 'd84cf44f-eab0-41d7-8c3d-de62cb5144e1', 373, 0, '2026-01-01T00:00:00.000Z'),
  ('8e4b7baf-9cb3-45b4-8bc5-20efffb929f9', 'd84cf44f-eab0-41d7-8c3d-de62cb5144e1', 401, 0, '2026-01-01T00:00:00.000Z'),
  ('8e4b7baf-9cb3-45b4-8bc5-20efffb929f9', '97e71963-7a10-4403-bea7-8207885af9bd', 417, 0, '2026-01-01T00:00:00.000Z'),
  ('9d3d4888-fd33-42b0-b81d-ee7321833a72', '97e71963-7a10-4403-bea7-8207885af9bd', 452, 0, '2026-01-01T00:00:00.000Z'),
  ('90a826b1-761e-47f5-bab2-5b57c401f3fa', '97e71963-7a10-4403-bea7-8207885af9bd', 58, 0, '2026-01-01T00:00:00.000Z'),
  ('9d3d4888-fd33-42b0-b81d-ee7321833a72', '6a1d8713-c30d-4af3-82d3-0ec597af5736', 273, 0, '2026-01-01T00:00:00.000Z'),
  ('90a826b1-761e-47f5-bab2-5b57c401f3fa', '37205660-a0da-471e-b3c2-b01bb5d0fa6a', 389, 0, '2026-01-01T00:00:00.000Z'),
  ('8e4b7baf-9cb3-45b4-8bc5-20efffb929f9', '37205660-a0da-471e-b3c2-b01bb5d0fa6a', 254, 0, '2026-01-01T00:00:00.000Z'),
  ('8e4b7baf-9cb3-45b4-8bc5-20efffb929f9', 'd8a3d43a-8ee7-4e6f-b8f6-e60e63a0c8df', 226, 0, '2026-01-01T00:00:00.000Z'),
  ('9d3d4888-fd33-42b0-b81d-ee7321833a72', 'd8a3d43a-8ee7-4e6f-b8f6-e60e63a0c8df', 459, 0, '2026-01-01T00:00:00.000Z'),
  ('90a826b1-761e-47f5-bab2-5b57c401f3fa', 'd8a3d43a-8ee7-4e6f-b8f6-e60e63a0c8df', 270, 0, '2026-01-01T00:00:00.000Z'),
  ('9d3d4888-fd33-42b0-b81d-ee7321833a72', '91808a76-60c1-40d2-8316-bd3d6426b1bc', 56, 0, '2026-01-01T00:00:00.000Z'),
  ('90a826b1-761e-47f5-bab2-5b57c401f3fa', '649060fc-ca0f-48e1-95fb-b5d4b8c206bb', 105, 0, '2026-01-01T00:00:00.000Z'),
  ('8e4b7baf-9cb3-45b4-8bc5-20efffb929f9', '649060fc-ca0f-48e1-95fb-b5d4b8c206bb', 82, 0, '2026-01-01T00:00:00.000Z'),
  ('8e4b7baf-9cb3-45b4-8bc5-20efffb929f9', '9125febd-8ca1-4c8c-947c-d14d83eb04d2', 303, 0, '2026-01-01T00:00:00.000Z'),
  ('9d3d4888-fd33-42b0-b81d-ee7321833a72', '9125febd-8ca1-4c8c-947c-d14d83eb04d2', 294, 0, '2026-01-01T00:00:00.000Z'),
  ('90a826b1-761e-47f5-bab2-5b57c401f3fa', '9125febd-8ca1-4c8c-947c-d14d83eb04d2', 323, 0, '2026-01-01T00:00:00.000Z'),
  ('9d3d4888-fd33-42b0-b81d-ee7321833a72', '01c6e06c-0b44-4665-94c9-41678c616f7c', 500, 0, '2026-01-01T00:00:00.000Z'),
  ('90a826b1-761e-47f5-bab2-5b57c401f3fa', 'fd69c24c-9b52-44b8-b406-3eabfedf5905', 400, 0, '2026-01-01T00:00:00.000Z'),
  ('8e4b7baf-9cb3-45b4-8bc5-20efffb929f9', 'fd69c24c-9b52-44b8-b406-3eabfedf5905', 227, 0, '2026-01-01T00:00:00.000Z'),
  ('8e4b7baf-9cb3-45b4-8bc5-20efffb929f9', '35ed37e8-794f-423f-9f1d-efef64d08121', 160, 0, '2026-01-01T00:00:00.000Z'),
  ('9d3d4888-fd33-42b0-b81d-ee7321833a72', '35ed37e8-794f-423f-9f1d-efef64d08121', 81, 0, '2026-01-01T00:00:00.000Z'),
  ('90a826b1-761e-47f5-bab2-5b57c401f3fa', '35ed37e8-794f-423f-9f1d-efef64d08121', 496, 0, '2026-01-01T00:00:00.000Z'),
  ('9d3d4888-fd33-42b0-b81d-ee7321833a72', 'f20d1991-ded7-4c44-b984-e928d31128c0', 293, 0, '2026-01-01T00:00:00.000Z'),
  ('90a826b1-761e-47f5-bab2-5b57c401f3fa', '6f7cb630-ebe3-41ab-9fe6-753abcf18dce', 133, 0, '2026-01-01T00:00:00.000Z'),
  ('8e4b7baf-9cb3-45b4-8bc5-20efffb929f9', '6f7cb630-ebe3-41ab-9fe6-753abcf18dce', 58, 0, '2026-01-01T00:00:00.000Z'),
  ('8e4b7baf-9cb3-45b4-8bc5-20efffb929f9', 'c1079bc8-23dc-45de-b63f-505f7b97dcd0', 228, 0, '2026-01-01T00:00:00.000Z'),
  ('9d3d4888-fd33-42b0-b81d-ee7321833a72', 'c1079bc8-23dc-45de-b63f-505f7b97dcd0', 414, 0, '2026-01-01T00:00:00.000Z'),
  ('90a826b1-761e-47f5-bab2-5b57c401f3fa', 'c1079bc8-23dc-45de-b63f-505f7b97dcd0', 300, 0, '2026-01-01T00:00:00.000Z'),
  ('9d3d4888-fd33-42b0-b81d-ee7321833a72', 'f442cb0c-c867-460f-b345-809653196c44', 477, 0, '2026-01-01T00:00:00.000Z'),
  ('90a826b1-761e-47f5-bab2-5b57c401f3fa', '6b9ab4b0-1dde-4584-9538-9834b47a678d', 281, 0, '2026-01-01T00:00:00.000Z'),
  ('8e4b7baf-9cb3-45b4-8bc5-20efffb929f9', '6b9ab4b0-1dde-4584-9538-9834b47a678d', 82, 0, '2026-01-01T00:00:00.000Z'),
  ('8e4b7baf-9cb3-45b4-8bc5-20efffb929f9', 'bce3771c-9fb8-4272-bca9-a2a4d928a314', 211, 0, '2026-01-01T00:00:00.000Z'),
  ('9d3d4888-fd33-42b0-b81d-ee7321833a72', 'bce3771c-9fb8-4272-bca9-a2a4d928a314', 119, 0, '2026-01-01T00:00:00.000Z'),
  ('90a826b1-761e-47f5-bab2-5b57c401f3fa', 'bce3771c-9fb8-4272-bca9-a2a4d928a314', 286, 0, '2026-01-01T00:00:00.000Z'),
  ('9d3d4888-fd33-42b0-b81d-ee7321833a72', '456da495-eb1c-43c8-97d9-ac77860ecaf9', 249, 0, '2026-01-01T00:00:00.000Z'),
  ('90a826b1-761e-47f5-bab2-5b57c401f3fa', '233dc24d-3051-4285-9913-c3c7d4b175d5', 253, 0, '2026-01-01T00:00:00.000Z'),
  ('8e4b7baf-9cb3-45b4-8bc5-20efffb929f9', '233dc24d-3051-4285-9913-c3c7d4b175d5', 117, 0, '2026-01-01T00:00:00.000Z'),
  ('8e4b7baf-9cb3-45b4-8bc5-20efffb929f9', '7fd09a70-254f-4f2d-b07d-bdd076833521', 139, 0, '2026-01-01T00:00:00.000Z'),
  ('9d3d4888-fd33-42b0-b81d-ee7321833a72', '7fd09a70-254f-4f2d-b07d-bdd076833521', 143, 0, '2026-01-01T00:00:00.000Z'),
  ('90a826b1-761e-47f5-bab2-5b57c401f3fa', '7fd09a70-254f-4f2d-b07d-bdd076833521', 109, 0, '2026-01-01T00:00:00.000Z'),
  ('9d3d4888-fd33-42b0-b81d-ee7321833a72', 'f05b8984-00c0-49ae-9561-f6940b1f6082', 238, 0, '2026-01-01T00:00:00.000Z'),
  ('90a826b1-761e-47f5-bab2-5b57c401f3fa', '7f60ae1e-c0f6-4e58-9de5-4323596c393d', 290, 0, '2026-01-01T00:00:00.000Z'),
  ('8e4b7baf-9cb3-45b4-8bc5-20efffb929f9', '7f60ae1e-c0f6-4e58-9de5-4323596c393d', 238, 0, '2026-01-01T00:00:00.000Z'),
  ('8e4b7baf-9cb3-45b4-8bc5-20efffb929f9', '8d210d67-45e7-4180-836b-2c190322c7b5', 193, 0, '2026-01-01T00:00:00.000Z'),
  ('9d3d4888-fd33-42b0-b81d-ee7321833a72', '8d210d67-45e7-4180-836b-2c190322c7b5', 157, 0, '2026-01-01T00:00:00.000Z'),
  ('90a826b1-761e-47f5-bab2-5b57c401f3fa', '8d210d67-45e7-4180-836b-2c190322c7b5', 250, 0, '2026-01-01T00:00:00.000Z'),
  ('9d3d4888-fd33-42b0-b81d-ee7321833a72', '894a46e5-d6b9-403e-b134-fe6d82c9e20a', 499, 0, '2026-01-01T00:00:00.000Z'),
  ('90a826b1-761e-47f5-bab2-5b57c401f3fa', 'b14b3f0e-e45a-444f-980d-21ce713010af', 211, 0, '2026-01-01T00:00:00.000Z'),
  ('8e4b7baf-9cb3-45b4-8bc5-20efffb929f9', 'b14b3f0e-e45a-444f-980d-21ce713010af', 340, 0, '2026-01-01T00:00:00.000Z'),
  ('8e4b7baf-9cb3-45b4-8bc5-20efffb929f9', 'fcc0caf1-8c5f-43ee-a55e-06b9eb4355ce', 133, 0, '2026-01-01T00:00:00.000Z'),
  ('9d3d4888-fd33-42b0-b81d-ee7321833a72', 'fcc0caf1-8c5f-43ee-a55e-06b9eb4355ce', 431, 0, '2026-01-01T00:00:00.000Z'),
  ('90a826b1-761e-47f5-bab2-5b57c401f3fa', 'fcc0caf1-8c5f-43ee-a55e-06b9eb4355ce', 406, 0, '2026-01-01T00:00:00.000Z'),
  ('9d3d4888-fd33-42b0-b81d-ee7321833a72', '5f64968c-7ffb-4356-99c1-59b81368fee6', 263, 0, '2026-01-01T00:00:00.000Z'),
  ('90a826b1-761e-47f5-bab2-5b57c401f3fa', '5b0eec6a-8589-488f-bc83-b095dd4d68fc', 496, 0, '2026-01-01T00:00:00.000Z'),
  ('8e4b7baf-9cb3-45b4-8bc5-20efffb929f9', '5b0eec6a-8589-488f-bc83-b095dd4d68fc', 367, 0, '2026-01-01T00:00:00.000Z'),
  ('8e4b7baf-9cb3-45b4-8bc5-20efffb929f9', '2d7876de-30ae-434f-9b93-2a05436e75b2', 397, 0, '2026-01-01T00:00:00.000Z'),
  ('9d3d4888-fd33-42b0-b81d-ee7321833a72', '2d7876de-30ae-434f-9b93-2a05436e75b2', 95, 0, '2026-01-01T00:00:00.000Z'),
  ('90a826b1-761e-47f5-bab2-5b57c401f3fa', '2d7876de-30ae-434f-9b93-2a05436e75b2', 297, 0, '2026-01-01T00:00:00.000Z'),
  ('9d3d4888-fd33-42b0-b81d-ee7321833a72', 'a17abf06-e2c7-4c1c-9df5-173469444fdf', 177, 0, '2026-01-01T00:00:00.000Z'),
  ('90a826b1-761e-47f5-bab2-5b57c401f3fa', '7f4d78f2-4cde-47cb-9c4f-8e3dda83e4ae', 89, 0, '2026-01-01T00:00:00.000Z'),
  ('8e4b7baf-9cb3-45b4-8bc5-20efffb929f9', '7f4d78f2-4cde-47cb-9c4f-8e3dda83e4ae', 278, 0, '2026-01-01T00:00:00.000Z'),
  ('8e4b7baf-9cb3-45b4-8bc5-20efffb929f9', '8ba3d170-fdb7-4249-860c-9611e7ab5597', 428, 0, '2026-01-01T00:00:00.000Z'),
  ('9d3d4888-fd33-42b0-b81d-ee7321833a72', '8ba3d170-fdb7-4249-860c-9611e7ab5597', 133, 0, '2026-01-01T00:00:00.000Z'),
  ('90a826b1-761e-47f5-bab2-5b57c401f3fa', '8ba3d170-fdb7-4249-860c-9611e7ab5597', 364, 0, '2026-01-01T00:00:00.000Z'),
  ('9d3d4888-fd33-42b0-b81d-ee7321833a72', '5edee80b-94dc-45bc-9285-f7f113dcb770', 147, 0, '2026-01-01T00:00:00.000Z'),
  ('90a826b1-761e-47f5-bab2-5b57c401f3fa', '7cf8d098-0689-499b-bcb7-ef7671bb5a3d', 331, 0, '2026-01-01T00:00:00.000Z'),
  ('8e4b7baf-9cb3-45b4-8bc5-20efffb929f9', '7cf8d098-0689-499b-bcb7-ef7671bb5a3d', 152, 0, '2026-01-01T00:00:00.000Z'),
  ('8e4b7baf-9cb3-45b4-8bc5-20efffb929f9', '610067cc-9a39-403c-8472-460f895b3ba2', 361, 0, '2026-01-01T00:00:00.000Z'),
  ('9d3d4888-fd33-42b0-b81d-ee7321833a72', '610067cc-9a39-403c-8472-460f895b3ba2', 267, 0, '2026-01-01T00:00:00.000Z'),
  ('90a826b1-761e-47f5-bab2-5b57c401f3fa', '610067cc-9a39-403c-8472-460f895b3ba2', 168, 0, '2026-01-01T00:00:00.000Z'),
  ('9d3d4888-fd33-42b0-b81d-ee7321833a72', '8bed32b3-5ef3-4875-9850-66238a53c36c', 221, 0, '2026-01-01T00:00:00.000Z'),
  ('90a826b1-761e-47f5-bab2-5b57c401f3fa', '4b772389-971c-4acc-b517-0c1538a8acdd', 302, 0, '2026-01-01T00:00:00.000Z'),
  ('8e4b7baf-9cb3-45b4-8bc5-20efffb929f9', '4b772389-971c-4acc-b517-0c1538a8acdd', 500, 0, '2026-01-01T00:00:00.000Z'),
  ('8e4b7baf-9cb3-45b4-8bc5-20efffb929f9', 'ea446483-18a4-4f9f-972c-577e19489056', 471, 0, '2026-01-01T00:00:00.000Z'),
  ('9d3d4888-fd33-42b0-b81d-ee7321833a72', 'ea446483-18a4-4f9f-972c-577e19489056', 261, 0, '2026-01-01T00:00:00.000Z'),
  ('90a826b1-761e-47f5-bab2-5b57c401f3fa', 'ea446483-18a4-4f9f-972c-577e19489056', 484, 0, '2026-01-01T00:00:00.000Z'),
  ('9d3d4888-fd33-42b0-b81d-ee7321833a72', 'c5f66e85-648c-48ad-85a9-d976efc18542', 319, 0, '2026-01-01T00:00:00.000Z'),
  ('90a826b1-761e-47f5-bab2-5b57c401f3fa', '01a469f4-792d-40fa-9f3d-c054be911daf', 277, 0, '2026-01-01T00:00:00.000Z'),
  ('8e4b7baf-9cb3-45b4-8bc5-20efffb929f9', '01a469f4-792d-40fa-9f3d-c054be911daf', 222, 0, '2026-01-01T00:00:00.000Z'),
  ('8e4b7baf-9cb3-45b4-8bc5-20efffb929f9', 'a860775f-3351-4c67-88b5-08dd58bee427', 343, 0, '2026-01-01T00:00:00.000Z'),
  ('9d3d4888-fd33-42b0-b81d-ee7321833a72', 'a860775f-3351-4c67-88b5-08dd58bee427', 290, 0, '2026-01-01T00:00:00.000Z'),
  ('90a826b1-761e-47f5-bab2-5b57c401f3fa', 'a860775f-3351-4c67-88b5-08dd58bee427', 177, 0, '2026-01-01T00:00:00.000Z'),
  ('9d3d4888-fd33-42b0-b81d-ee7321833a72', 'e823af23-f277-4204-90d7-c22ce1f95aba', 135, 0, '2026-01-01T00:00:00.000Z'),
  ('90a826b1-761e-47f5-bab2-5b57c401f3fa', 'd17be2b0-0b05-4c9e-b884-8113a92cb641', 407, 0, '2026-01-01T00:00:00.000Z'),
  ('8e4b7baf-9cb3-45b4-8bc5-20efffb929f9', 'd17be2b0-0b05-4c9e-b884-8113a92cb641', 269, 0, '2026-01-01T00:00:00.000Z'),
  ('8e4b7baf-9cb3-45b4-8bc5-20efffb929f9', 'ec8dc949-74c8-4513-9cc4-a4c2d5d70918', 289, 0, '2026-01-01T00:00:00.000Z'),
  ('9d3d4888-fd33-42b0-b81d-ee7321833a72', 'ec8dc949-74c8-4513-9cc4-a4c2d5d70918', 121, 0, '2026-01-01T00:00:00.000Z'),
  ('90a826b1-761e-47f5-bab2-5b57c401f3fa', 'ec8dc949-74c8-4513-9cc4-a4c2d5d70918', 329, 0, '2026-01-01T00:00:00.000Z'),
  ('9d3d4888-fd33-42b0-b81d-ee7321833a72', '49da276c-83ba-4093-8a5f-54efd6add64a', 131, 0, '2026-01-01T00:00:00.000Z'),
  ('90a826b1-761e-47f5-bab2-5b57c401f3fa', '9e842689-4c68-491f-b192-48f4644f4683', 83, 0, '2026-01-01T00:00:00.000Z'),
  ('8e4b7baf-9cb3-45b4-8bc5-20efffb929f9', '9e842689-4c68-491f-b192-48f4644f4683', 473, 0, '2026-01-01T00:00:00.000Z'),
  ('8e4b7baf-9cb3-45b4-8bc5-20efffb929f9', '13e125c0-3c46-4614-b01c-8d8532e83f6a', 221, 0, '2026-01-01T00:00:00.000Z'),
  ('9d3d4888-fd33-42b0-b81d-ee7321833a72', '13e125c0-3c46-4614-b01c-8d8532e83f6a', 260, 0, '2026-01-01T00:00:00.000Z'),
  ('90a826b1-761e-47f5-bab2-5b57c401f3fa', '13e125c0-3c46-4614-b01c-8d8532e83f6a', 133, 0, '2026-01-01T00:00:00.000Z'),
  ('9d3d4888-fd33-42b0-b81d-ee7321833a72', '3f74a33d-f138-4aea-8e66-199da5c0dedc', 471, 0, '2026-01-01T00:00:00.000Z'),
  ('90a826b1-761e-47f5-bab2-5b57c401f3fa', 'cfd0d4d4-523d-496f-9230-9ab141651d00', 318, 0, '2026-01-01T00:00:00.000Z'),
  ('8e4b7baf-9cb3-45b4-8bc5-20efffb929f9', 'cfd0d4d4-523d-496f-9230-9ab141651d00', 457, 0, '2026-01-01T00:00:00.000Z'),
  ('8e4b7baf-9cb3-45b4-8bc5-20efffb929f9', '25b5e1f7-479e-457b-8af0-26294427f96b', 229, 0, '2026-01-01T00:00:00.000Z'),
  ('9d3d4888-fd33-42b0-b81d-ee7321833a72', '25b5e1f7-479e-457b-8af0-26294427f96b', 226, 0, '2026-01-01T00:00:00.000Z'),
  ('90a826b1-761e-47f5-bab2-5b57c401f3fa', '25b5e1f7-479e-457b-8af0-26294427f96b', 247, 0, '2026-01-01T00:00:00.000Z'),
  ('9d3d4888-fd33-42b0-b81d-ee7321833a72', '4e084799-c9bd-4efb-87ea-f7db5a7007c2', 117, 0, '2026-01-01T00:00:00.000Z'),
  ('90a826b1-761e-47f5-bab2-5b57c401f3fa', '104a20ef-4ca7-4da3-9d26-f1f914b8d7aa', 401, 0, '2026-01-01T00:00:00.000Z'),
  ('8e4b7baf-9cb3-45b4-8bc5-20efffb929f9', '104a20ef-4ca7-4da3-9d26-f1f914b8d7aa', 446, 0, '2026-01-01T00:00:00.000Z'),
  ('8e4b7baf-9cb3-45b4-8bc5-20efffb929f9', '8d424130-acbc-4c65-8808-2a6d244c92dd', 431, 0, '2026-01-01T00:00:00.000Z'),
  ('9d3d4888-fd33-42b0-b81d-ee7321833a72', '8d424130-acbc-4c65-8808-2a6d244c92dd', 328, 0, '2026-01-01T00:00:00.000Z'),
  ('90a826b1-761e-47f5-bab2-5b57c401f3fa', '8d424130-acbc-4c65-8808-2a6d244c92dd', 425, 0, '2026-01-01T00:00:00.000Z'),
  ('9d3d4888-fd33-42b0-b81d-ee7321833a72', '561767d4-9130-411c-844c-cb36a4a7a559', 129, 0, '2026-01-01T00:00:00.000Z'),
  ('90a826b1-761e-47f5-bab2-5b57c401f3fa', '89f6f6d7-9ff1-4677-8940-b47381104941', 296, 0, '2026-01-01T00:00:00.000Z'),
  ('8e4b7baf-9cb3-45b4-8bc5-20efffb929f9', '89f6f6d7-9ff1-4677-8940-b47381104941', 282, 0, '2026-01-01T00:00:00.000Z'),
  ('8e4b7baf-9cb3-45b4-8bc5-20efffb929f9', '2683340e-9eba-4e4a-bfba-7b031bb1f11c', 325, 0, '2026-01-01T00:00:00.000Z'),
  ('9d3d4888-fd33-42b0-b81d-ee7321833a72', '2683340e-9eba-4e4a-bfba-7b031bb1f11c', 356, 0, '2026-01-01T00:00:00.000Z'),
  ('90a826b1-761e-47f5-bab2-5b57c401f3fa', '2683340e-9eba-4e4a-bfba-7b031bb1f11c', 361, 0, '2026-01-01T00:00:00.000Z'),
  ('9d3d4888-fd33-42b0-b81d-ee7321833a72', '41d35b4c-da52-42d3-b17b-9e407ad9b44a', 96, 0, '2026-01-01T00:00:00.000Z'),
  ('90a826b1-761e-47f5-bab2-5b57c401f3fa', 'f54d3522-c8e9-429b-8c9d-3ac546586e4e', 166, 0, '2026-01-01T00:00:00.000Z'),
  ('8e4b7baf-9cb3-45b4-8bc5-20efffb929f9', 'f54d3522-c8e9-429b-8c9d-3ac546586e4e', 461, 0, '2026-01-01T00:00:00.000Z'),
  ('8e4b7baf-9cb3-45b4-8bc5-20efffb929f9', '9027dc63-c1fb-40f7-9497-953c0e361dbb', 170, 0, '2026-01-01T00:00:00.000Z'),
  ('9d3d4888-fd33-42b0-b81d-ee7321833a72', '9027dc63-c1fb-40f7-9497-953c0e361dbb', 187, 0, '2026-01-01T00:00:00.000Z'),
  ('90a826b1-761e-47f5-bab2-5b57c401f3fa', '9027dc63-c1fb-40f7-9497-953c0e361dbb', 416, 0, '2026-01-01T00:00:00.000Z'),
  ('9d3d4888-fd33-42b0-b81d-ee7321833a72', 'd1f99d95-81ec-48c7-a6f0-fbd7b5230ab9', 282, 0, '2026-01-01T00:00:00.000Z'),
  ('90a826b1-761e-47f5-bab2-5b57c401f3fa', 'd27f3f46-8b36-46f5-b053-9eafd9bd2ede', 403, 0, '2026-01-01T00:00:00.000Z'),
  ('8e4b7baf-9cb3-45b4-8bc5-20efffb929f9', 'd27f3f46-8b36-46f5-b053-9eafd9bd2ede', 396, 0, '2026-01-01T00:00:00.000Z'),
  ('8e4b7baf-9cb3-45b4-8bc5-20efffb929f9', '1c4d07ed-a1dd-4c1c-ac8d-83378ece368c', 161, 0, '2026-01-01T00:00:00.000Z'),
  ('9d3d4888-fd33-42b0-b81d-ee7321833a72', '1c4d07ed-a1dd-4c1c-ac8d-83378ece368c', 155, 0, '2026-01-01T00:00:00.000Z'),
  ('90a826b1-761e-47f5-bab2-5b57c401f3fa', '1c4d07ed-a1dd-4c1c-ac8d-83378ece368c', 399, 0, '2026-01-01T00:00:00.000Z'),
  ('9d3d4888-fd33-42b0-b81d-ee7321833a72', '519a194e-7dde-462d-b992-a471a023cf1a', 423, 0, '2026-01-01T00:00:00.000Z'),
  ('90a826b1-761e-47f5-bab2-5b57c401f3fa', 'd3e10c6e-88fe-4540-8ce2-dded1c20c7d1', 159, 0, '2026-01-01T00:00:00.000Z'),
  ('8e4b7baf-9cb3-45b4-8bc5-20efffb929f9', 'd3e10c6e-88fe-4540-8ce2-dded1c20c7d1', 315, 0, '2026-01-01T00:00:00.000Z'),
  ('8e4b7baf-9cb3-45b4-8bc5-20efffb929f9', '52c96c86-5bc1-4aa5-b1ac-9b914060286f', 226, 0, '2026-01-01T00:00:00.000Z'),
  ('9d3d4888-fd33-42b0-b81d-ee7321833a72', '52c96c86-5bc1-4aa5-b1ac-9b914060286f', 328, 0, '2026-01-01T00:00:00.000Z'),
  ('90a826b1-761e-47f5-bab2-5b57c401f3fa', '52c96c86-5bc1-4aa5-b1ac-9b914060286f', 103, 0, '2026-01-01T00:00:00.000Z'),
  ('9d3d4888-fd33-42b0-b81d-ee7321833a72', 'c6ccdedd-ca37-475c-a151-e67f77e873ad', 131, 0, '2026-01-01T00:00:00.000Z'),
  ('90a826b1-761e-47f5-bab2-5b57c401f3fa', '2f0bc16b-6ec5-46b4-8716-0bc340ef0005', 106, 0, '2026-01-01T00:00:00.000Z'),
  ('8e4b7baf-9cb3-45b4-8bc5-20efffb929f9', '2f0bc16b-6ec5-46b4-8716-0bc340ef0005', 273, 0, '2026-01-01T00:00:00.000Z'),
  ('8e4b7baf-9cb3-45b4-8bc5-20efffb929f9', '13a5759b-f3d8-4132-bd8a-bf03553c8ca6', 250, 0, '2026-01-01T00:00:00.000Z'),
  ('9d3d4888-fd33-42b0-b81d-ee7321833a72', '13a5759b-f3d8-4132-bd8a-bf03553c8ca6', 249, 0, '2026-01-01T00:00:00.000Z'),
  ('90a826b1-761e-47f5-bab2-5b57c401f3fa', '13a5759b-f3d8-4132-bd8a-bf03553c8ca6', 231, 0, '2026-01-01T00:00:00.000Z'),
  ('9d3d4888-fd33-42b0-b81d-ee7321833a72', 'fbf76f58-6cc3-4cbb-ac89-1bd9395894a7', 214, 0, '2026-01-01T00:00:00.000Z'),
  ('90a826b1-761e-47f5-bab2-5b57c401f3fa', '3e20e48b-cddf-44c7-a361-0f9ff5d3ceaa', 342, 0, '2026-01-01T00:00:00.000Z'),
  ('8e4b7baf-9cb3-45b4-8bc5-20efffb929f9', '3e20e48b-cddf-44c7-a361-0f9ff5d3ceaa', 270, 0, '2026-01-01T00:00:00.000Z'),
  ('8e4b7baf-9cb3-45b4-8bc5-20efffb929f9', '88deb5da-a707-4530-aa4b-685d2c9e393d', 207, 0, '2026-01-01T00:00:00.000Z'),
  ('9d3d4888-fd33-42b0-b81d-ee7321833a72', '88deb5da-a707-4530-aa4b-685d2c9e393d', 414, 0, '2026-01-01T00:00:00.000Z'),
  ('90a826b1-761e-47f5-bab2-5b57c401f3fa', '88deb5da-a707-4530-aa4b-685d2c9e393d', 315, 0, '2026-01-01T00:00:00.000Z'),
  ('9d3d4888-fd33-42b0-b81d-ee7321833a72', '4faaa6ef-1603-4b44-a609-fdec537bc049', 488, 0, '2026-01-01T00:00:00.000Z'),
  ('90a826b1-761e-47f5-bab2-5b57c401f3fa', 'a0622b8e-287e-4aef-9c5c-de1da43a498d', 344, 0, '2026-01-01T00:00:00.000Z'),
  ('8e4b7baf-9cb3-45b4-8bc5-20efffb929f9', 'a0622b8e-287e-4aef-9c5c-de1da43a498d', 200, 0, '2026-01-01T00:00:00.000Z'),
  ('8e4b7baf-9cb3-45b4-8bc5-20efffb929f9', '38ffa2a5-e376-4964-9b74-b65517d33964', 217, 0, '2026-01-01T00:00:00.000Z'),
  ('9d3d4888-fd33-42b0-b81d-ee7321833a72', '38ffa2a5-e376-4964-9b74-b65517d33964', 97, 0, '2026-01-01T00:00:00.000Z'),
  ('90a826b1-761e-47f5-bab2-5b57c401f3fa', '38ffa2a5-e376-4964-9b74-b65517d33964', 450, 0, '2026-01-01T00:00:00.000Z'),
  ('9d3d4888-fd33-42b0-b81d-ee7321833a72', 'ce77c957-b1b2-4e5e-b9d2-a67cd8c5f4ec', 241, 0, '2026-01-01T00:00:00.000Z'),
  ('90a826b1-761e-47f5-bab2-5b57c401f3fa', '9ce284be-fc38-49d0-85c8-baa3b1eea0b3', 430, 0, '2026-01-01T00:00:00.000Z'),
  ('8e4b7baf-9cb3-45b4-8bc5-20efffb929f9', '9ce284be-fc38-49d0-85c8-baa3b1eea0b3', 122, 0, '2026-01-01T00:00:00.000Z'),
  ('8e4b7baf-9cb3-45b4-8bc5-20efffb929f9', '3e4284ba-de4f-4103-a765-ab1514225d67', 268, 0, '2026-01-01T00:00:00.000Z'),
  ('9d3d4888-fd33-42b0-b81d-ee7321833a72', '3e4284ba-de4f-4103-a765-ab1514225d67', 415, 0, '2026-01-01T00:00:00.000Z'),
  ('90a826b1-761e-47f5-bab2-5b57c401f3fa', '3e4284ba-de4f-4103-a765-ab1514225d67', 199, 0, '2026-01-01T00:00:00.000Z'),
  ('9d3d4888-fd33-42b0-b81d-ee7321833a72', 'aa8798e0-52f0-41e8-af00-1a8bb274bd1d', 178, 0, '2026-01-01T00:00:00.000Z'),
  ('90a826b1-761e-47f5-bab2-5b57c401f3fa', '88081574-7606-4d94-ba51-1305b6cede96', 449, 0, '2026-01-01T00:00:00.000Z'),
  ('8e4b7baf-9cb3-45b4-8bc5-20efffb929f9', '88081574-7606-4d94-ba51-1305b6cede96', 408, 0, '2026-01-01T00:00:00.000Z'),
  ('8e4b7baf-9cb3-45b4-8bc5-20efffb929f9', '4c57b145-ce33-42df-84f4-2619b1a39a35', 149, 0, '2026-01-01T00:00:00.000Z'),
  ('9d3d4888-fd33-42b0-b81d-ee7321833a72', '4c57b145-ce33-42df-84f4-2619b1a39a35', 273, 0, '2026-01-01T00:00:00.000Z'),
  ('90a826b1-761e-47f5-bab2-5b57c401f3fa', '4c57b145-ce33-42df-84f4-2619b1a39a35', 448, 0, '2026-01-01T00:00:00.000Z'),
  ('9d3d4888-fd33-42b0-b81d-ee7321833a72', '59174083-490e-44c3-93b0-947384581564', 292, 0, '2026-01-01T00:00:00.000Z'),
  ('90a826b1-761e-47f5-bab2-5b57c401f3fa', 'b5d41c0d-2fc2-4f64-aa69-58ce119abf90', 288, 0, '2026-01-01T00:00:00.000Z'),
  ('8e4b7baf-9cb3-45b4-8bc5-20efffb929f9', 'b5d41c0d-2fc2-4f64-aa69-58ce119abf90', 485, 0, '2026-01-01T00:00:00.000Z'),
  ('8e4b7baf-9cb3-45b4-8bc5-20efffb929f9', 'b6e28f3f-7299-4eab-b8fb-da2ea4e2df72', 384, 0, '2026-01-01T00:00:00.000Z'),
  ('9d3d4888-fd33-42b0-b81d-ee7321833a72', 'b6e28f3f-7299-4eab-b8fb-da2ea4e2df72', 145, 0, '2026-01-01T00:00:00.000Z'),
  ('90a826b1-761e-47f5-bab2-5b57c401f3fa', 'b6e28f3f-7299-4eab-b8fb-da2ea4e2df72', 456, 0, '2026-01-01T00:00:00.000Z'),
  ('9d3d4888-fd33-42b0-b81d-ee7321833a72', 'adb4a1f3-820e-4121-a305-83c7afe0ffec', 127, 0, '2026-01-01T00:00:00.000Z'),
  ('90a826b1-761e-47f5-bab2-5b57c401f3fa', '18e091a3-4465-44ff-b750-6a58cc7593af', 93, 0, '2026-01-01T00:00:00.000Z'),
  ('8e4b7baf-9cb3-45b4-8bc5-20efffb929f9', '18e091a3-4465-44ff-b750-6a58cc7593af', 332, 0, '2026-01-01T00:00:00.000Z'),
  ('8e4b7baf-9cb3-45b4-8bc5-20efffb929f9', 'acf74d0a-69f5-4d2d-aff9-dd7df00e7b11', 439, 0, '2026-01-01T00:00:00.000Z'),
  ('9d3d4888-fd33-42b0-b81d-ee7321833a72', 'acf74d0a-69f5-4d2d-aff9-dd7df00e7b11', 397, 0, '2026-01-01T00:00:00.000Z'),
  ('90a826b1-761e-47f5-bab2-5b57c401f3fa', 'acf74d0a-69f5-4d2d-aff9-dd7df00e7b11', 218, 0, '2026-01-01T00:00:00.000Z'),
  ('9d3d4888-fd33-42b0-b81d-ee7321833a72', 'd4340a4c-d878-4828-a5f9-660e61fb73d6', 277, 0, '2026-01-01T00:00:00.000Z'),
  ('90a826b1-761e-47f5-bab2-5b57c401f3fa', 'f4c31e1b-6c4e-476c-b50d-0e30a6bc5ef6', 377, 0, '2026-01-01T00:00:00.000Z'),
  ('8e4b7baf-9cb3-45b4-8bc5-20efffb929f9', 'f4c31e1b-6c4e-476c-b50d-0e30a6bc5ef6', 496, 0, '2026-01-01T00:00:00.000Z'),
  ('8e4b7baf-9cb3-45b4-8bc5-20efffb929f9', '7f029287-c6e5-4085-816d-0f0b8eb4ee4d', 243, 0, '2026-01-01T00:00:00.000Z'),
  ('9d3d4888-fd33-42b0-b81d-ee7321833a72', '7f029287-c6e5-4085-816d-0f0b8eb4ee4d', 265, 0, '2026-01-01T00:00:00.000Z'),
  ('90a826b1-761e-47f5-bab2-5b57c401f3fa', '7f029287-c6e5-4085-816d-0f0b8eb4ee4d', 93, 0, '2026-01-01T00:00:00.000Z'),
  ('9d3d4888-fd33-42b0-b81d-ee7321833a72', '5f8ca3bb-a522-45a0-b689-a339b0dc9053', 130, 0, '2026-01-01T00:00:00.000Z'),
  ('90a826b1-761e-47f5-bab2-5b57c401f3fa', '404f6987-260d-4286-bd81-5e88ef419484', 458, 0, '2026-01-01T00:00:00.000Z'),
  ('8e4b7baf-9cb3-45b4-8bc5-20efffb929f9', '404f6987-260d-4286-bd81-5e88ef419484', 109, 0, '2026-01-01T00:00:00.000Z'),
  ('8e4b7baf-9cb3-45b4-8bc5-20efffb929f9', 'e596e36c-8cf9-4c22-81d0-b8cb9d7d5504', 333, 0, '2026-01-01T00:00:00.000Z'),
  ('9d3d4888-fd33-42b0-b81d-ee7321833a72', 'e596e36c-8cf9-4c22-81d0-b8cb9d7d5504', 425, 0, '2026-01-01T00:00:00.000Z'),
  ('90a826b1-761e-47f5-bab2-5b57c401f3fa', 'e596e36c-8cf9-4c22-81d0-b8cb9d7d5504', 435, 0, '2026-01-01T00:00:00.000Z'),
  ('9d3d4888-fd33-42b0-b81d-ee7321833a72', 'af9db929-d0dc-44d5-aa17-09fe1f646bbc', 88, 0, '2026-01-01T00:00:00.000Z'),
  ('90a826b1-761e-47f5-bab2-5b57c401f3fa', 'b416f6c5-f5fc-4c46-b2f2-347ee5960ae1', 181, 0, '2026-01-01T00:00:00.000Z'),
  ('8e4b7baf-9cb3-45b4-8bc5-20efffb929f9', 'b416f6c5-f5fc-4c46-b2f2-347ee5960ae1', 308, 0, '2026-01-01T00:00:00.000Z'),
  ('8e4b7baf-9cb3-45b4-8bc5-20efffb929f9', 'dd00469e-0112-4c1a-a347-6fda1328a679', 211, 0, '2026-01-01T00:00:00.000Z'),
  ('9d3d4888-fd33-42b0-b81d-ee7321833a72', 'dd00469e-0112-4c1a-a347-6fda1328a679', 361, 0, '2026-01-01T00:00:00.000Z'),
  ('90a826b1-761e-47f5-bab2-5b57c401f3fa', 'dd00469e-0112-4c1a-a347-6fda1328a679', 435, 0, '2026-01-01T00:00:00.000Z'),
  ('9d3d4888-fd33-42b0-b81d-ee7321833a72', 'fc3c3a7c-4ed7-4eb7-93e5-46b2a45bc756', 448, 0, '2026-01-01T00:00:00.000Z'),
  ('90a826b1-761e-47f5-bab2-5b57c401f3fa', '2fc77a91-986a-40b3-bec7-6db957bd2510', 107, 0, '2026-01-01T00:00:00.000Z'),
  ('8e4b7baf-9cb3-45b4-8bc5-20efffb929f9', '2fc77a91-986a-40b3-bec7-6db957bd2510', 51, 0, '2026-01-01T00:00:00.000Z'),
  ('8e4b7baf-9cb3-45b4-8bc5-20efffb929f9', '75ec2687-6a9a-43da-ac59-e3a4943defad', 417, 0, '2026-01-01T00:00:00.000Z'),
  ('9d3d4888-fd33-42b0-b81d-ee7321833a72', '75ec2687-6a9a-43da-ac59-e3a4943defad', 330, 0, '2026-01-01T00:00:00.000Z'),
  ('90a826b1-761e-47f5-bab2-5b57c401f3fa', '75ec2687-6a9a-43da-ac59-e3a4943defad', 498, 0, '2026-01-01T00:00:00.000Z'),
  ('9d3d4888-fd33-42b0-b81d-ee7321833a72', '119bfb2e-9729-4912-995d-bc721f86d385', 377, 0, '2026-01-01T00:00:00.000Z'),
  ('90a826b1-761e-47f5-bab2-5b57c401f3fa', 'deabf987-1351-424a-b1ab-603efca5295c', 321, 0, '2026-01-01T00:00:00.000Z'),
  ('8e4b7baf-9cb3-45b4-8bc5-20efffb929f9', 'deabf987-1351-424a-b1ab-603efca5295c', 328, 0, '2026-01-01T00:00:00.000Z'),
  ('8e4b7baf-9cb3-45b4-8bc5-20efffb929f9', '312f691f-9425-48d5-af39-b53cdb185202', 107, 0, '2026-01-01T00:00:00.000Z'),
  ('9d3d4888-fd33-42b0-b81d-ee7321833a72', '312f691f-9425-48d5-af39-b53cdb185202', 432, 0, '2026-01-01T00:00:00.000Z'),
  ('90a826b1-761e-47f5-bab2-5b57c401f3fa', '312f691f-9425-48d5-af39-b53cdb185202', 228, 0, '2026-01-01T00:00:00.000Z'),
  ('9d3d4888-fd33-42b0-b81d-ee7321833a72', '310eac40-31b5-4186-9739-507c590df925', 69, 0, '2026-01-01T00:00:00.000Z'),
  ('90a826b1-761e-47f5-bab2-5b57c401f3fa', '4ad0c4fd-70b7-4f05-8b2d-b5e67d62639a', 71, 0, '2026-01-01T00:00:00.000Z'),
  ('8e4b7baf-9cb3-45b4-8bc5-20efffb929f9', '4ad0c4fd-70b7-4f05-8b2d-b5e67d62639a', 269, 0, '2026-01-01T00:00:00.000Z'),
  ('8e4b7baf-9cb3-45b4-8bc5-20efffb929f9', '5d4ea3a2-963e-45a8-b12e-308a1ba18d8b', 372, 0, '2026-01-01T00:00:00.000Z'),
  ('9d3d4888-fd33-42b0-b81d-ee7321833a72', '5d4ea3a2-963e-45a8-b12e-308a1ba18d8b', 79, 0, '2026-01-01T00:00:00.000Z'),
  ('90a826b1-761e-47f5-bab2-5b57c401f3fa', '5d4ea3a2-963e-45a8-b12e-308a1ba18d8b', 225, 0, '2026-01-01T00:00:00.000Z'),
  ('9d3d4888-fd33-42b0-b81d-ee7321833a72', 'c65931ec-a07e-4620-82bb-f610688b9286', 81, 0, '2026-01-01T00:00:00.000Z'),
  ('90a826b1-761e-47f5-bab2-5b57c401f3fa', '5c3eeaef-52b1-49f7-944c-b6ac685f9165', 53, 0, '2026-01-01T00:00:00.000Z'),
  ('8e4b7baf-9cb3-45b4-8bc5-20efffb929f9', '5c3eeaef-52b1-49f7-944c-b6ac685f9165', 232, 0, '2026-01-01T00:00:00.000Z'),
  ('8e4b7baf-9cb3-45b4-8bc5-20efffb929f9', 'f5fb2f2f-bcc0-4620-b96a-1f8b8b1afc6a', 59, 0, '2026-01-01T00:00:00.000Z'),
  ('9d3d4888-fd33-42b0-b81d-ee7321833a72', 'f5fb2f2f-bcc0-4620-b96a-1f8b8b1afc6a', 100, 0, '2026-01-01T00:00:00.000Z'),
  ('90a826b1-761e-47f5-bab2-5b57c401f3fa', 'f5fb2f2f-bcc0-4620-b96a-1f8b8b1afc6a', 184, 0, '2026-01-01T00:00:00.000Z'),
  ('9d3d4888-fd33-42b0-b81d-ee7321833a72', 'ae4491c6-33c3-475e-8da9-a527677b18f8', 323, 0, '2026-01-01T00:00:00.000Z'),
  ('90a826b1-761e-47f5-bab2-5b57c401f3fa', 'b0a201df-8224-43e5-b227-c7dbfb9afa1d', 436, 0, '2026-01-01T00:00:00.000Z'),
  ('8e4b7baf-9cb3-45b4-8bc5-20efffb929f9', 'b0a201df-8224-43e5-b227-c7dbfb9afa1d', 492, 0, '2026-01-01T00:00:00.000Z'),
  ('8e4b7baf-9cb3-45b4-8bc5-20efffb929f9', 'd59d6d42-c36e-4393-b575-8b5363e823d0', 308, 0, '2026-01-01T00:00:00.000Z'),
  ('9d3d4888-fd33-42b0-b81d-ee7321833a72', 'd59d6d42-c36e-4393-b575-8b5363e823d0', 393, 0, '2026-01-01T00:00:00.000Z'),
  ('90a826b1-761e-47f5-bab2-5b57c401f3fa', 'd59d6d42-c36e-4393-b575-8b5363e823d0', 64, 0, '2026-01-01T00:00:00.000Z'),
  ('9d3d4888-fd33-42b0-b81d-ee7321833a72', 'cd683ed4-860f-4ec0-87df-142cb95feeb3', 458, 0, '2026-01-01T00:00:00.000Z'),
  ('90a826b1-761e-47f5-bab2-5b57c401f3fa', 'bd8c75be-07d5-4e6a-b903-073a728b18f9', 197, 0, '2026-01-01T00:00:00.000Z'),
  ('8e4b7baf-9cb3-45b4-8bc5-20efffb929f9', 'bd8c75be-07d5-4e6a-b903-073a728b18f9', 222, 0, '2026-01-01T00:00:00.000Z'),
  ('8e4b7baf-9cb3-45b4-8bc5-20efffb929f9', '73ba2a60-507c-47a6-b7cd-b26ca8591d6e', 251, 0, '2026-01-01T00:00:00.000Z'),
  ('9d3d4888-fd33-42b0-b81d-ee7321833a72', '73ba2a60-507c-47a6-b7cd-b26ca8591d6e', 383, 0, '2026-01-01T00:00:00.000Z'),
  ('90a826b1-761e-47f5-bab2-5b57c401f3fa', '73ba2a60-507c-47a6-b7cd-b26ca8591d6e', 280, 0, '2026-01-01T00:00:00.000Z'),
  ('9d3d4888-fd33-42b0-b81d-ee7321833a72', '90788869-9bab-4fde-b2c9-52d6fbc05d6d', 472, 0, '2026-01-01T00:00:00.000Z'),
  ('90a826b1-761e-47f5-bab2-5b57c401f3fa', 'a4c00f15-9d4f-48db-8b07-5d1cf390f954', 402, 0, '2026-01-01T00:00:00.000Z'),
  ('8e4b7baf-9cb3-45b4-8bc5-20efffb929f9', 'a4c00f15-9d4f-48db-8b07-5d1cf390f954', 212, 0, '2026-01-01T00:00:00.000Z'),
  ('8e4b7baf-9cb3-45b4-8bc5-20efffb929f9', '22af4cd3-f7ba-4aae-b108-b7fc680c386b', 78, 0, '2026-01-01T00:00:00.000Z'),
  ('9d3d4888-fd33-42b0-b81d-ee7321833a72', '22af4cd3-f7ba-4aae-b108-b7fc680c386b', 496, 0, '2026-01-01T00:00:00.000Z'),
  ('90a826b1-761e-47f5-bab2-5b57c401f3fa', '22af4cd3-f7ba-4aae-b108-b7fc680c386b', 493, 0, '2026-01-01T00:00:00.000Z'),
  ('9d3d4888-fd33-42b0-b81d-ee7321833a72', '802219be-bcd1-4a9c-bae5-57b469f1274f', 181, 0, '2026-01-01T00:00:00.000Z'),
  ('90a826b1-761e-47f5-bab2-5b57c401f3fa', '5d90f7e1-d51a-49e4-8d6b-f1a443e194e7', 187, 0, '2026-01-01T00:00:00.000Z'),
  ('8e4b7baf-9cb3-45b4-8bc5-20efffb929f9', '5d90f7e1-d51a-49e4-8d6b-f1a443e194e7', 316, 0, '2026-01-01T00:00:00.000Z'),
  ('8e4b7baf-9cb3-45b4-8bc5-20efffb929f9', '8507b5ea-2674-4f4a-b08c-bc14fe4a38e4', 224, 0, '2026-01-01T00:00:00.000Z'),
  ('9d3d4888-fd33-42b0-b81d-ee7321833a72', '8507b5ea-2674-4f4a-b08c-bc14fe4a38e4', 453, 0, '2026-01-01T00:00:00.000Z'),
  ('90a826b1-761e-47f5-bab2-5b57c401f3fa', '8507b5ea-2674-4f4a-b08c-bc14fe4a38e4', 415, 0, '2026-01-01T00:00:00.000Z'),
  ('9d3d4888-fd33-42b0-b81d-ee7321833a72', '03f645a7-68cb-4f56-93d0-abc165cd32b2', 368, 0, '2026-01-01T00:00:00.000Z'),
  ('90a826b1-761e-47f5-bab2-5b57c401f3fa', '89f53cc4-5512-4857-b60a-c55c62a5996e', 282, 0, '2026-01-01T00:00:00.000Z'),
  ('8e4b7baf-9cb3-45b4-8bc5-20efffb929f9', '89f53cc4-5512-4857-b60a-c55c62a5996e', 371, 0, '2026-01-01T00:00:00.000Z'),
  ('8e4b7baf-9cb3-45b4-8bc5-20efffb929f9', '946ef554-ca8f-4551-8a6c-fc74bf4a5621', 487, 0, '2026-01-01T00:00:00.000Z'),
  ('9d3d4888-fd33-42b0-b81d-ee7321833a72', '946ef554-ca8f-4551-8a6c-fc74bf4a5621', 255, 0, '2026-01-01T00:00:00.000Z'),
  ('90a826b1-761e-47f5-bab2-5b57c401f3fa', '946ef554-ca8f-4551-8a6c-fc74bf4a5621', 289, 0, '2026-01-01T00:00:00.000Z'),
  ('9d3d4888-fd33-42b0-b81d-ee7321833a72', 'a5376734-715a-4a86-bc3d-eb44d0d7c9ae', 235, 0, '2026-01-01T00:00:00.000Z'),
  ('90a826b1-761e-47f5-bab2-5b57c401f3fa', 'f08a0f31-60a7-4543-9b8c-eb54383cdf96', 177, 0, '2026-01-01T00:00:00.000Z'),
  ('8e4b7baf-9cb3-45b4-8bc5-20efffb929f9', 'f08a0f31-60a7-4543-9b8c-eb54383cdf96', 210, 0, '2026-01-01T00:00:00.000Z'),
  ('8e4b7baf-9cb3-45b4-8bc5-20efffb929f9', '4e1decc8-ca73-4b65-92da-8f708e0b8472', 342, 0, '2026-01-01T00:00:00.000Z'),
  ('9d3d4888-fd33-42b0-b81d-ee7321833a72', '4e1decc8-ca73-4b65-92da-8f708e0b8472', 372, 0, '2026-01-01T00:00:00.000Z'),
  ('90a826b1-761e-47f5-bab2-5b57c401f3fa', '4e1decc8-ca73-4b65-92da-8f708e0b8472', 78, 0, '2026-01-01T00:00:00.000Z'),
  ('9d3d4888-fd33-42b0-b81d-ee7321833a72', '2010f59e-ff53-4941-ae82-f2754c879407', 172, 0, '2026-01-01T00:00:00.000Z'),
  ('90a826b1-761e-47f5-bab2-5b57c401f3fa', '74377658-b0ba-4e2a-ae1f-ef75b90c11b7', 386, 0, '2026-01-01T00:00:00.000Z'),
  ('8e4b7baf-9cb3-45b4-8bc5-20efffb929f9', '74377658-b0ba-4e2a-ae1f-ef75b90c11b7', 373, 0, '2026-01-01T00:00:00.000Z'),
  ('8e4b7baf-9cb3-45b4-8bc5-20efffb929f9', 'ae69e2e7-ec7a-4131-9638-9aa02e1a9ce0', 451, 0, '2026-01-01T00:00:00.000Z'),
  ('9d3d4888-fd33-42b0-b81d-ee7321833a72', 'ae69e2e7-ec7a-4131-9638-9aa02e1a9ce0', 398, 0, '2026-01-01T00:00:00.000Z'),
  ('90a826b1-761e-47f5-bab2-5b57c401f3fa', 'ae69e2e7-ec7a-4131-9638-9aa02e1a9ce0', 335, 0, '2026-01-01T00:00:00.000Z'),
  ('9d3d4888-fd33-42b0-b81d-ee7321833a72', '48cf3532-2ba1-4b89-8c29-309c0c5f1d91', 227, 0, '2026-01-01T00:00:00.000Z'),
  ('90a826b1-761e-47f5-bab2-5b57c401f3fa', 'a6151f99-e94f-45e5-a90f-058b5efb58be', 132, 0, '2026-01-01T00:00:00.000Z'),
  ('8e4b7baf-9cb3-45b4-8bc5-20efffb929f9', 'a6151f99-e94f-45e5-a90f-058b5efb58be', 295, 0, '2026-01-01T00:00:00.000Z'),
  ('8e4b7baf-9cb3-45b4-8bc5-20efffb929f9', 'fe7b87ac-2f0f-4654-93fc-ea0b88251909', 246, 0, '2026-01-01T00:00:00.000Z'),
  ('9d3d4888-fd33-42b0-b81d-ee7321833a72', 'fe7b87ac-2f0f-4654-93fc-ea0b88251909', 256, 0, '2026-01-01T00:00:00.000Z'),
  ('90a826b1-761e-47f5-bab2-5b57c401f3fa', 'fe7b87ac-2f0f-4654-93fc-ea0b88251909', 93, 0, '2026-01-01T00:00:00.000Z'),
  ('9d3d4888-fd33-42b0-b81d-ee7321833a72', '526cc7cf-bdf2-4465-8b46-6d5ff48edb62', 370, 0, '2026-01-01T00:00:00.000Z'),
  ('90a826b1-761e-47f5-bab2-5b57c401f3fa', '53bcdf78-1757-493d-be4e-e25abdb911e2', 56, 0, '2026-01-01T00:00:00.000Z'),
  ('8e4b7baf-9cb3-45b4-8bc5-20efffb929f9', '53bcdf78-1757-493d-be4e-e25abdb911e2', 498, 0, '2026-01-01T00:00:00.000Z'),
  ('8e4b7baf-9cb3-45b4-8bc5-20efffb929f9', 'a0ee6d68-15bc-4a51-b5fb-2b259b83087f', 118, 0, '2026-01-01T00:00:00.000Z'),
  ('9d3d4888-fd33-42b0-b81d-ee7321833a72', 'a0ee6d68-15bc-4a51-b5fb-2b259b83087f', 422, 0, '2026-01-01T00:00:00.000Z'),
  ('90a826b1-761e-47f5-bab2-5b57c401f3fa', 'a0ee6d68-15bc-4a51-b5fb-2b259b83087f', 116, 0, '2026-01-01T00:00:00.000Z'),
  ('9d3d4888-fd33-42b0-b81d-ee7321833a72', 'a00398aa-b9a7-4924-b23f-e80675d3851c', 379, 0, '2026-01-01T00:00:00.000Z'),
  ('90a826b1-761e-47f5-bab2-5b57c401f3fa', '03c95365-8288-4c22-a246-cce55cf22438', 317, 0, '2026-01-01T00:00:00.000Z'),
  ('8e4b7baf-9cb3-45b4-8bc5-20efffb929f9', '03c95365-8288-4c22-a246-cce55cf22438', 342, 0, '2026-01-01T00:00:00.000Z'),
  ('8e4b7baf-9cb3-45b4-8bc5-20efffb929f9', 'ae50e65e-3dce-41a9-a36a-bf2a62795c59', 198, 0, '2026-01-01T00:00:00.000Z'),
  ('9d3d4888-fd33-42b0-b81d-ee7321833a72', 'ae50e65e-3dce-41a9-a36a-bf2a62795c59', 430, 0, '2026-01-01T00:00:00.000Z'),
  ('90a826b1-761e-47f5-bab2-5b57c401f3fa', 'ae50e65e-3dce-41a9-a36a-bf2a62795c59', 189, 0, '2026-01-01T00:00:00.000Z'),
  ('9d3d4888-fd33-42b0-b81d-ee7321833a72', '07579142-e55e-4af3-9257-2c1cfc33a2ee', 381, 0, '2026-01-01T00:00:00.000Z'),
  ('90a826b1-761e-47f5-bab2-5b57c401f3fa', 'de410ae7-84c1-488b-837c-9400fc467c1d', 291, 0, '2026-01-01T00:00:00.000Z'),
  ('8e4b7baf-9cb3-45b4-8bc5-20efffb929f9', 'de410ae7-84c1-488b-837c-9400fc467c1d', 261, 0, '2026-01-01T00:00:00.000Z'),
  ('8e4b7baf-9cb3-45b4-8bc5-20efffb929f9', '22065e5a-7907-44f9-8cde-239274567541', 433, 0, '2026-01-01T00:00:00.000Z'),
  ('9d3d4888-fd33-42b0-b81d-ee7321833a72', '22065e5a-7907-44f9-8cde-239274567541', 198, 0, '2026-01-01T00:00:00.000Z'),
  ('90a826b1-761e-47f5-bab2-5b57c401f3fa', '22065e5a-7907-44f9-8cde-239274567541', 254, 0, '2026-01-01T00:00:00.000Z'),
  ('9d3d4888-fd33-42b0-b81d-ee7321833a72', '73cba285-058f-468c-bd59-66c7426ffb74', 192, 0, '2026-01-01T00:00:00.000Z'),
  ('90a826b1-761e-47f5-bab2-5b57c401f3fa', '64e54fc3-3ff4-4b01-8e4b-9b406af34f91', 155, 0, '2026-01-01T00:00:00.000Z'),
  ('8e4b7baf-9cb3-45b4-8bc5-20efffb929f9', '64e54fc3-3ff4-4b01-8e4b-9b406af34f91', 112, 0, '2026-01-01T00:00:00.000Z'),
  ('8e4b7baf-9cb3-45b4-8bc5-20efffb929f9', '069bc54f-3d6e-452a-8a37-5eadbe06a2d2', 73, 0, '2026-01-01T00:00:00.000Z'),
  ('9d3d4888-fd33-42b0-b81d-ee7321833a72', '069bc54f-3d6e-452a-8a37-5eadbe06a2d2', 81, 0, '2026-01-01T00:00:00.000Z'),
  ('90a826b1-761e-47f5-bab2-5b57c401f3fa', '069bc54f-3d6e-452a-8a37-5eadbe06a2d2', 440, 0, '2026-01-01T00:00:00.000Z'),
  ('9d3d4888-fd33-42b0-b81d-ee7321833a72', 'a342ab2e-7073-4dc3-9d0e-4069d83445e4', 77, 0, '2026-01-01T00:00:00.000Z'),
  ('90a826b1-761e-47f5-bab2-5b57c401f3fa', 'f34c7f43-e851-4cbf-9365-72ddf98b5d2a', 182, 0, '2026-01-01T00:00:00.000Z'),
  ('8e4b7baf-9cb3-45b4-8bc5-20efffb929f9', 'f34c7f43-e851-4cbf-9365-72ddf98b5d2a', 406, 0, '2026-01-01T00:00:00.000Z'),
  ('8e4b7baf-9cb3-45b4-8bc5-20efffb929f9', '7bea52da-6877-4dd3-b5aa-fa54e03a87b7', 500, 0, '2026-01-01T00:00:00.000Z'),
  ('9d3d4888-fd33-42b0-b81d-ee7321833a72', '7bea52da-6877-4dd3-b5aa-fa54e03a87b7', 264, 0, '2026-01-01T00:00:00.000Z'),
  ('90a826b1-761e-47f5-bab2-5b57c401f3fa', '7bea52da-6877-4dd3-b5aa-fa54e03a87b7', 359, 0, '2026-01-01T00:00:00.000Z'),
  ('9d3d4888-fd33-42b0-b81d-ee7321833a72', 'd1f270f6-07ff-4552-9029-e65da837d49e', 289, 0, '2026-01-01T00:00:00.000Z'),
  ('90a826b1-761e-47f5-bab2-5b57c401f3fa', '7a779a3a-1ef0-4d9c-9426-b3c14fc72aa8', 284, 0, '2026-01-01T00:00:00.000Z'),
  ('8e4b7baf-9cb3-45b4-8bc5-20efffb929f9', '7a779a3a-1ef0-4d9c-9426-b3c14fc72aa8', 232, 0, '2026-01-01T00:00:00.000Z'),
  ('8e4b7baf-9cb3-45b4-8bc5-20efffb929f9', 'f546eb6c-43e3-4565-8fa3-364c38368b79', 318, 0, '2026-01-01T00:00:00.000Z'),
  ('9d3d4888-fd33-42b0-b81d-ee7321833a72', 'f546eb6c-43e3-4565-8fa3-364c38368b79', 119, 0, '2026-01-01T00:00:00.000Z'),
  ('90a826b1-761e-47f5-bab2-5b57c401f3fa', 'f546eb6c-43e3-4565-8fa3-364c38368b79', 404, 0, '2026-01-01T00:00:00.000Z'),
  ('9d3d4888-fd33-42b0-b81d-ee7321833a72', '40344edd-4456-4ac2-9d01-a38665b3f7b0', 139, 0, '2026-01-01T00:00:00.000Z'),
  ('90a826b1-761e-47f5-bab2-5b57c401f3fa', '5a4d3546-c839-4a76-9d3c-86bb61b0a633', 407, 0, '2026-01-01T00:00:00.000Z'),
  ('8e4b7baf-9cb3-45b4-8bc5-20efffb929f9', '5a4d3546-c839-4a76-9d3c-86bb61b0a633', 378, 0, '2026-01-01T00:00:00.000Z'),
  ('8e4b7baf-9cb3-45b4-8bc5-20efffb929f9', 'ac564546-b3c5-441b-9ab8-fa16c41bca56', 345, 0, '2026-01-01T00:00:00.000Z'),
  ('9d3d4888-fd33-42b0-b81d-ee7321833a72', 'ac564546-b3c5-441b-9ab8-fa16c41bca56', 92, 0, '2026-01-01T00:00:00.000Z'),
  ('90a826b1-761e-47f5-bab2-5b57c401f3fa', 'ac564546-b3c5-441b-9ab8-fa16c41bca56', 468, 0, '2026-01-01T00:00:00.000Z'),
  ('9d3d4888-fd33-42b0-b81d-ee7321833a72', 'b63d4bb7-8567-43ea-89e1-1844fcf711e0', 125, 0, '2026-01-01T00:00:00.000Z'),
  ('90a826b1-761e-47f5-bab2-5b57c401f3fa', '14766977-4985-48fe-9ba7-daa5135dea4d', 233, 0, '2026-01-01T00:00:00.000Z'),
  ('8e4b7baf-9cb3-45b4-8bc5-20efffb929f9', '14766977-4985-48fe-9ba7-daa5135dea4d', 385, 0, '2026-01-01T00:00:00.000Z'),
  ('8e4b7baf-9cb3-45b4-8bc5-20efffb929f9', '359b2091-6111-4510-8776-26efcf1aa4b4', 289, 0, '2026-01-01T00:00:00.000Z'),
  ('9d3d4888-fd33-42b0-b81d-ee7321833a72', '359b2091-6111-4510-8776-26efcf1aa4b4', 376, 0, '2026-01-01T00:00:00.000Z'),
  ('90a826b1-761e-47f5-bab2-5b57c401f3fa', '359b2091-6111-4510-8776-26efcf1aa4b4', 223, 0, '2026-01-01T00:00:00.000Z'),
  ('9d3d4888-fd33-42b0-b81d-ee7321833a72', '3c4c4648-1386-405b-9bed-bb0d3f51d6d4', 423, 0, '2026-01-01T00:00:00.000Z'),
  ('90a826b1-761e-47f5-bab2-5b57c401f3fa', '5098bd53-ba3e-4394-af11-9ceac4cd485c', 471, 0, '2026-01-01T00:00:00.000Z'),
  ('8e4b7baf-9cb3-45b4-8bc5-20efffb929f9', '5098bd53-ba3e-4394-af11-9ceac4cd485c', 325, 0, '2026-01-01T00:00:00.000Z'),
  ('8e4b7baf-9cb3-45b4-8bc5-20efffb929f9', 'b468529f-4b7b-4d1b-944e-47c59c133b50', 160, 0, '2026-01-01T00:00:00.000Z'),
  ('9d3d4888-fd33-42b0-b81d-ee7321833a72', 'b468529f-4b7b-4d1b-944e-47c59c133b50', 410, 0, '2026-01-01T00:00:00.000Z'),
  ('90a826b1-761e-47f5-bab2-5b57c401f3fa', 'b468529f-4b7b-4d1b-944e-47c59c133b50', 431, 0, '2026-01-01T00:00:00.000Z'),
  ('9d3d4888-fd33-42b0-b81d-ee7321833a72', '86700916-9ab2-46ad-a3b9-2c576ac171a4', 497, 0, '2026-01-01T00:00:00.000Z'),
  ('90a826b1-761e-47f5-bab2-5b57c401f3fa', '26764daa-f7bf-46f2-acb0-577358a04d36', 213, 0, '2026-01-01T00:00:00.000Z'),
  ('8e4b7baf-9cb3-45b4-8bc5-20efffb929f9', '26764daa-f7bf-46f2-acb0-577358a04d36', 472, 0, '2026-01-01T00:00:00.000Z'),
  ('8e4b7baf-9cb3-45b4-8bc5-20efffb929f9', '77879af6-30cc-449e-8a36-be24f0239eb2', 400, 0, '2026-01-01T00:00:00.000Z'),
  ('9d3d4888-fd33-42b0-b81d-ee7321833a72', '77879af6-30cc-449e-8a36-be24f0239eb2', 221, 0, '2026-01-01T00:00:00.000Z'),
  ('90a826b1-761e-47f5-bab2-5b57c401f3fa', '77879af6-30cc-449e-8a36-be24f0239eb2', 279, 0, '2026-01-01T00:00:00.000Z'),
  ('9d3d4888-fd33-42b0-b81d-ee7321833a72', '9133c449-81bd-411f-bf5e-d5008337e138', 169, 0, '2026-01-01T00:00:00.000Z'),
  ('90a826b1-761e-47f5-bab2-5b57c401f3fa', 'e8752e38-c710-489d-863d-046be8b82184', 177, 0, '2026-01-01T00:00:00.000Z'),
  ('8e4b7baf-9cb3-45b4-8bc5-20efffb929f9', 'e8752e38-c710-489d-863d-046be8b82184', 188, 0, '2026-01-01T00:00:00.000Z'),
  ('8e4b7baf-9cb3-45b4-8bc5-20efffb929f9', '0e13d47a-a090-4c0f-af86-7238bef95a50', 298, 0, '2026-01-01T00:00:00.000Z'),
  ('9d3d4888-fd33-42b0-b81d-ee7321833a72', '0e13d47a-a090-4c0f-af86-7238bef95a50', 458, 0, '2026-01-01T00:00:00.000Z'),
  ('90a826b1-761e-47f5-bab2-5b57c401f3fa', '0e13d47a-a090-4c0f-af86-7238bef95a50', 94, 0, '2026-01-01T00:00:00.000Z'),
  ('9d3d4888-fd33-42b0-b81d-ee7321833a72', '01b40a4a-cf4b-4d57-b2d7-7801f41f85c2', 140, 0, '2026-01-01T00:00:00.000Z'),
  ('90a826b1-761e-47f5-bab2-5b57c401f3fa', 'b9a8d14d-4673-4d4d-95f7-f732ab5ad9cd', 130, 0, '2026-01-01T00:00:00.000Z'),
  ('8e4b7baf-9cb3-45b4-8bc5-20efffb929f9', 'b9a8d14d-4673-4d4d-95f7-f732ab5ad9cd', 317, 0, '2026-01-01T00:00:00.000Z'),
  ('8e4b7baf-9cb3-45b4-8bc5-20efffb929f9', 'ff8567da-1057-409f-aa6a-de16a4d65f0d', 385, 0, '2026-01-01T00:00:00.000Z'),
  ('9d3d4888-fd33-42b0-b81d-ee7321833a72', 'ff8567da-1057-409f-aa6a-de16a4d65f0d', 360, 0, '2026-01-01T00:00:00.000Z'),
  ('90a826b1-761e-47f5-bab2-5b57c401f3fa', 'ff8567da-1057-409f-aa6a-de16a4d65f0d', 118, 0, '2026-01-01T00:00:00.000Z'),
  ('9d3d4888-fd33-42b0-b81d-ee7321833a72', 'd6583177-75fc-4408-916a-8e546ba6cb2f', 84, 0, '2026-01-01T00:00:00.000Z'),
  ('90a826b1-761e-47f5-bab2-5b57c401f3fa', 'a8cd55ed-3356-4019-a7a0-654bd6679447', 198, 0, '2026-01-01T00:00:00.000Z'),
  ('8e4b7baf-9cb3-45b4-8bc5-20efffb929f9', 'a8cd55ed-3356-4019-a7a0-654bd6679447', 331, 0, '2026-01-01T00:00:00.000Z'),
  ('8e4b7baf-9cb3-45b4-8bc5-20efffb929f9', '0cd0bd0c-1159-4dc1-ad34-530be69f5827', 170, 0, '2026-01-01T00:00:00.000Z'),
  ('9d3d4888-fd33-42b0-b81d-ee7321833a72', '0cd0bd0c-1159-4dc1-ad34-530be69f5827', 88, 0, '2026-01-01T00:00:00.000Z'),
  ('90a826b1-761e-47f5-bab2-5b57c401f3fa', '0cd0bd0c-1159-4dc1-ad34-530be69f5827', 498, 0, '2026-01-01T00:00:00.000Z'),
  ('9d3d4888-fd33-42b0-b81d-ee7321833a72', 'b252925c-ec2e-4646-8c1b-18ab2a06e825', 106, 0, '2026-01-01T00:00:00.000Z'),
  ('90a826b1-761e-47f5-bab2-5b57c401f3fa', '496d212b-470e-4a40-bcdd-dbb50d61be63', 398, 0, '2026-01-01T00:00:00.000Z'),
  ('8e4b7baf-9cb3-45b4-8bc5-20efffb929f9', '496d212b-470e-4a40-bcdd-dbb50d61be63', 417, 0, '2026-01-01T00:00:00.000Z'),
  ('8e4b7baf-9cb3-45b4-8bc5-20efffb929f9', 'bc597232-61a7-4e56-8985-290e5a91c8c0', 323, 0, '2026-01-01T00:00:00.000Z'),
  ('9d3d4888-fd33-42b0-b81d-ee7321833a72', 'bc597232-61a7-4e56-8985-290e5a91c8c0', 239, 0, '2026-01-01T00:00:00.000Z'),
  ('90a826b1-761e-47f5-bab2-5b57c401f3fa', 'bc597232-61a7-4e56-8985-290e5a91c8c0', 478, 0, '2026-01-01T00:00:00.000Z'),
  ('9d3d4888-fd33-42b0-b81d-ee7321833a72', '27c6edfc-5ee8-4edc-8829-c5391fa41e3b', 107, 0, '2026-01-01T00:00:00.000Z'),
  ('90a826b1-761e-47f5-bab2-5b57c401f3fa', '5bf54ffa-b216-4bf6-965e-ad32671b223c', 459, 0, '2026-01-01T00:00:00.000Z'),
  ('8e4b7baf-9cb3-45b4-8bc5-20efffb929f9', '5bf54ffa-b216-4bf6-965e-ad32671b223c', 248, 0, '2026-01-01T00:00:00.000Z'),
  ('8e4b7baf-9cb3-45b4-8bc5-20efffb929f9', '43a2d2d6-3423-4049-a863-8016f034b6de', 330, 0, '2026-01-01T00:00:00.000Z'),
  ('9d3d4888-fd33-42b0-b81d-ee7321833a72', '43a2d2d6-3423-4049-a863-8016f034b6de', 352, 0, '2026-01-01T00:00:00.000Z'),
  ('90a826b1-761e-47f5-bab2-5b57c401f3fa', '43a2d2d6-3423-4049-a863-8016f034b6de', 472, 0, '2026-01-01T00:00:00.000Z'),
  ('9d3d4888-fd33-42b0-b81d-ee7321833a72', 'f5b7a9b6-4d38-4a6e-a035-63da867b6ee2', 385, 0, '2026-01-01T00:00:00.000Z'),
  ('90a826b1-761e-47f5-bab2-5b57c401f3fa', '4be315d0-d2c2-44e9-931f-4869b03ac766', 227, 0, '2026-01-01T00:00:00.000Z'),
  ('8e4b7baf-9cb3-45b4-8bc5-20efffb929f9', '4be315d0-d2c2-44e9-931f-4869b03ac766', 488, 0, '2026-01-01T00:00:00.000Z'),
  ('8e4b7baf-9cb3-45b4-8bc5-20efffb929f9', '1fe7d2de-40ca-4f52-9742-7b46eb99f466', 379, 0, '2026-01-01T00:00:00.000Z'),
  ('9d3d4888-fd33-42b0-b81d-ee7321833a72', '1fe7d2de-40ca-4f52-9742-7b46eb99f466', 443, 0, '2026-01-01T00:00:00.000Z'),
  ('90a826b1-761e-47f5-bab2-5b57c401f3fa', '1fe7d2de-40ca-4f52-9742-7b46eb99f466', 450, 0, '2026-01-01T00:00:00.000Z'),
  ('9d3d4888-fd33-42b0-b81d-ee7321833a72', 'e6fb3ea7-36a6-4ec1-9c88-5d7bfd7a05bf', 433, 0, '2026-01-01T00:00:00.000Z'),
  ('90a826b1-761e-47f5-bab2-5b57c401f3fa', '2acd0253-6f09-46e9-a253-1937bede6d08', 465, 0, '2026-01-01T00:00:00.000Z'),
  ('8e4b7baf-9cb3-45b4-8bc5-20efffb929f9', '2acd0253-6f09-46e9-a253-1937bede6d08', 474, 0, '2026-01-01T00:00:00.000Z'),
  ('8e4b7baf-9cb3-45b4-8bc5-20efffb929f9', '98b09ac3-3d36-4e2f-8566-987288c18e44', 59, 0, '2026-01-01T00:00:00.000Z'),
  ('9d3d4888-fd33-42b0-b81d-ee7321833a72', '98b09ac3-3d36-4e2f-8566-987288c18e44', 496, 0, '2026-01-01T00:00:00.000Z'),
  ('90a826b1-761e-47f5-bab2-5b57c401f3fa', '98b09ac3-3d36-4e2f-8566-987288c18e44', 269, 0, '2026-01-01T00:00:00.000Z'),
  ('9d3d4888-fd33-42b0-b81d-ee7321833a72', '5f106ac1-1e8e-4bef-8581-718ac309319e', 140, 0, '2026-01-01T00:00:00.000Z'),
  ('90a826b1-761e-47f5-bab2-5b57c401f3fa', 'bd04c994-b2af-472f-b7b5-873b98dc82ef', 379, 0, '2026-01-01T00:00:00.000Z'),
  ('8e4b7baf-9cb3-45b4-8bc5-20efffb929f9', 'bd04c994-b2af-472f-b7b5-873b98dc82ef', 428, 0, '2026-01-01T00:00:00.000Z'),
  ('8e4b7baf-9cb3-45b4-8bc5-20efffb929f9', '08694c1e-cc91-49d4-867b-586d9afc0898', 90, 0, '2026-01-01T00:00:00.000Z'),
  ('9d3d4888-fd33-42b0-b81d-ee7321833a72', '08694c1e-cc91-49d4-867b-586d9afc0898', 309, 0, '2026-01-01T00:00:00.000Z'),
  ('90a826b1-761e-47f5-bab2-5b57c401f3fa', '08694c1e-cc91-49d4-867b-586d9afc0898', 410, 0, '2026-01-01T00:00:00.000Z'),
  ('9d3d4888-fd33-42b0-b81d-ee7321833a72', 'd5d91f76-3153-4d2e-8d23-5cca7e9dca13', 248, 0, '2026-01-01T00:00:00.000Z'),
  ('90a826b1-761e-47f5-bab2-5b57c401f3fa', '8a0de9d1-c867-46ae-8239-fff19e0aac0b', 174, 0, '2026-01-01T00:00:00.000Z'),
  ('8e4b7baf-9cb3-45b4-8bc5-20efffb929f9', '8a0de9d1-c867-46ae-8239-fff19e0aac0b', 320, 0, '2026-01-01T00:00:00.000Z'),
  ('8e4b7baf-9cb3-45b4-8bc5-20efffb929f9', '498d48c5-50f6-4e41-9464-051e3b3876dd', 152, 0, '2026-01-01T00:00:00.000Z'),
  ('9d3d4888-fd33-42b0-b81d-ee7321833a72', '498d48c5-50f6-4e41-9464-051e3b3876dd', 170, 0, '2026-01-01T00:00:00.000Z'),
  ('90a826b1-761e-47f5-bab2-5b57c401f3fa', '498d48c5-50f6-4e41-9464-051e3b3876dd', 98, 0, '2026-01-01T00:00:00.000Z'),
  ('9d3d4888-fd33-42b0-b81d-ee7321833a72', 'd1d34d25-c247-4621-bae9-355d33a89deb', 384, 0, '2026-01-01T00:00:00.000Z'),
  ('90a826b1-761e-47f5-bab2-5b57c401f3fa', '8b3f9246-f455-468f-a3d9-694a355a6097', 399, 0, '2026-01-01T00:00:00.000Z'),
  ('8e4b7baf-9cb3-45b4-8bc5-20efffb929f9', '8b3f9246-f455-468f-a3d9-694a355a6097', 453, 0, '2026-01-01T00:00:00.000Z'),
  ('8e4b7baf-9cb3-45b4-8bc5-20efffb929f9', '7a8e05ac-273c-413b-9621-6f06956eb2dd', 351, 0, '2026-01-01T00:00:00.000Z'),
  ('9d3d4888-fd33-42b0-b81d-ee7321833a72', '7a8e05ac-273c-413b-9621-6f06956eb2dd', 158, 0, '2026-01-01T00:00:00.000Z'),
  ('90a826b1-761e-47f5-bab2-5b57c401f3fa', '7a8e05ac-273c-413b-9621-6f06956eb2dd', 130, 0, '2026-01-01T00:00:00.000Z'),
  ('9d3d4888-fd33-42b0-b81d-ee7321833a72', '6dcc3852-59ee-4bf4-b0ed-3defe5b8d854', 305, 0, '2026-01-01T00:00:00.000Z'),
  ('90a826b1-761e-47f5-bab2-5b57c401f3fa', '16dcc652-5220-44e3-9500-d40f180711f3', 257, 0, '2026-01-01T00:00:00.000Z'),
  ('8e4b7baf-9cb3-45b4-8bc5-20efffb929f9', '16dcc652-5220-44e3-9500-d40f180711f3', 155, 0, '2026-01-01T00:00:00.000Z'),
  ('8e4b7baf-9cb3-45b4-8bc5-20efffb929f9', 'ac96de4e-9aa6-469e-b4cf-fce67b3c2c20', 472, 0, '2026-01-01T00:00:00.000Z'),
  ('9d3d4888-fd33-42b0-b81d-ee7321833a72', 'ac96de4e-9aa6-469e-b4cf-fce67b3c2c20', 313, 0, '2026-01-01T00:00:00.000Z'),
  ('90a826b1-761e-47f5-bab2-5b57c401f3fa', 'ac96de4e-9aa6-469e-b4cf-fce67b3c2c20', 181, 0, '2026-01-01T00:00:00.000Z'),
  ('9d3d4888-fd33-42b0-b81d-ee7321833a72', '72417ec2-e7ce-47b0-8d63-7c073fbe233b', 219, 0, '2026-01-01T00:00:00.000Z'),
  ('90a826b1-761e-47f5-bab2-5b57c401f3fa', 'a7f94ba9-1e9a-41c1-ab3e-0cd9b43e9cd5', 211, 0, '2026-01-01T00:00:00.000Z'),
  ('8e4b7baf-9cb3-45b4-8bc5-20efffb929f9', 'a7f94ba9-1e9a-41c1-ab3e-0cd9b43e9cd5', 295, 0, '2026-01-01T00:00:00.000Z'),
  ('8e4b7baf-9cb3-45b4-8bc5-20efffb929f9', '026cb630-ad60-4a85-96de-c8a9e26f610a', 232, 0, '2026-01-01T00:00:00.000Z'),
  ('9d3d4888-fd33-42b0-b81d-ee7321833a72', '026cb630-ad60-4a85-96de-c8a9e26f610a', 136, 0, '2026-01-01T00:00:00.000Z'),
  ('90a826b1-761e-47f5-bab2-5b57c401f3fa', '026cb630-ad60-4a85-96de-c8a9e26f610a', 368, 0, '2026-01-01T00:00:00.000Z'),
  ('9d3d4888-fd33-42b0-b81d-ee7321833a72', 'cef50adf-ead4-4ec0-a7df-712ce070e417', 325, 0, '2026-01-01T00:00:00.000Z'),
  ('90a826b1-761e-47f5-bab2-5b57c401f3fa', 'b023281a-9f70-4c62-9a37-1ba6bee0e380', 240, 0, '2026-01-01T00:00:00.000Z'),
  ('8e4b7baf-9cb3-45b4-8bc5-20efffb929f9', 'b023281a-9f70-4c62-9a37-1ba6bee0e380', 347, 0, '2026-01-01T00:00:00.000Z'),
  ('8e4b7baf-9cb3-45b4-8bc5-20efffb929f9', '1f03495e-f8b0-4f4b-a783-77523c911d6a', 304, 0, '2026-01-01T00:00:00.000Z'),
  ('9d3d4888-fd33-42b0-b81d-ee7321833a72', '1f03495e-f8b0-4f4b-a783-77523c911d6a', 175, 0, '2026-01-01T00:00:00.000Z'),
  ('90a826b1-761e-47f5-bab2-5b57c401f3fa', '1f03495e-f8b0-4f4b-a783-77523c911d6a', 177, 0, '2026-01-01T00:00:00.000Z'),
  ('9d3d4888-fd33-42b0-b81d-ee7321833a72', '80f31bc2-da2e-4e3e-988b-e05e21f82f15', 147, 0, '2026-01-01T00:00:00.000Z'),
  ('90a826b1-761e-47f5-bab2-5b57c401f3fa', '922e53b7-29f0-4999-aa35-207f996a4050', 499, 0, '2026-01-01T00:00:00.000Z'),
  ('8e4b7baf-9cb3-45b4-8bc5-20efffb929f9', '922e53b7-29f0-4999-aa35-207f996a4050', 419, 0, '2026-01-01T00:00:00.000Z'),
  ('8e4b7baf-9cb3-45b4-8bc5-20efffb929f9', 'fefa762b-b107-48fe-b28a-cc4a1dcf1e7a', 104, 0, '2026-01-01T00:00:00.000Z'),
  ('9d3d4888-fd33-42b0-b81d-ee7321833a72', 'fefa762b-b107-48fe-b28a-cc4a1dcf1e7a', 289, 0, '2026-01-01T00:00:00.000Z'),
  ('90a826b1-761e-47f5-bab2-5b57c401f3fa', 'fefa762b-b107-48fe-b28a-cc4a1dcf1e7a', 84, 0, '2026-01-01T00:00:00.000Z'),
  ('9d3d4888-fd33-42b0-b81d-ee7321833a72', 'd91cc85e-6bfb-41a2-8cc0-fbc688685aa8', 380, 0, '2026-01-01T00:00:00.000Z'),
  ('90a826b1-761e-47f5-bab2-5b57c401f3fa', 'cbf8ac64-6767-4b53-966a-942c1191a092', 449, 0, '2026-01-01T00:00:00.000Z'),
  ('8e4b7baf-9cb3-45b4-8bc5-20efffb929f9', 'cbf8ac64-6767-4b53-966a-942c1191a092', 265, 0, '2026-01-01T00:00:00.000Z'),
  ('8e4b7baf-9cb3-45b4-8bc5-20efffb929f9', '571ab955-a517-4345-bca0-b7925914cf20', 315, 0, '2026-01-01T00:00:00.000Z'),
  ('9d3d4888-fd33-42b0-b81d-ee7321833a72', '571ab955-a517-4345-bca0-b7925914cf20', 283, 0, '2026-01-01T00:00:00.000Z'),
  ('90a826b1-761e-47f5-bab2-5b57c401f3fa', '571ab955-a517-4345-bca0-b7925914cf20', 80, 0, '2026-01-01T00:00:00.000Z'),
  ('9d3d4888-fd33-42b0-b81d-ee7321833a72', '5f66338a-9ae7-43d3-a2cc-37285e067886', 314, 0, '2026-01-01T00:00:00.000Z'),
  ('90a826b1-761e-47f5-bab2-5b57c401f3fa', '6260954c-0b28-42a1-b50a-f380f97c5aac', 98, 0, '2026-01-01T00:00:00.000Z'),
  ('8e4b7baf-9cb3-45b4-8bc5-20efffb929f9', '6260954c-0b28-42a1-b50a-f380f97c5aac', 479, 0, '2026-01-01T00:00:00.000Z'),
  ('8e4b7baf-9cb3-45b4-8bc5-20efffb929f9', 'f5bfc1e0-b0e7-434a-821d-b4728d4f1853', 205, 0, '2026-01-01T00:00:00.000Z'),
  ('9d3d4888-fd33-42b0-b81d-ee7321833a72', 'f5bfc1e0-b0e7-434a-821d-b4728d4f1853', 80, 0, '2026-01-01T00:00:00.000Z'),
  ('90a826b1-761e-47f5-bab2-5b57c401f3fa', 'f5bfc1e0-b0e7-434a-821d-b4728d4f1853', 131, 0, '2026-01-01T00:00:00.000Z'),
  ('9d3d4888-fd33-42b0-b81d-ee7321833a72', '00f929e6-b9fe-4a23-94a3-bc99595b3324', 381, 0, '2026-01-01T00:00:00.000Z'),
  ('90a826b1-761e-47f5-bab2-5b57c401f3fa', '30dff1da-5fcd-4e3b-8433-b04013d19b89', 129, 0, '2026-01-01T00:00:00.000Z'),
  ('8e4b7baf-9cb3-45b4-8bc5-20efffb929f9', '30dff1da-5fcd-4e3b-8433-b04013d19b89', 262, 0, '2026-01-01T00:00:00.000Z'),
  ('8e4b7baf-9cb3-45b4-8bc5-20efffb929f9', '1c924b02-6b9f-478a-a6f6-51d228f1b8bf', 377, 0, '2026-01-01T00:00:00.000Z'),
  ('9d3d4888-fd33-42b0-b81d-ee7321833a72', '1c924b02-6b9f-478a-a6f6-51d228f1b8bf', 433, 0, '2026-01-01T00:00:00.000Z'),
  ('90a826b1-761e-47f5-bab2-5b57c401f3fa', '1c924b02-6b9f-478a-a6f6-51d228f1b8bf', 432, 0, '2026-01-01T00:00:00.000Z'),
  ('9d3d4888-fd33-42b0-b81d-ee7321833a72', '2640c762-942b-43fe-bf02-786a3f8e3924', 243, 0, '2026-01-01T00:00:00.000Z'),
  ('90a826b1-761e-47f5-bab2-5b57c401f3fa', 'ed9f9814-befb-4060-8783-a6eb01538ae3', 368, 0, '2026-01-01T00:00:00.000Z'),
  ('8e4b7baf-9cb3-45b4-8bc5-20efffb929f9', 'ed9f9814-befb-4060-8783-a6eb01538ae3', 320, 0, '2026-01-01T00:00:00.000Z'),
  ('8e4b7baf-9cb3-45b4-8bc5-20efffb929f9', '789049ac-20da-4e67-a79b-bcbab2e6f59b', 160, 0, '2026-01-01T00:00:00.000Z'),
  ('9d3d4888-fd33-42b0-b81d-ee7321833a72', '789049ac-20da-4e67-a79b-bcbab2e6f59b', 377, 0, '2026-01-01T00:00:00.000Z'),
  ('90a826b1-761e-47f5-bab2-5b57c401f3fa', '789049ac-20da-4e67-a79b-bcbab2e6f59b', 468, 0, '2026-01-01T00:00:00.000Z'),
  ('9d3d4888-fd33-42b0-b81d-ee7321833a72', '6591e945-c53c-4d8a-b361-867c70ae06a8', 165, 0, '2026-01-01T00:00:00.000Z'),
  ('90a826b1-761e-47f5-bab2-5b57c401f3fa', '45f1ba68-e799-49b0-a115-2b7d3aba04e8', 309, 0, '2026-01-01T00:00:00.000Z'),
  ('8e4b7baf-9cb3-45b4-8bc5-20efffb929f9', '45f1ba68-e799-49b0-a115-2b7d3aba04e8', 129, 0, '2026-01-01T00:00:00.000Z'),
  ('8e4b7baf-9cb3-45b4-8bc5-20efffb929f9', '3d115446-950e-4c0a-9f15-76132122e1d5', 373, 0, '2026-01-01T00:00:00.000Z'),
  ('9d3d4888-fd33-42b0-b81d-ee7321833a72', '3d115446-950e-4c0a-9f15-76132122e1d5', 336, 0, '2026-01-01T00:00:00.000Z'),
  ('90a826b1-761e-47f5-bab2-5b57c401f3fa', '3d115446-950e-4c0a-9f15-76132122e1d5', 301, 0, '2026-01-01T00:00:00.000Z'),
  ('9d3d4888-fd33-42b0-b81d-ee7321833a72', '69e90e6b-3831-409a-acd4-32ba5d7f14ab', 241, 0, '2026-01-01T00:00:00.000Z'),
  ('90a826b1-761e-47f5-bab2-5b57c401f3fa', 'd1aa5357-6617-451e-84ec-d6fdd8175d90', 181, 0, '2026-01-01T00:00:00.000Z'),
  ('8e4b7baf-9cb3-45b4-8bc5-20efffb929f9', 'd1aa5357-6617-451e-84ec-d6fdd8175d90', 500, 0, '2026-01-01T00:00:00.000Z'),
  ('8e4b7baf-9cb3-45b4-8bc5-20efffb929f9', '7d11b9c5-0a8d-4dcb-88a0-34a9537822bf', 69, 0, '2026-01-01T00:00:00.000Z'),
  ('9d3d4888-fd33-42b0-b81d-ee7321833a72', '7d11b9c5-0a8d-4dcb-88a0-34a9537822bf', 219, 0, '2026-01-01T00:00:00.000Z'),
  ('90a826b1-761e-47f5-bab2-5b57c401f3fa', '7d11b9c5-0a8d-4dcb-88a0-34a9537822bf', 116, 0, '2026-01-01T00:00:00.000Z'),
  ('9d3d4888-fd33-42b0-b81d-ee7321833a72', '973e15ac-c8fe-4e24-90b3-b4ae13933078', 153, 0, '2026-01-01T00:00:00.000Z'),
  ('90a826b1-761e-47f5-bab2-5b57c401f3fa', '16d8426b-f49d-4aab-8c40-26bd9646e3f2', 232, 0, '2026-01-01T00:00:00.000Z'),
  ('8e4b7baf-9cb3-45b4-8bc5-20efffb929f9', '16d8426b-f49d-4aab-8c40-26bd9646e3f2', 279, 0, '2026-01-01T00:00:00.000Z'),
  ('8e4b7baf-9cb3-45b4-8bc5-20efffb929f9', 'cf9743fb-2c29-4aa5-bec9-511341983ed3', 313, 0, '2026-01-01T00:00:00.000Z'),
  ('9d3d4888-fd33-42b0-b81d-ee7321833a72', 'cf9743fb-2c29-4aa5-bec9-511341983ed3', 348, 0, '2026-01-01T00:00:00.000Z'),
  ('90a826b1-761e-47f5-bab2-5b57c401f3fa', 'cf9743fb-2c29-4aa5-bec9-511341983ed3', 398, 0, '2026-01-01T00:00:00.000Z'),
  ('9d3d4888-fd33-42b0-b81d-ee7321833a72', 'e2e3fd7c-7544-408c-9598-f3cd54a67172', 323, 0, '2026-01-01T00:00:00.000Z'),
  ('90a826b1-761e-47f5-bab2-5b57c401f3fa', 'fc0af13e-427e-4991-bade-ca06f5bf946b', 397, 0, '2026-01-01T00:00:00.000Z'),
  ('8e4b7baf-9cb3-45b4-8bc5-20efffb929f9', 'fc0af13e-427e-4991-bade-ca06f5bf946b', 98, 0, '2026-01-01T00:00:00.000Z'),
  ('8e4b7baf-9cb3-45b4-8bc5-20efffb929f9', '369088cf-a374-4e91-9350-fea5d7ee5b69', 82, 0, '2026-01-01T00:00:00.000Z'),
  ('9d3d4888-fd33-42b0-b81d-ee7321833a72', '369088cf-a374-4e91-9350-fea5d7ee5b69', 117, 0, '2026-01-01T00:00:00.000Z'),
  ('90a826b1-761e-47f5-bab2-5b57c401f3fa', '369088cf-a374-4e91-9350-fea5d7ee5b69', 173, 0, '2026-01-01T00:00:00.000Z'),
  ('9d3d4888-fd33-42b0-b81d-ee7321833a72', '84dda458-6294-4967-a4f7-710ee5c6ff40', 406, 0, '2026-01-01T00:00:00.000Z'),
  ('90a826b1-761e-47f5-bab2-5b57c401f3fa', 'd7b949dc-7482-4a52-a145-dd8f58416e9e', 131, 0, '2026-01-01T00:00:00.000Z'),
  ('8e4b7baf-9cb3-45b4-8bc5-20efffb929f9', 'd7b949dc-7482-4a52-a145-dd8f58416e9e', 344, 0, '2026-01-01T00:00:00.000Z'),
  ('8e4b7baf-9cb3-45b4-8bc5-20efffb929f9', 'ca0b3fad-2b39-4568-97e1-b6f11a9cd083', 356, 0, '2026-01-01T00:00:00.000Z'),
  ('9d3d4888-fd33-42b0-b81d-ee7321833a72', 'ca0b3fad-2b39-4568-97e1-b6f11a9cd083', 190, 0, '2026-01-01T00:00:00.000Z'),
  ('90a826b1-761e-47f5-bab2-5b57c401f3fa', 'ca0b3fad-2b39-4568-97e1-b6f11a9cd083', 275, 0, '2026-01-01T00:00:00.000Z'),
  ('9d3d4888-fd33-42b0-b81d-ee7321833a72', '4f8bce02-2dac-4967-9706-6df7b269e5e6', 159, 0, '2026-01-01T00:00:00.000Z'),
  ('90a826b1-761e-47f5-bab2-5b57c401f3fa', '0bbf1e2e-90be-40f3-b7d7-fab93d93f6b5', 174, 0, '2026-01-01T00:00:00.000Z'),
  ('8e4b7baf-9cb3-45b4-8bc5-20efffb929f9', '0bbf1e2e-90be-40f3-b7d7-fab93d93f6b5', 187, 0, '2026-01-01T00:00:00.000Z'),
  ('8e4b7baf-9cb3-45b4-8bc5-20efffb929f9', '13c548bc-ce1f-45f7-953f-e155148a296f', 332, 0, '2026-01-01T00:00:00.000Z'),
  ('9d3d4888-fd33-42b0-b81d-ee7321833a72', '13c548bc-ce1f-45f7-953f-e155148a296f', 263, 0, '2026-01-01T00:00:00.000Z'),
  ('90a826b1-761e-47f5-bab2-5b57c401f3fa', '13c548bc-ce1f-45f7-953f-e155148a296f', 316, 0, '2026-01-01T00:00:00.000Z'),
  ('9d3d4888-fd33-42b0-b81d-ee7321833a72', 'c8199240-74d3-4196-ac57-ee48eb5254cb', 392, 0, '2026-01-01T00:00:00.000Z'),
  ('90a826b1-761e-47f5-bab2-5b57c401f3fa', 'dc8387e6-9fae-409d-9f7d-d15247161589', 239, 0, '2026-01-01T00:00:00.000Z'),
  ('8e4b7baf-9cb3-45b4-8bc5-20efffb929f9', 'dc8387e6-9fae-409d-9f7d-d15247161589', 321, 0, '2026-01-01T00:00:00.000Z'),
  ('8e4b7baf-9cb3-45b4-8bc5-20efffb929f9', 'af1569dd-472e-4e37-a974-ca5d5d9ea015', 418, 0, '2026-01-01T00:00:00.000Z'),
  ('9d3d4888-fd33-42b0-b81d-ee7321833a72', 'af1569dd-472e-4e37-a974-ca5d5d9ea015', 420, 0, '2026-01-01T00:00:00.000Z'),
  ('90a826b1-761e-47f5-bab2-5b57c401f3fa', 'af1569dd-472e-4e37-a974-ca5d5d9ea015', 318, 0, '2026-01-01T00:00:00.000Z'),
  ('9d3d4888-fd33-42b0-b81d-ee7321833a72', 'bd7b82ab-0656-4ea5-a0d2-df2742466ee9', 274, 0, '2026-01-01T00:00:00.000Z'),
  ('90a826b1-761e-47f5-bab2-5b57c401f3fa', 'a9de5019-3b17-4dcc-8bf5-1bf0bef10f04', 483, 0, '2026-01-01T00:00:00.000Z'),
  ('8e4b7baf-9cb3-45b4-8bc5-20efffb929f9', 'a9de5019-3b17-4dcc-8bf5-1bf0bef10f04', 182, 0, '2026-01-01T00:00:00.000Z'),
  ('8e4b7baf-9cb3-45b4-8bc5-20efffb929f9', 'e4510b5a-3774-4704-a07e-a695586aca53', 384, 0, '2026-01-01T00:00:00.000Z'),
  ('9d3d4888-fd33-42b0-b81d-ee7321833a72', 'e4510b5a-3774-4704-a07e-a695586aca53', 284, 0, '2026-01-01T00:00:00.000Z'),
  ('90a826b1-761e-47f5-bab2-5b57c401f3fa', 'e4510b5a-3774-4704-a07e-a695586aca53', 461, 0, '2026-01-01T00:00:00.000Z'),
  ('9d3d4888-fd33-42b0-b81d-ee7321833a72', 'a9af4def-6bb4-4194-a3a8-39edc4058742', 491, 0, '2026-01-01T00:00:00.000Z'),
  ('90a826b1-761e-47f5-bab2-5b57c401f3fa', '098231d6-6876-484d-b175-fb475cba9744', 362, 0, '2026-01-01T00:00:00.000Z'),
  ('8e4b7baf-9cb3-45b4-8bc5-20efffb929f9', '098231d6-6876-484d-b175-fb475cba9744', 428, 0, '2026-01-01T00:00:00.000Z'),
  ('8e4b7baf-9cb3-45b4-8bc5-20efffb929f9', '7896f885-57cf-4b51-942e-e262345f5ed7', 199, 0, '2026-01-01T00:00:00.000Z'),
  ('9d3d4888-fd33-42b0-b81d-ee7321833a72', '7896f885-57cf-4b51-942e-e262345f5ed7', 58, 0, '2026-01-01T00:00:00.000Z'),
  ('90a826b1-761e-47f5-bab2-5b57c401f3fa', '7896f885-57cf-4b51-942e-e262345f5ed7', 487, 0, '2026-01-01T00:00:00.000Z'),
  ('9d3d4888-fd33-42b0-b81d-ee7321833a72', '024e3903-daa7-4f94-9501-f776197e03a2', 182, 0, '2026-01-01T00:00:00.000Z'),
  ('90a826b1-761e-47f5-bab2-5b57c401f3fa', 'ed7a0592-3cac-4d8e-87ab-0c1235584975', 362, 0, '2026-01-01T00:00:00.000Z'),
  ('8e4b7baf-9cb3-45b4-8bc5-20efffb929f9', 'ed7a0592-3cac-4d8e-87ab-0c1235584975', 494, 0, '2026-01-01T00:00:00.000Z'),
  ('8e4b7baf-9cb3-45b4-8bc5-20efffb929f9', '2d199724-01d7-4f01-8d23-81fe3f150aa3', 484, 0, '2026-01-01T00:00:00.000Z'),
  ('9d3d4888-fd33-42b0-b81d-ee7321833a72', '2d199724-01d7-4f01-8d23-81fe3f150aa3', 66, 0, '2026-01-01T00:00:00.000Z'),
  ('90a826b1-761e-47f5-bab2-5b57c401f3fa', '2d199724-01d7-4f01-8d23-81fe3f150aa3', 196, 0, '2026-01-01T00:00:00.000Z'),
  ('9d3d4888-fd33-42b0-b81d-ee7321833a72', '20162f67-c804-47b0-83e4-6a79d2c8e107', 254, 0, '2026-01-01T00:00:00.000Z'),
  ('90a826b1-761e-47f5-bab2-5b57c401f3fa', '17d0eed2-fd1a-47ff-8236-f1b48d4a0e43', 94, 0, '2026-01-01T00:00:00.000Z'),
  ('8e4b7baf-9cb3-45b4-8bc5-20efffb929f9', '17d0eed2-fd1a-47ff-8236-f1b48d4a0e43', 93, 0, '2026-01-01T00:00:00.000Z'),
  ('8e4b7baf-9cb3-45b4-8bc5-20efffb929f9', '988ea267-4478-4bce-a732-f5a2e3e372e7', 379, 0, '2026-01-01T00:00:00.000Z'),
  ('9d3d4888-fd33-42b0-b81d-ee7321833a72', '988ea267-4478-4bce-a732-f5a2e3e372e7', 188, 0, '2026-01-01T00:00:00.000Z'),
  ('90a826b1-761e-47f5-bab2-5b57c401f3fa', '988ea267-4478-4bce-a732-f5a2e3e372e7', 373, 0, '2026-01-01T00:00:00.000Z'),
  ('9d3d4888-fd33-42b0-b81d-ee7321833a72', '47075c52-ab57-41cb-8610-6239d2731a9e', 305, 0, '2026-01-01T00:00:00.000Z'),
  ('90a826b1-761e-47f5-bab2-5b57c401f3fa', '0acf962b-903f-470d-aeda-0b426f0ef13f', 390, 0, '2026-01-01T00:00:00.000Z'),
  ('8e4b7baf-9cb3-45b4-8bc5-20efffb929f9', '0acf962b-903f-470d-aeda-0b426f0ef13f', 256, 0, '2026-01-01T00:00:00.000Z'),
  ('8e4b7baf-9cb3-45b4-8bc5-20efffb929f9', '1dc842d4-16d7-41e2-a85e-3a94d83c5059', 493, 0, '2026-01-01T00:00:00.000Z'),
  ('9d3d4888-fd33-42b0-b81d-ee7321833a72', '1dc842d4-16d7-41e2-a85e-3a94d83c5059', 392, 0, '2026-01-01T00:00:00.000Z'),
  ('90a826b1-761e-47f5-bab2-5b57c401f3fa', '1dc842d4-16d7-41e2-a85e-3a94d83c5059', 215, 0, '2026-01-01T00:00:00.000Z'),
  ('9d3d4888-fd33-42b0-b81d-ee7321833a72', '86ca03f8-1cf4-4106-91db-acfd6824e661', 402, 0, '2026-01-01T00:00:00.000Z'),
  ('90a826b1-761e-47f5-bab2-5b57c401f3fa', 'd51af57b-f44e-4c72-b074-fd7738bafc50', 491, 0, '2026-01-01T00:00:00.000Z'),
  ('8e4b7baf-9cb3-45b4-8bc5-20efffb929f9', 'd51af57b-f44e-4c72-b074-fd7738bafc50', 203, 0, '2026-01-01T00:00:00.000Z'),
  ('8e4b7baf-9cb3-45b4-8bc5-20efffb929f9', 'c30ddd7d-842b-4e0c-a19b-026b9cb07b5e', 362, 0, '2026-01-01T00:00:00.000Z'),
  ('9d3d4888-fd33-42b0-b81d-ee7321833a72', 'c30ddd7d-842b-4e0c-a19b-026b9cb07b5e', 438, 0, '2026-01-01T00:00:00.000Z'),
  ('90a826b1-761e-47f5-bab2-5b57c401f3fa', 'c30ddd7d-842b-4e0c-a19b-026b9cb07b5e', 123, 0, '2026-01-01T00:00:00.000Z'),
  ('9d3d4888-fd33-42b0-b81d-ee7321833a72', '6be1873b-55fa-4078-9371-fcfedfc12a3a', 443, 0, '2026-01-01T00:00:00.000Z'),
  ('90a826b1-761e-47f5-bab2-5b57c401f3fa', '1f2cb397-5c13-4446-86c5-08713b0d4f3c', 104, 0, '2026-01-01T00:00:00.000Z'),
  ('8e4b7baf-9cb3-45b4-8bc5-20efffb929f9', '1f2cb397-5c13-4446-86c5-08713b0d4f3c', 264, 0, '2026-01-01T00:00:00.000Z'),
  ('8e4b7baf-9cb3-45b4-8bc5-20efffb929f9', 'd078e14b-fef2-4296-bf0e-3ebcd6d442bc', 234, 0, '2026-01-01T00:00:00.000Z'),
  ('9d3d4888-fd33-42b0-b81d-ee7321833a72', 'd078e14b-fef2-4296-bf0e-3ebcd6d442bc', 448, 0, '2026-01-01T00:00:00.000Z'),
  ('90a826b1-761e-47f5-bab2-5b57c401f3fa', 'd078e14b-fef2-4296-bf0e-3ebcd6d442bc', 161, 0, '2026-01-01T00:00:00.000Z'),
  ('9d3d4888-fd33-42b0-b81d-ee7321833a72', 'fa7f3136-bde4-4950-b342-9bb8d9c2d217', 92, 0, '2026-01-01T00:00:00.000Z'),
  ('90a826b1-761e-47f5-bab2-5b57c401f3fa', '31822c4f-d2df-4b32-b7f8-4201e3386ad8', 396, 0, '2026-01-01T00:00:00.000Z'),
  ('8e4b7baf-9cb3-45b4-8bc5-20efffb929f9', '31822c4f-d2df-4b32-b7f8-4201e3386ad8', 73, 0, '2026-01-01T00:00:00.000Z'),
  ('8e4b7baf-9cb3-45b4-8bc5-20efffb929f9', '62a05826-84dd-4af1-87ff-b60195cf1419', 361, 0, '2026-01-01T00:00:00.000Z'),
  ('9d3d4888-fd33-42b0-b81d-ee7321833a72', '62a05826-84dd-4af1-87ff-b60195cf1419', 416, 0, '2026-01-01T00:00:00.000Z'),
  ('90a826b1-761e-47f5-bab2-5b57c401f3fa', '62a05826-84dd-4af1-87ff-b60195cf1419', 126, 0, '2026-01-01T00:00:00.000Z'),
  ('9d3d4888-fd33-42b0-b81d-ee7321833a72', '8c3d6900-24d5-46c7-b98b-d108d7c4e075', 451, 0, '2026-01-01T00:00:00.000Z'),
  ('90a826b1-761e-47f5-bab2-5b57c401f3fa', '332b7d0b-7487-4291-871e-06d1c0a082d7', 259, 0, '2026-01-01T00:00:00.000Z'),
  ('8e4b7baf-9cb3-45b4-8bc5-20efffb929f9', '332b7d0b-7487-4291-871e-06d1c0a082d7', 364, 0, '2026-01-01T00:00:00.000Z'),
  ('8e4b7baf-9cb3-45b4-8bc5-20efffb929f9', 'fb2d8690-745c-43ba-af02-7af053442ae7', 142, 0, '2026-01-01T00:00:00.000Z'),
  ('9d3d4888-fd33-42b0-b81d-ee7321833a72', 'fb2d8690-745c-43ba-af02-7af053442ae7', 469, 0, '2026-01-01T00:00:00.000Z'),
  ('90a826b1-761e-47f5-bab2-5b57c401f3fa', 'fb2d8690-745c-43ba-af02-7af053442ae7', 338, 0, '2026-01-01T00:00:00.000Z'),
  ('9d3d4888-fd33-42b0-b81d-ee7321833a72', '9d935971-df9c-402e-b4d0-137b9b981fec', 362, 0, '2026-01-01T00:00:00.000Z'),
  ('90a826b1-761e-47f5-bab2-5b57c401f3fa', 'de59efae-da7a-496c-9c54-ad5423f6f9c6', 367, 0, '2026-01-01T00:00:00.000Z'),
  ('8e4b7baf-9cb3-45b4-8bc5-20efffb929f9', 'de59efae-da7a-496c-9c54-ad5423f6f9c6', 480, 0, '2026-01-01T00:00:00.000Z'),
  ('8e4b7baf-9cb3-45b4-8bc5-20efffb929f9', '16b1e085-1213-4c87-893e-8c797c42a02f', 192, 0, '2026-01-01T00:00:00.000Z'),
  ('9d3d4888-fd33-42b0-b81d-ee7321833a72', '16b1e085-1213-4c87-893e-8c797c42a02f', 132, 0, '2026-01-01T00:00:00.000Z'),
  ('90a826b1-761e-47f5-bab2-5b57c401f3fa', '16b1e085-1213-4c87-893e-8c797c42a02f', 322, 0, '2026-01-01T00:00:00.000Z'),
  ('9d3d4888-fd33-42b0-b81d-ee7321833a72', '14c859f4-6510-4b81-890f-11406a996bc0', 202, 0, '2026-01-01T00:00:00.000Z'),
  ('90a826b1-761e-47f5-bab2-5b57c401f3fa', '26916ebd-1343-426a-a7ab-edd90da7e583', 497, 0, '2026-01-01T00:00:00.000Z'),
  ('8e4b7baf-9cb3-45b4-8bc5-20efffb929f9', '26916ebd-1343-426a-a7ab-edd90da7e583', 214, 0, '2026-01-01T00:00:00.000Z'),
  ('8e4b7baf-9cb3-45b4-8bc5-20efffb929f9', 'db01a6ce-b1af-4004-89a5-e4f04a73faf2', 97, 0, '2026-01-01T00:00:00.000Z'),
  ('9d3d4888-fd33-42b0-b81d-ee7321833a72', 'db01a6ce-b1af-4004-89a5-e4f04a73faf2', 353, 0, '2026-01-01T00:00:00.000Z'),
  ('90a826b1-761e-47f5-bab2-5b57c401f3fa', 'db01a6ce-b1af-4004-89a5-e4f04a73faf2', 88, 0, '2026-01-01T00:00:00.000Z'),
  ('9d3d4888-fd33-42b0-b81d-ee7321833a72', '577f521f-44a3-4370-a8a7-a7cbfd4449d8', 446, 0, '2026-01-01T00:00:00.000Z'),
  ('90a826b1-761e-47f5-bab2-5b57c401f3fa', 'ff02fd16-5e27-4085-89d0-2c856bec97c1', 258, 0, '2026-01-01T00:00:00.000Z'),
  ('8e4b7baf-9cb3-45b4-8bc5-20efffb929f9', 'ff02fd16-5e27-4085-89d0-2c856bec97c1', 280, 0, '2026-01-01T00:00:00.000Z'),
  ('8e4b7baf-9cb3-45b4-8bc5-20efffb929f9', 'd5a392b5-70cf-4301-8552-41c40d21161d', 109, 0, '2026-01-01T00:00:00.000Z'),
  ('9d3d4888-fd33-42b0-b81d-ee7321833a72', 'd5a392b5-70cf-4301-8552-41c40d21161d', 476, 0, '2026-01-01T00:00:00.000Z'),
  ('90a826b1-761e-47f5-bab2-5b57c401f3fa', 'd5a392b5-70cf-4301-8552-41c40d21161d', 147, 0, '2026-01-01T00:00:00.000Z'),
  ('9d3d4888-fd33-42b0-b81d-ee7321833a72', 'd5e34f5d-aeca-418c-8b53-9d9e5fe61aba', 401, 0, '2026-01-01T00:00:00.000Z'),
  ('90a826b1-761e-47f5-bab2-5b57c401f3fa', '31a96ae8-7303-46ac-8c28-41ab11828cac', 132, 0, '2026-01-01T00:00:00.000Z'),
  ('8e4b7baf-9cb3-45b4-8bc5-20efffb929f9', '31a96ae8-7303-46ac-8c28-41ab11828cac', 491, 0, '2026-01-01T00:00:00.000Z'),
  ('8e4b7baf-9cb3-45b4-8bc5-20efffb929f9', 'eebe39ae-864b-418c-ac96-3bd795730121', 136, 0, '2026-01-01T00:00:00.000Z'),
  ('9d3d4888-fd33-42b0-b81d-ee7321833a72', 'eebe39ae-864b-418c-ac96-3bd795730121', 161, 0, '2026-01-01T00:00:00.000Z'),
  ('90a826b1-761e-47f5-bab2-5b57c401f3fa', 'eebe39ae-864b-418c-ac96-3bd795730121', 101, 0, '2026-01-01T00:00:00.000Z'),
  ('9d3d4888-fd33-42b0-b81d-ee7321833a72', '46e583a7-bd6c-4c62-83ce-f1484d3c0aa1', 69, 0, '2026-01-01T00:00:00.000Z'),
  ('90a826b1-761e-47f5-bab2-5b57c401f3fa', '896c5f98-4ccf-4d83-b569-c5603c48e1b2', 474, 0, '2026-01-01T00:00:00.000Z'),
  ('8e4b7baf-9cb3-45b4-8bc5-20efffb929f9', '896c5f98-4ccf-4d83-b569-c5603c48e1b2', 88, 0, '2026-01-01T00:00:00.000Z'),
  ('8e4b7baf-9cb3-45b4-8bc5-20efffb929f9', '25b4d0af-c7ab-42fc-b775-301d267722b9', 363, 0, '2026-01-01T00:00:00.000Z'),
  ('9d3d4888-fd33-42b0-b81d-ee7321833a72', '25b4d0af-c7ab-42fc-b775-301d267722b9', 193, 0, '2026-01-01T00:00:00.000Z'),
  ('90a826b1-761e-47f5-bab2-5b57c401f3fa', '25b4d0af-c7ab-42fc-b775-301d267722b9', 310, 0, '2026-01-01T00:00:00.000Z'),
  ('9d3d4888-fd33-42b0-b81d-ee7321833a72', '5711e11b-7523-459a-adf8-5c637030317d', 356, 0, '2026-01-01T00:00:00.000Z'),
  ('90a826b1-761e-47f5-bab2-5b57c401f3fa', 'becd3669-b03e-493e-9e3a-aa78e1825536', 469, 0, '2026-01-01T00:00:00.000Z'),
  ('8e4b7baf-9cb3-45b4-8bc5-20efffb929f9', 'becd3669-b03e-493e-9e3a-aa78e1825536', 491, 0, '2026-01-01T00:00:00.000Z'),
  ('8e4b7baf-9cb3-45b4-8bc5-20efffb929f9', 'e01a0c14-ec12-47ad-af83-40df7b83b7df', 360, 0, '2026-01-01T00:00:00.000Z'),
  ('9d3d4888-fd33-42b0-b81d-ee7321833a72', 'e01a0c14-ec12-47ad-af83-40df7b83b7df', 332, 0, '2026-01-01T00:00:00.000Z'),
  ('90a826b1-761e-47f5-bab2-5b57c401f3fa', 'e01a0c14-ec12-47ad-af83-40df7b83b7df', 115, 0, '2026-01-01T00:00:00.000Z'),
  ('9d3d4888-fd33-42b0-b81d-ee7321833a72', 'c3f7c11c-db95-414e-a410-3a28668a0d5f', 477, 0, '2026-01-01T00:00:00.000Z'),
  ('90a826b1-761e-47f5-bab2-5b57c401f3fa', '2770572a-96a6-441a-8f24-5661c28e5346', 58, 0, '2026-01-01T00:00:00.000Z'),
  ('8e4b7baf-9cb3-45b4-8bc5-20efffb929f9', '2770572a-96a6-441a-8f24-5661c28e5346', 357, 0, '2026-01-01T00:00:00.000Z'),
  ('8e4b7baf-9cb3-45b4-8bc5-20efffb929f9', '646ccbf9-4304-4562-b75b-10eee428b1fc', 173, 0, '2026-01-01T00:00:00.000Z'),
  ('9d3d4888-fd33-42b0-b81d-ee7321833a72', '646ccbf9-4304-4562-b75b-10eee428b1fc', 71, 0, '2026-01-01T00:00:00.000Z'),
  ('90a826b1-761e-47f5-bab2-5b57c401f3fa', '646ccbf9-4304-4562-b75b-10eee428b1fc', 474, 0, '2026-01-01T00:00:00.000Z'),
  ('9d3d4888-fd33-42b0-b81d-ee7321833a72', 'b1b2c653-f4c2-48f0-9f2c-617208188b99', 253, 0, '2026-01-01T00:00:00.000Z'),
  ('90a826b1-761e-47f5-bab2-5b57c401f3fa', '74608904-ae5d-423b-91dc-9c172180a811', 174, 0, '2026-01-01T00:00:00.000Z'),
  ('8e4b7baf-9cb3-45b4-8bc5-20efffb929f9', '74608904-ae5d-423b-91dc-9c172180a811', 171, 0, '2026-01-01T00:00:00.000Z'),
  ('8e4b7baf-9cb3-45b4-8bc5-20efffb929f9', '4a124f0b-ef53-44c4-b883-662f1f7b58d4', 468, 0, '2026-01-01T00:00:00.000Z'),
  ('9d3d4888-fd33-42b0-b81d-ee7321833a72', '4a124f0b-ef53-44c4-b883-662f1f7b58d4', 144, 0, '2026-01-01T00:00:00.000Z'),
  ('90a826b1-761e-47f5-bab2-5b57c401f3fa', '4a124f0b-ef53-44c4-b883-662f1f7b58d4', 216, 0, '2026-01-01T00:00:00.000Z'),
  ('9d3d4888-fd33-42b0-b81d-ee7321833a72', 'f689ea38-8d52-4f73-98a2-0beac9a69409', 167, 0, '2026-01-01T00:00:00.000Z'),
  ('90a826b1-761e-47f5-bab2-5b57c401f3fa', 'fc863716-6355-4db6-b70b-d9d9842b90d4', 359, 0, '2026-01-01T00:00:00.000Z'),
  ('8e4b7baf-9cb3-45b4-8bc5-20efffb929f9', 'fc863716-6355-4db6-b70b-d9d9842b90d4', 370, 0, '2026-01-01T00:00:00.000Z'),
  ('8e4b7baf-9cb3-45b4-8bc5-20efffb929f9', '4baa13e6-fea1-4d39-8a62-18b33a334606', 69, 0, '2026-01-01T00:00:00.000Z'),
  ('9d3d4888-fd33-42b0-b81d-ee7321833a72', '4baa13e6-fea1-4d39-8a62-18b33a334606', 492, 0, '2026-01-01T00:00:00.000Z'),
  ('90a826b1-761e-47f5-bab2-5b57c401f3fa', '4baa13e6-fea1-4d39-8a62-18b33a334606', 62, 0, '2026-01-01T00:00:00.000Z'),
  ('9d3d4888-fd33-42b0-b81d-ee7321833a72', '2311aecc-873a-4ded-93cd-83969181b4b7', 123, 0, '2026-01-01T00:00:00.000Z'),
  ('90a826b1-761e-47f5-bab2-5b57c401f3fa', '0db689b7-6e7c-4e6f-bc41-dfcc4a0b38c2', 374, 0, '2026-01-01T00:00:00.000Z'),
  ('8e4b7baf-9cb3-45b4-8bc5-20efffb929f9', '0db689b7-6e7c-4e6f-bc41-dfcc4a0b38c2', 258, 0, '2026-01-01T00:00:00.000Z'),
  ('8e4b7baf-9cb3-45b4-8bc5-20efffb929f9', '11273d01-ac3f-4ada-896e-13143da9b9fe', 57, 0, '2026-01-01T00:00:00.000Z'),
  ('9d3d4888-fd33-42b0-b81d-ee7321833a72', '11273d01-ac3f-4ada-896e-13143da9b9fe', 61, 0, '2026-01-01T00:00:00.000Z'),
  ('90a826b1-761e-47f5-bab2-5b57c401f3fa', '11273d01-ac3f-4ada-896e-13143da9b9fe', 80, 0, '2026-01-01T00:00:00.000Z'),
  ('9d3d4888-fd33-42b0-b81d-ee7321833a72', '6401f1cb-2e38-4000-8bf6-24adfb8e5066', 297, 0, '2026-01-01T00:00:00.000Z'),
  ('90a826b1-761e-47f5-bab2-5b57c401f3fa', '4dbe0574-03cf-48d8-ad2a-3832b616ab18', 403, 0, '2026-01-01T00:00:00.000Z'),
  ('8e4b7baf-9cb3-45b4-8bc5-20efffb929f9', '4dbe0574-03cf-48d8-ad2a-3832b616ab18', 382, 0, '2026-01-01T00:00:00.000Z'),
  ('8e4b7baf-9cb3-45b4-8bc5-20efffb929f9', '4eb6142d-4b78-4edd-ad21-45a587feb931', 322, 0, '2026-01-01T00:00:00.000Z'),
  ('9d3d4888-fd33-42b0-b81d-ee7321833a72', '4eb6142d-4b78-4edd-ad21-45a587feb931', 82, 0, '2026-01-01T00:00:00.000Z'),
  ('90a826b1-761e-47f5-bab2-5b57c401f3fa', '4eb6142d-4b78-4edd-ad21-45a587feb931', 271, 0, '2026-01-01T00:00:00.000Z'),
  ('9d3d4888-fd33-42b0-b81d-ee7321833a72', '32224a34-6a92-4340-949b-a09d7bcc92b4', 417, 0, '2026-01-01T00:00:00.000Z'),
  ('90a826b1-761e-47f5-bab2-5b57c401f3fa', 'd4da7d4c-df07-4432-8283-3ab7e09ff2cb', 76, 0, '2026-01-01T00:00:00.000Z'),
  ('8e4b7baf-9cb3-45b4-8bc5-20efffb929f9', 'd4da7d4c-df07-4432-8283-3ab7e09ff2cb', 139, 0, '2026-01-01T00:00:00.000Z'),
  ('8e4b7baf-9cb3-45b4-8bc5-20efffb929f9', 'a5fe832b-2222-4fbb-89ea-520416f719d2', 481, 0, '2026-01-01T00:00:00.000Z'),
  ('9d3d4888-fd33-42b0-b81d-ee7321833a72', 'a5fe832b-2222-4fbb-89ea-520416f719d2', 85, 0, '2026-01-01T00:00:00.000Z'),
  ('90a826b1-761e-47f5-bab2-5b57c401f3fa', 'a5fe832b-2222-4fbb-89ea-520416f719d2', 315, 0, '2026-01-01T00:00:00.000Z'),
  ('9d3d4888-fd33-42b0-b81d-ee7321833a72', 'b75316b0-0d28-40db-a114-ff6332af006e', 57, 0, '2026-01-01T00:00:00.000Z'),
  ('90a826b1-761e-47f5-bab2-5b57c401f3fa', 'b5fbd088-5e65-43b4-90d3-c3472622f37a', 419, 0, '2026-01-01T00:00:00.000Z'),
  ('8e4b7baf-9cb3-45b4-8bc5-20efffb929f9', 'b5fbd088-5e65-43b4-90d3-c3472622f37a', 303, 0, '2026-01-01T00:00:00.000Z'),
  ('8e4b7baf-9cb3-45b4-8bc5-20efffb929f9', 'a8686b2b-8899-430e-9cdf-274a51f71561', 374, 0, '2026-01-01T00:00:00.000Z'),
  ('9d3d4888-fd33-42b0-b81d-ee7321833a72', 'a8686b2b-8899-430e-9cdf-274a51f71561', 472, 0, '2026-01-01T00:00:00.000Z'),
  ('90a826b1-761e-47f5-bab2-5b57c401f3fa', 'a8686b2b-8899-430e-9cdf-274a51f71561', 83, 0, '2026-01-01T00:00:00.000Z'),
  ('9d3d4888-fd33-42b0-b81d-ee7321833a72', '9ae4db96-c971-4003-9dc8-99c897f6b3a9', 493, 0, '2026-01-01T00:00:00.000Z'),
  ('90a826b1-761e-47f5-bab2-5b57c401f3fa', '61e69689-950d-4c6a-a93e-454041207098', 459, 0, '2026-01-01T00:00:00.000Z'),
  ('8e4b7baf-9cb3-45b4-8bc5-20efffb929f9', '61e69689-950d-4c6a-a93e-454041207098', 484, 0, '2026-01-01T00:00:00.000Z'),
  ('8e4b7baf-9cb3-45b4-8bc5-20efffb929f9', 'e4b27625-b11a-497d-a562-6813d4bbc466', 344, 0, '2026-01-01T00:00:00.000Z'),
  ('9d3d4888-fd33-42b0-b81d-ee7321833a72', 'e4b27625-b11a-497d-a562-6813d4bbc466', 185, 0, '2026-01-01T00:00:00.000Z'),
  ('90a826b1-761e-47f5-bab2-5b57c401f3fa', 'e4b27625-b11a-497d-a562-6813d4bbc466', 477, 0, '2026-01-01T00:00:00.000Z'),
  ('9d3d4888-fd33-42b0-b81d-ee7321833a72', 'c09a989d-26ac-4453-b49f-3098690c4c1b', 161, 0, '2026-01-01T00:00:00.000Z'),
  ('90a826b1-761e-47f5-bab2-5b57c401f3fa', 'e75cce06-53e8-4ddf-955e-ee0d62f75b66', 432, 0, '2026-01-01T00:00:00.000Z'),
  ('8e4b7baf-9cb3-45b4-8bc5-20efffb929f9', 'e75cce06-53e8-4ddf-955e-ee0d62f75b66', 224, 0, '2026-01-01T00:00:00.000Z'),
  ('8e4b7baf-9cb3-45b4-8bc5-20efffb929f9', 'f63f95c7-524c-4a26-b0e7-219e09616cf2', 335, 0, '2026-01-01T00:00:00.000Z'),
  ('9d3d4888-fd33-42b0-b81d-ee7321833a72', 'f63f95c7-524c-4a26-b0e7-219e09616cf2', 438, 0, '2026-01-01T00:00:00.000Z'),
  ('90a826b1-761e-47f5-bab2-5b57c401f3fa', 'f63f95c7-524c-4a26-b0e7-219e09616cf2', 467, 0, '2026-01-01T00:00:00.000Z'),
  ('9d3d4888-fd33-42b0-b81d-ee7321833a72', 'a5d21541-8451-4dbf-85ff-99eebfd5ef93', 332, 0, '2026-01-01T00:00:00.000Z'),
  ('90a826b1-761e-47f5-bab2-5b57c401f3fa', '3420964e-d880-4000-bde7-c8936b86ca61', 178, 0, '2026-01-01T00:00:00.000Z'),
  ('8e4b7baf-9cb3-45b4-8bc5-20efffb929f9', '3420964e-d880-4000-bde7-c8936b86ca61', 434, 0, '2026-01-01T00:00:00.000Z'),
  ('8e4b7baf-9cb3-45b4-8bc5-20efffb929f9', '1f7f4179-8ff7-499c-b841-c98ee8776dc9', 239, 0, '2026-01-01T00:00:00.000Z'),
  ('9d3d4888-fd33-42b0-b81d-ee7321833a72', '1f7f4179-8ff7-499c-b841-c98ee8776dc9', 292, 0, '2026-01-01T00:00:00.000Z'),
  ('90a826b1-761e-47f5-bab2-5b57c401f3fa', '1f7f4179-8ff7-499c-b841-c98ee8776dc9', 389, 0, '2026-01-01T00:00:00.000Z'),
  ('9d3d4888-fd33-42b0-b81d-ee7321833a72', 'dda3257a-3457-4e09-af29-deec242ddb8f', 141, 0, '2026-01-01T00:00:00.000Z'),
  ('90a826b1-761e-47f5-bab2-5b57c401f3fa', '8d58997a-befc-46fc-a250-1d779d56a468', 101, 0, '2026-01-01T00:00:00.000Z'),
  ('8e4b7baf-9cb3-45b4-8bc5-20efffb929f9', '8d58997a-befc-46fc-a250-1d779d56a468', 403, 0, '2026-01-01T00:00:00.000Z'),
  ('8e4b7baf-9cb3-45b4-8bc5-20efffb929f9', '0a22220a-4f2e-4c56-b253-b44326b271f6', 305, 0, '2026-01-01T00:00:00.000Z'),
  ('9d3d4888-fd33-42b0-b81d-ee7321833a72', '0a22220a-4f2e-4c56-b253-b44326b271f6', 270, 0, '2026-01-01T00:00:00.000Z'),
  ('90a826b1-761e-47f5-bab2-5b57c401f3fa', '0a22220a-4f2e-4c56-b253-b44326b271f6', 259, 0, '2026-01-01T00:00:00.000Z'),
  ('9d3d4888-fd33-42b0-b81d-ee7321833a72', 'e31de8e1-ec99-4b18-a399-176e09af6696', 177, 0, '2026-01-01T00:00:00.000Z'),
  ('90a826b1-761e-47f5-bab2-5b57c401f3fa', 'b575c4c4-3363-4576-8a80-01b3f9fe1640', 289, 0, '2026-01-01T00:00:00.000Z'),
  ('8e4b7baf-9cb3-45b4-8bc5-20efffb929f9', 'b575c4c4-3363-4576-8a80-01b3f9fe1640', 92, 0, '2026-01-01T00:00:00.000Z'),
  ('8e4b7baf-9cb3-45b4-8bc5-20efffb929f9', '9d2df9b8-8630-465e-a5e7-805742afc2ed', 388, 0, '2026-01-01T00:00:00.000Z'),
  ('9d3d4888-fd33-42b0-b81d-ee7321833a72', '9d2df9b8-8630-465e-a5e7-805742afc2ed', 92, 0, '2026-01-01T00:00:00.000Z'),
  ('90a826b1-761e-47f5-bab2-5b57c401f3fa', '9d2df9b8-8630-465e-a5e7-805742afc2ed', 66, 0, '2026-01-01T00:00:00.000Z'),
  ('9d3d4888-fd33-42b0-b81d-ee7321833a72', 'e1793b25-dee3-4bb9-8391-d99cb47d4d20', 182, 0, '2026-01-01T00:00:00.000Z'),
  ('90a826b1-761e-47f5-bab2-5b57c401f3fa', 'c06dcb6b-cb27-412c-90aa-3e485800182a', 51, 0, '2026-01-01T00:00:00.000Z'),
  ('8e4b7baf-9cb3-45b4-8bc5-20efffb929f9', 'c06dcb6b-cb27-412c-90aa-3e485800182a', 243, 0, '2026-01-01T00:00:00.000Z'),
  ('8e4b7baf-9cb3-45b4-8bc5-20efffb929f9', '62ba3823-f7d9-429e-86f7-60d7abb44bc5', 351, 0, '2026-01-01T00:00:00.000Z'),
  ('9d3d4888-fd33-42b0-b81d-ee7321833a72', '62ba3823-f7d9-429e-86f7-60d7abb44bc5', 483, 0, '2026-01-01T00:00:00.000Z'),
  ('90a826b1-761e-47f5-bab2-5b57c401f3fa', '62ba3823-f7d9-429e-86f7-60d7abb44bc5', 86, 0, '2026-01-01T00:00:00.000Z'),
  ('9d3d4888-fd33-42b0-b81d-ee7321833a72', '33a35f06-3863-4a09-935b-e9547ad68e59', 295, 0, '2026-01-01T00:00:00.000Z'),
  ('90a826b1-761e-47f5-bab2-5b57c401f3fa', 'd6fea810-674c-4be6-b806-3bdd9a411291', 77, 0, '2026-01-01T00:00:00.000Z'),
  ('8e4b7baf-9cb3-45b4-8bc5-20efffb929f9', 'd6fea810-674c-4be6-b806-3bdd9a411291', 441, 0, '2026-01-01T00:00:00.000Z'),
  ('8e4b7baf-9cb3-45b4-8bc5-20efffb929f9', 'bad1e2fb-59ef-40e0-807c-ca0b8356e86b', 259, 0, '2026-01-01T00:00:00.000Z'),
  ('9d3d4888-fd33-42b0-b81d-ee7321833a72', 'bad1e2fb-59ef-40e0-807c-ca0b8356e86b', 227, 0, '2026-01-01T00:00:00.000Z'),
  ('90a826b1-761e-47f5-bab2-5b57c401f3fa', 'bad1e2fb-59ef-40e0-807c-ca0b8356e86b', 454, 0, '2026-01-01T00:00:00.000Z'),
  ('9d3d4888-fd33-42b0-b81d-ee7321833a72', 'c06f9881-909c-4b86-84e6-b5f9300e3439', 245, 0, '2026-01-01T00:00:00.000Z'),
  ('90a826b1-761e-47f5-bab2-5b57c401f3fa', '3b86a1f8-29f6-44a2-90c8-2b8c7980f302', 341, 0, '2026-01-01T00:00:00.000Z'),
  ('8e4b7baf-9cb3-45b4-8bc5-20efffb929f9', '3b86a1f8-29f6-44a2-90c8-2b8c7980f302', 300, 0, '2026-01-01T00:00:00.000Z'),
  ('8e4b7baf-9cb3-45b4-8bc5-20efffb929f9', '9ade326d-4963-4140-a4f6-b20b38ce0a46', 380, 0, '2026-01-01T00:00:00.000Z'),
  ('9d3d4888-fd33-42b0-b81d-ee7321833a72', '9ade326d-4963-4140-a4f6-b20b38ce0a46', 73, 0, '2026-01-01T00:00:00.000Z'),
  ('90a826b1-761e-47f5-bab2-5b57c401f3fa', '9ade326d-4963-4140-a4f6-b20b38ce0a46', 169, 0, '2026-01-01T00:00:00.000Z'),
  ('9d3d4888-fd33-42b0-b81d-ee7321833a72', '10645e86-b805-491d-afbd-069c28674525', 100, 0, '2026-01-01T00:00:00.000Z'),
  ('90a826b1-761e-47f5-bab2-5b57c401f3fa', '035fc4cf-21d0-4438-816b-0b92235b8fa1', 315, 0, '2026-01-01T00:00:00.000Z'),
  ('8e4b7baf-9cb3-45b4-8bc5-20efffb929f9', '035fc4cf-21d0-4438-816b-0b92235b8fa1', 360, 0, '2026-01-01T00:00:00.000Z'),
  ('8e4b7baf-9cb3-45b4-8bc5-20efffb929f9', 'ec5e4620-c77c-4ce7-9383-d2e70f407170', 492, 0, '2026-01-01T00:00:00.000Z'),
  ('9d3d4888-fd33-42b0-b81d-ee7321833a72', 'ec5e4620-c77c-4ce7-9383-d2e70f407170', 52, 0, '2026-01-01T00:00:00.000Z'),
  ('90a826b1-761e-47f5-bab2-5b57c401f3fa', 'ec5e4620-c77c-4ce7-9383-d2e70f407170', 243, 0, '2026-01-01T00:00:00.000Z'),
  ('9d3d4888-fd33-42b0-b81d-ee7321833a72', '1a9a51da-ab2c-48f2-b5c7-ddf8c9683ced', 401, 0, '2026-01-01T00:00:00.000Z'),
  ('90a826b1-761e-47f5-bab2-5b57c401f3fa', 'eb39bc0b-76d5-4cd8-ac83-215bb95a33a0', 97, 0, '2026-01-01T00:00:00.000Z'),
  ('8e4b7baf-9cb3-45b4-8bc5-20efffb929f9', 'eb39bc0b-76d5-4cd8-ac83-215bb95a33a0', 304, 0, '2026-01-01T00:00:00.000Z'),
  ('8e4b7baf-9cb3-45b4-8bc5-20efffb929f9', '7f527172-9999-4145-8e7e-60a12a48eb06', 164, 0, '2026-01-01T00:00:00.000Z'),
  ('9d3d4888-fd33-42b0-b81d-ee7321833a72', '7f527172-9999-4145-8e7e-60a12a48eb06', 173, 0, '2026-01-01T00:00:00.000Z'),
  ('90a826b1-761e-47f5-bab2-5b57c401f3fa', '7f527172-9999-4145-8e7e-60a12a48eb06', 443, 0, '2026-01-01T00:00:00.000Z'),
  ('9d3d4888-fd33-42b0-b81d-ee7321833a72', '0a03749a-815c-4ce0-adcd-1de0de4c5b4a', 217, 0, '2026-01-01T00:00:00.000Z'),
  ('90a826b1-761e-47f5-bab2-5b57c401f3fa', '9ab5199f-722f-4a89-a11c-8a3c3789e481', 408, 0, '2026-01-01T00:00:00.000Z'),
  ('8e4b7baf-9cb3-45b4-8bc5-20efffb929f9', '9ab5199f-722f-4a89-a11c-8a3c3789e481', 57, 0, '2026-01-01T00:00:00.000Z'),
  ('8e4b7baf-9cb3-45b4-8bc5-20efffb929f9', '450683ed-6ec6-454c-a6c0-04ad12cf8848', 245, 0, '2026-01-01T00:00:00.000Z'),
  ('9d3d4888-fd33-42b0-b81d-ee7321833a72', '450683ed-6ec6-454c-a6c0-04ad12cf8848', 251, 0, '2026-01-01T00:00:00.000Z'),
  ('90a826b1-761e-47f5-bab2-5b57c401f3fa', '450683ed-6ec6-454c-a6c0-04ad12cf8848', 287, 0, '2026-01-01T00:00:00.000Z'),
  ('9d3d4888-fd33-42b0-b81d-ee7321833a72', 'c6d20d4d-49c8-4235-a0d5-d34e706423b2', 58, 0, '2026-01-01T00:00:00.000Z'),
  ('90a826b1-761e-47f5-bab2-5b57c401f3fa', '7e6b0b80-8683-49ec-bc48-c7537242ae45', 388, 0, '2026-01-01T00:00:00.000Z'),
  ('8e4b7baf-9cb3-45b4-8bc5-20efffb929f9', '7e6b0b80-8683-49ec-bc48-c7537242ae45', 494, 0, '2026-01-01T00:00:00.000Z'),
  ('8e4b7baf-9cb3-45b4-8bc5-20efffb929f9', 'd9fa2700-9727-4384-a07f-54541576f134', 305, 0, '2026-01-01T00:00:00.000Z'),
  ('9d3d4888-fd33-42b0-b81d-ee7321833a72', 'd9fa2700-9727-4384-a07f-54541576f134', 351, 0, '2026-01-01T00:00:00.000Z'),
  ('90a826b1-761e-47f5-bab2-5b57c401f3fa', 'd9fa2700-9727-4384-a07f-54541576f134', 316, 0, '2026-01-01T00:00:00.000Z'),
  ('9d3d4888-fd33-42b0-b81d-ee7321833a72', 'd889cc11-e7ee-4552-bb32-572379509833', 304, 0, '2026-01-01T00:00:00.000Z'),
  ('90a826b1-761e-47f5-bab2-5b57c401f3fa', '7e4e8447-95ac-4bc1-a749-da9ac80148af', 452, 0, '2026-01-01T00:00:00.000Z'),
  ('8e4b7baf-9cb3-45b4-8bc5-20efffb929f9', '7e4e8447-95ac-4bc1-a749-da9ac80148af', 54, 0, '2026-01-01T00:00:00.000Z'),
  ('8e4b7baf-9cb3-45b4-8bc5-20efffb929f9', '8b9c2d59-6f84-4ad5-bf60-18815098d88d', 60, 0, '2026-01-01T00:00:00.000Z'),
  ('9d3d4888-fd33-42b0-b81d-ee7321833a72', '8b9c2d59-6f84-4ad5-bf60-18815098d88d', 192, 0, '2026-01-01T00:00:00.000Z'),
  ('90a826b1-761e-47f5-bab2-5b57c401f3fa', '8b9c2d59-6f84-4ad5-bf60-18815098d88d', 320, 0, '2026-01-01T00:00:00.000Z'),
  ('9d3d4888-fd33-42b0-b81d-ee7321833a72', '05566c22-5847-426c-b991-20d6e17a8378', 184, 0, '2026-01-01T00:00:00.000Z'),
  ('90a826b1-761e-47f5-bab2-5b57c401f3fa', '633076db-3221-4029-949a-8088a7090efa', 165, 0, '2026-01-01T00:00:00.000Z'),
  ('8e4b7baf-9cb3-45b4-8bc5-20efffb929f9', '633076db-3221-4029-949a-8088a7090efa', 168, 0, '2026-01-01T00:00:00.000Z'),
  ('8e4b7baf-9cb3-45b4-8bc5-20efffb929f9', 'abd30716-0f56-4d0b-adf4-13e0d31b8194', 257, 0, '2026-01-01T00:00:00.000Z'),
  ('9d3d4888-fd33-42b0-b81d-ee7321833a72', 'abd30716-0f56-4d0b-adf4-13e0d31b8194', 190, 0, '2026-01-01T00:00:00.000Z'),
  ('90a826b1-761e-47f5-bab2-5b57c401f3fa', 'abd30716-0f56-4d0b-adf4-13e0d31b8194', 457, 0, '2026-01-01T00:00:00.000Z'),
  ('9d3d4888-fd33-42b0-b81d-ee7321833a72', '58993c91-a545-4086-9726-56eaf12b9b23', 314, 0, '2026-01-01T00:00:00.000Z'),
  ('90a826b1-761e-47f5-bab2-5b57c401f3fa', '0dcf9b5a-622c-46ec-a672-083f3c7c10dc', 384, 0, '2026-01-01T00:00:00.000Z'),
  ('8e4b7baf-9cb3-45b4-8bc5-20efffb929f9', '0dcf9b5a-622c-46ec-a672-083f3c7c10dc', 468, 0, '2026-01-01T00:00:00.000Z'),
  ('8e4b7baf-9cb3-45b4-8bc5-20efffb929f9', '283d2598-fa73-4b8d-ada2-c01e1f6520c0', 95, 0, '2026-01-01T00:00:00.000Z'),
  ('9d3d4888-fd33-42b0-b81d-ee7321833a72', '283d2598-fa73-4b8d-ada2-c01e1f6520c0', 456, 0, '2026-01-01T00:00:00.000Z'),
  ('90a826b1-761e-47f5-bab2-5b57c401f3fa', '283d2598-fa73-4b8d-ada2-c01e1f6520c0', 470, 0, '2026-01-01T00:00:00.000Z'),
  ('9d3d4888-fd33-42b0-b81d-ee7321833a72', 'b4a890e8-0480-418d-8a05-6e9a3bee7afe', 165, 0, '2026-01-01T00:00:00.000Z'),
  ('90a826b1-761e-47f5-bab2-5b57c401f3fa', '7a78d14e-2352-4d5a-b8af-198e4a29768e', 55, 0, '2026-01-01T00:00:00.000Z'),
  ('8e4b7baf-9cb3-45b4-8bc5-20efffb929f9', '7a78d14e-2352-4d5a-b8af-198e4a29768e', 321, 0, '2026-01-01T00:00:00.000Z'),
  ('8e4b7baf-9cb3-45b4-8bc5-20efffb929f9', '45d6d399-c9f5-4317-97e2-a4b43a48565d', 308, 0, '2026-01-01T00:00:00.000Z'),
  ('9d3d4888-fd33-42b0-b81d-ee7321833a72', '45d6d399-c9f5-4317-97e2-a4b43a48565d', 434, 0, '2026-01-01T00:00:00.000Z'),
  ('90a826b1-761e-47f5-bab2-5b57c401f3fa', '45d6d399-c9f5-4317-97e2-a4b43a48565d', 331, 0, '2026-01-01T00:00:00.000Z'),
  ('9d3d4888-fd33-42b0-b81d-ee7321833a72', 'c444acf0-15e2-41d3-a3c5-0635d5672fcd', 76, 0, '2026-01-01T00:00:00.000Z'),
  ('90a826b1-761e-47f5-bab2-5b57c401f3fa', '695e0919-6625-4b71-946d-222d9cc5672d', 175, 0, '2026-01-01T00:00:00.000Z'),
  ('8e4b7baf-9cb3-45b4-8bc5-20efffb929f9', '695e0919-6625-4b71-946d-222d9cc5672d', 434, 0, '2026-01-01T00:00:00.000Z'),
  ('8e4b7baf-9cb3-45b4-8bc5-20efffb929f9', 'a8aeb3df-f95c-4d4e-baac-df7e90e5e799', 188, 0, '2026-01-01T00:00:00.000Z'),
  ('9d3d4888-fd33-42b0-b81d-ee7321833a72', 'a8aeb3df-f95c-4d4e-baac-df7e90e5e799', 293, 0, '2026-01-01T00:00:00.000Z'),
  ('90a826b1-761e-47f5-bab2-5b57c401f3fa', 'a8aeb3df-f95c-4d4e-baac-df7e90e5e799', 457, 0, '2026-01-01T00:00:00.000Z'),
  ('9d3d4888-fd33-42b0-b81d-ee7321833a72', '6054e2ca-94fb-4c6b-9a6e-1d58f85f10eb', 157, 0, '2026-01-01T00:00:00.000Z'),
  ('90a826b1-761e-47f5-bab2-5b57c401f3fa', 'd114e632-cf3f-4c8d-aa2d-586d5d08574d', 139, 0, '2026-01-01T00:00:00.000Z'),
  ('8e4b7baf-9cb3-45b4-8bc5-20efffb929f9', 'd114e632-cf3f-4c8d-aa2d-586d5d08574d', 427, 0, '2026-01-01T00:00:00.000Z'),
  ('8e4b7baf-9cb3-45b4-8bc5-20efffb929f9', '25a0a7be-2908-4727-8799-55ece5e47c74', 170, 0, '2026-01-01T00:00:00.000Z'),
  ('9d3d4888-fd33-42b0-b81d-ee7321833a72', '25a0a7be-2908-4727-8799-55ece5e47c74', 70, 0, '2026-01-01T00:00:00.000Z'),
  ('90a826b1-761e-47f5-bab2-5b57c401f3fa', '25a0a7be-2908-4727-8799-55ece5e47c74', 366, 0, '2026-01-01T00:00:00.000Z'),
  ('9d3d4888-fd33-42b0-b81d-ee7321833a72', '9fc095a3-e2d3-4037-ab31-450bb7f9ffa0', 265, 0, '2026-01-01T00:00:00.000Z'),
  ('90a826b1-761e-47f5-bab2-5b57c401f3fa', 'dd42d1f9-2539-435d-a169-7f04684231f9', 224, 0, '2026-01-01T00:00:00.000Z'),
  ('8e4b7baf-9cb3-45b4-8bc5-20efffb929f9', 'dd42d1f9-2539-435d-a169-7f04684231f9', 136, 0, '2026-01-01T00:00:00.000Z'),
  ('8e4b7baf-9cb3-45b4-8bc5-20efffb929f9', '14d228a2-311e-40d6-8b50-7545b412d7f3', 249, 0, '2026-01-01T00:00:00.000Z'),
  ('9d3d4888-fd33-42b0-b81d-ee7321833a72', '14d228a2-311e-40d6-8b50-7545b412d7f3', 400, 0, '2026-01-01T00:00:00.000Z'),
  ('90a826b1-761e-47f5-bab2-5b57c401f3fa', '14d228a2-311e-40d6-8b50-7545b412d7f3', 346, 0, '2026-01-01T00:00:00.000Z'),
  ('9d3d4888-fd33-42b0-b81d-ee7321833a72', '396b773e-ac68-4943-bb3a-48a90d603b51', 244, 0, '2026-01-01T00:00:00.000Z'),
  ('90a826b1-761e-47f5-bab2-5b57c401f3fa', 'e1cc669f-b17b-4bb1-ad00-20b63fd8b2b8', 465, 0, '2026-01-01T00:00:00.000Z'),
  ('8e4b7baf-9cb3-45b4-8bc5-20efffb929f9', 'e1cc669f-b17b-4bb1-ad00-20b63fd8b2b8', 461, 0, '2026-01-01T00:00:00.000Z'),
  ('8e4b7baf-9cb3-45b4-8bc5-20efffb929f9', 'fd468096-f7a1-4dd8-95c7-30b3f157f506', 118, 0, '2026-01-01T00:00:00.000Z'),
  ('9d3d4888-fd33-42b0-b81d-ee7321833a72', 'fd468096-f7a1-4dd8-95c7-30b3f157f506', 196, 0, '2026-01-01T00:00:00.000Z'),
  ('90a826b1-761e-47f5-bab2-5b57c401f3fa', 'fd468096-f7a1-4dd8-95c7-30b3f157f506', 435, 0, '2026-01-01T00:00:00.000Z'),
  ('9d3d4888-fd33-42b0-b81d-ee7321833a72', '8f3f2661-96ba-481d-9897-539a07f3426a', 73, 0, '2026-01-01T00:00:00.000Z'),
  ('90a826b1-761e-47f5-bab2-5b57c401f3fa', '4aa61ce2-20da-4aa5-a717-de4146aa7117', 178, 0, '2026-01-01T00:00:00.000Z'),
  ('8e4b7baf-9cb3-45b4-8bc5-20efffb929f9', '4aa61ce2-20da-4aa5-a717-de4146aa7117', 176, 0, '2026-01-01T00:00:00.000Z'),
  ('8e4b7baf-9cb3-45b4-8bc5-20efffb929f9', 'ebdafa3b-df27-418c-951a-d47597db8eba', 315, 0, '2026-01-01T00:00:00.000Z'),
  ('9d3d4888-fd33-42b0-b81d-ee7321833a72', 'ebdafa3b-df27-418c-951a-d47597db8eba', 92, 0, '2026-01-01T00:00:00.000Z'),
  ('90a826b1-761e-47f5-bab2-5b57c401f3fa', 'ebdafa3b-df27-418c-951a-d47597db8eba', 375, 0, '2026-01-01T00:00:00.000Z'),
  ('9d3d4888-fd33-42b0-b81d-ee7321833a72', '318a191b-0326-4ffc-97a8-3d1bd4cc12ba', 415, 0, '2026-01-01T00:00:00.000Z'),
  ('90a826b1-761e-47f5-bab2-5b57c401f3fa', 'da8b3a44-5156-4beb-9429-b442467b38c5', 284, 0, '2026-01-01T00:00:00.000Z'),
  ('8e4b7baf-9cb3-45b4-8bc5-20efffb929f9', 'da8b3a44-5156-4beb-9429-b442467b38c5', 142, 0, '2026-01-01T00:00:00.000Z'),
  ('8e4b7baf-9cb3-45b4-8bc5-20efffb929f9', 'bb2a1401-108f-4512-b40b-2926d68f3fa6', 387, 0, '2026-01-01T00:00:00.000Z'),
  ('9d3d4888-fd33-42b0-b81d-ee7321833a72', 'bb2a1401-108f-4512-b40b-2926d68f3fa6', 412, 0, '2026-01-01T00:00:00.000Z'),
  ('90a826b1-761e-47f5-bab2-5b57c401f3fa', 'bb2a1401-108f-4512-b40b-2926d68f3fa6', 85, 0, '2026-01-01T00:00:00.000Z'),
  ('9d3d4888-fd33-42b0-b81d-ee7321833a72', '8a9b6183-9f2b-471b-ae88-05c1d6634ac0', 166, 0, '2026-01-01T00:00:00.000Z'),
  ('90a826b1-761e-47f5-bab2-5b57c401f3fa', '5dc3fc0e-5179-410a-b54d-e1e81c037f21', 390, 0, '2026-01-01T00:00:00.000Z'),
  ('8e4b7baf-9cb3-45b4-8bc5-20efffb929f9', '5dc3fc0e-5179-410a-b54d-e1e81c037f21', 341, 0, '2026-01-01T00:00:00.000Z'),
  ('8e4b7baf-9cb3-45b4-8bc5-20efffb929f9', 'd0332714-1deb-4921-a9d1-d7feddafc4bb', 125, 0, '2026-01-01T00:00:00.000Z'),
  ('9d3d4888-fd33-42b0-b81d-ee7321833a72', 'd0332714-1deb-4921-a9d1-d7feddafc4bb', 316, 0, '2026-01-01T00:00:00.000Z'),
  ('90a826b1-761e-47f5-bab2-5b57c401f3fa', 'd0332714-1deb-4921-a9d1-d7feddafc4bb', 236, 0, '2026-01-01T00:00:00.000Z'),
  ('9d3d4888-fd33-42b0-b81d-ee7321833a72', '651061dd-8baf-4cf9-a0bc-0667b8ff55b2', 396, 0, '2026-01-01T00:00:00.000Z'),
  ('90a826b1-761e-47f5-bab2-5b57c401f3fa', '440739fd-3acb-4f45-9d4f-012e958d2d91', 155, 0, '2026-01-01T00:00:00.000Z'),
  ('8e4b7baf-9cb3-45b4-8bc5-20efffb929f9', '440739fd-3acb-4f45-9d4f-012e958d2d91', 231, 0, '2026-01-01T00:00:00.000Z'),
  ('8e4b7baf-9cb3-45b4-8bc5-20efffb929f9', 'a3cc56e1-5eb1-4396-92d9-43ef6d6ee3e2', 223, 0, '2026-01-01T00:00:00.000Z'),
  ('9d3d4888-fd33-42b0-b81d-ee7321833a72', 'a3cc56e1-5eb1-4396-92d9-43ef6d6ee3e2', 268, 0, '2026-01-01T00:00:00.000Z'),
  ('90a826b1-761e-47f5-bab2-5b57c401f3fa', 'a3cc56e1-5eb1-4396-92d9-43ef6d6ee3e2', 375, 0, '2026-01-01T00:00:00.000Z'),
  ('9d3d4888-fd33-42b0-b81d-ee7321833a72', 'c262d54c-f399-45de-922e-1ee2b2e7d01d', 360, 0, '2026-01-01T00:00:00.000Z'),
  ('90a826b1-761e-47f5-bab2-5b57c401f3fa', 'be62b3b9-5e39-4727-a59a-85c3c74ef945', 327, 0, '2026-01-01T00:00:00.000Z'),
  ('8e4b7baf-9cb3-45b4-8bc5-20efffb929f9', 'be62b3b9-5e39-4727-a59a-85c3c74ef945', 161, 0, '2026-01-01T00:00:00.000Z'),
  ('8e4b7baf-9cb3-45b4-8bc5-20efffb929f9', 'dc8e9e0e-71f0-4277-9a65-c066cb1786f0', 114, 0, '2026-01-01T00:00:00.000Z'),
  ('9d3d4888-fd33-42b0-b81d-ee7321833a72', 'dc8e9e0e-71f0-4277-9a65-c066cb1786f0', 298, 0, '2026-01-01T00:00:00.000Z'),
  ('90a826b1-761e-47f5-bab2-5b57c401f3fa', 'dc8e9e0e-71f0-4277-9a65-c066cb1786f0', 151, 0, '2026-01-01T00:00:00.000Z'),
  ('9d3d4888-fd33-42b0-b81d-ee7321833a72', '8bfeb6ca-c4e0-421b-a2d4-874d2dfd80b3', 458, 0, '2026-01-01T00:00:00.000Z'),
  ('90a826b1-761e-47f5-bab2-5b57c401f3fa', 'cbd24ecb-bf5a-491e-8d98-0a16a4b4d6a5', 80, 0, '2026-01-01T00:00:00.000Z'),
  ('8e4b7baf-9cb3-45b4-8bc5-20efffb929f9', 'cbd24ecb-bf5a-491e-8d98-0a16a4b4d6a5', 336, 0, '2026-01-01T00:00:00.000Z'),
  ('8e4b7baf-9cb3-45b4-8bc5-20efffb929f9', '3a270fab-897d-4fad-9220-d0358aadabd9', 389, 0, '2026-01-01T00:00:00.000Z'),
  ('9d3d4888-fd33-42b0-b81d-ee7321833a72', '3a270fab-897d-4fad-9220-d0358aadabd9', 112, 0, '2026-01-01T00:00:00.000Z'),
  ('90a826b1-761e-47f5-bab2-5b57c401f3fa', '3a270fab-897d-4fad-9220-d0358aadabd9', 130, 0, '2026-01-01T00:00:00.000Z'),
  ('9d3d4888-fd33-42b0-b81d-ee7321833a72', 'e6956dec-736f-467f-89b4-4cba1710c081', 338, 0, '2026-01-01T00:00:00.000Z'),
  ('90a826b1-761e-47f5-bab2-5b57c401f3fa', '6e41a629-5257-4e9e-8ec5-323756652baf', 392, 0, '2026-01-01T00:00:00.000Z'),
  ('8e4b7baf-9cb3-45b4-8bc5-20efffb929f9', '6e41a629-5257-4e9e-8ec5-323756652baf', 484, 0, '2026-01-01T00:00:00.000Z'),
  ('8e4b7baf-9cb3-45b4-8bc5-20efffb929f9', '5d3de8c9-b513-4096-90a2-d827ee8efff8', 180, 0, '2026-01-01T00:00:00.000Z'),
  ('9d3d4888-fd33-42b0-b81d-ee7321833a72', '5d3de8c9-b513-4096-90a2-d827ee8efff8', 375, 0, '2026-01-01T00:00:00.000Z'),
  ('90a826b1-761e-47f5-bab2-5b57c401f3fa', '5d3de8c9-b513-4096-90a2-d827ee8efff8', 382, 0, '2026-01-01T00:00:00.000Z'),
  ('9d3d4888-fd33-42b0-b81d-ee7321833a72', '12b7ae7f-1aba-4fc9-bbbe-181b3cdcaf5f', 176, 0, '2026-01-01T00:00:00.000Z'),
  ('90a826b1-761e-47f5-bab2-5b57c401f3fa', '468b93d7-e3b6-432b-81cf-1f3e4e59f605', 226, 0, '2026-01-01T00:00:00.000Z'),
  ('8e4b7baf-9cb3-45b4-8bc5-20efffb929f9', '468b93d7-e3b6-432b-81cf-1f3e4e59f605', 379, 0, '2026-01-01T00:00:00.000Z'),
  ('8e4b7baf-9cb3-45b4-8bc5-20efffb929f9', '34368537-b0a8-4da6-b6ad-bcf2e60ccf08', 376, 0, '2026-01-01T00:00:00.000Z'),
  ('9d3d4888-fd33-42b0-b81d-ee7321833a72', '34368537-b0a8-4da6-b6ad-bcf2e60ccf08', 154, 0, '2026-01-01T00:00:00.000Z'),
  ('90a826b1-761e-47f5-bab2-5b57c401f3fa', '34368537-b0a8-4da6-b6ad-bcf2e60ccf08', 214, 0, '2026-01-01T00:00:00.000Z'),
  ('9d3d4888-fd33-42b0-b81d-ee7321833a72', '6c031663-912b-4802-a7a8-848cd009f6eb', 361, 0, '2026-01-01T00:00:00.000Z'),
  ('90a826b1-761e-47f5-bab2-5b57c401f3fa', '00380f39-0449-4263-b94a-2814fba7f03a', 227, 0, '2026-01-01T00:00:00.000Z'),
  ('8e4b7baf-9cb3-45b4-8bc5-20efffb929f9', '00380f39-0449-4263-b94a-2814fba7f03a', 456, 0, '2026-01-01T00:00:00.000Z'),
  ('8e4b7baf-9cb3-45b4-8bc5-20efffb929f9', 'e722928d-a7ed-4967-9bdc-5e7ffb824ad8', 193, 0, '2026-01-01T00:00:00.000Z'),
  ('9d3d4888-fd33-42b0-b81d-ee7321833a72', 'e722928d-a7ed-4967-9bdc-5e7ffb824ad8', 306, 0, '2026-01-01T00:00:00.000Z'),
  ('90a826b1-761e-47f5-bab2-5b57c401f3fa', 'e722928d-a7ed-4967-9bdc-5e7ffb824ad8', 421, 0, '2026-01-01T00:00:00.000Z'),
  ('9d3d4888-fd33-42b0-b81d-ee7321833a72', '569e974e-93c9-48d0-9007-54e0b66c866c', 337, 0, '2026-01-01T00:00:00.000Z'),
  ('90a826b1-761e-47f5-bab2-5b57c401f3fa', '473d20b3-5a6b-4c8c-bb3e-eadb47556da9', 112, 0, '2026-01-01T00:00:00.000Z'),
  ('8e4b7baf-9cb3-45b4-8bc5-20efffb929f9', '473d20b3-5a6b-4c8c-bb3e-eadb47556da9', 348, 0, '2026-01-01T00:00:00.000Z'),
  ('8e4b7baf-9cb3-45b4-8bc5-20efffb929f9', '68391a2c-5f48-41a1-a273-f319499408a5', 201, 0, '2026-01-01T00:00:00.000Z'),
  ('9d3d4888-fd33-42b0-b81d-ee7321833a72', '68391a2c-5f48-41a1-a273-f319499408a5', 183, 0, '2026-01-01T00:00:00.000Z'),
  ('90a826b1-761e-47f5-bab2-5b57c401f3fa', '68391a2c-5f48-41a1-a273-f319499408a5', 441, 0, '2026-01-01T00:00:00.000Z'),
  ('9d3d4888-fd33-42b0-b81d-ee7321833a72', '925b2e0b-f1b9-4eec-bede-605f779cd946', 78, 0, '2026-01-01T00:00:00.000Z'),
  ('90a826b1-761e-47f5-bab2-5b57c401f3fa', 'afc8382c-7526-4085-8284-e58a434484bf', 454, 0, '2026-01-01T00:00:00.000Z'),
  ('8e4b7baf-9cb3-45b4-8bc5-20efffb929f9', 'afc8382c-7526-4085-8284-e58a434484bf', 111, 0, '2026-01-01T00:00:00.000Z'),
  ('8e4b7baf-9cb3-45b4-8bc5-20efffb929f9', '47fe4fd3-259a-44ad-95d2-daaadc85d308', 478, 0, '2026-01-01T00:00:00.000Z'),
  ('9d3d4888-fd33-42b0-b81d-ee7321833a72', '47fe4fd3-259a-44ad-95d2-daaadc85d308', 481, 0, '2026-01-01T00:00:00.000Z'),
  ('90a826b1-761e-47f5-bab2-5b57c401f3fa', '47fe4fd3-259a-44ad-95d2-daaadc85d308', 108, 0, '2026-01-01T00:00:00.000Z'),
  ('9d3d4888-fd33-42b0-b81d-ee7321833a72', 'cbcffcdc-2493-4a93-a18a-f15a50657b42', 245, 0, '2026-01-01T00:00:00.000Z'),
  ('90a826b1-761e-47f5-bab2-5b57c401f3fa', 'c5a743fb-aa06-4326-ab43-d1ff706a3db2', 164, 0, '2026-01-01T00:00:00.000Z'),
  ('8e4b7baf-9cb3-45b4-8bc5-20efffb929f9', 'c5a743fb-aa06-4326-ab43-d1ff706a3db2', 330, 0, '2026-01-01T00:00:00.000Z'),
  ('8e4b7baf-9cb3-45b4-8bc5-20efffb929f9', '3030e7b2-20a3-4776-a172-693db8c3acfe', 317, 0, '2026-01-01T00:00:00.000Z'),
  ('9d3d4888-fd33-42b0-b81d-ee7321833a72', '3030e7b2-20a3-4776-a172-693db8c3acfe', 309, 0, '2026-01-01T00:00:00.000Z'),
  ('90a826b1-761e-47f5-bab2-5b57c401f3fa', '3030e7b2-20a3-4776-a172-693db8c3acfe', 469, 0, '2026-01-01T00:00:00.000Z'),
  ('9d3d4888-fd33-42b0-b81d-ee7321833a72', 'be85b935-58f4-46cd-b1ba-3ec76a76b155', 240, 0, '2026-01-01T00:00:00.000Z'),
  ('90a826b1-761e-47f5-bab2-5b57c401f3fa', 'dbb394d2-ca13-4c60-92fc-a1fb75e0d5ca', 337, 0, '2026-01-01T00:00:00.000Z'),
  ('8e4b7baf-9cb3-45b4-8bc5-20efffb929f9', 'dbb394d2-ca13-4c60-92fc-a1fb75e0d5ca', 294, 0, '2026-01-01T00:00:00.000Z'),
  ('8e4b7baf-9cb3-45b4-8bc5-20efffb929f9', 'ef569715-bab8-4e7c-9b5d-59c71b7e851f', 497, 0, '2026-01-01T00:00:00.000Z'),
  ('9d3d4888-fd33-42b0-b81d-ee7321833a72', 'ef569715-bab8-4e7c-9b5d-59c71b7e851f', 366, 0, '2026-01-01T00:00:00.000Z'),
  ('90a826b1-761e-47f5-bab2-5b57c401f3fa', 'ef569715-bab8-4e7c-9b5d-59c71b7e851f', 374, 0, '2026-01-01T00:00:00.000Z'),
  ('9d3d4888-fd33-42b0-b81d-ee7321833a72', 'b57ae1b9-f1f2-43dd-a994-92e1dec8fc09', 174, 0, '2026-01-01T00:00:00.000Z'),
  ('90a826b1-761e-47f5-bab2-5b57c401f3fa', '01badffa-1734-4e42-b8f2-f870dd56d5b4', 498, 0, '2026-01-01T00:00:00.000Z'),
  ('8e4b7baf-9cb3-45b4-8bc5-20efffb929f9', '01badffa-1734-4e42-b8f2-f870dd56d5b4', 107, 0, '2026-01-01T00:00:00.000Z'),
  ('8e4b7baf-9cb3-45b4-8bc5-20efffb929f9', '4a37a49d-5168-4e2a-9519-945e0ab7f505', 64, 0, '2026-01-01T00:00:00.000Z'),
  ('9d3d4888-fd33-42b0-b81d-ee7321833a72', '4a37a49d-5168-4e2a-9519-945e0ab7f505', 364, 0, '2026-01-01T00:00:00.000Z'),
  ('90a826b1-761e-47f5-bab2-5b57c401f3fa', '4a37a49d-5168-4e2a-9519-945e0ab7f505', 494, 0, '2026-01-01T00:00:00.000Z'),
  ('9d3d4888-fd33-42b0-b81d-ee7321833a72', '6bdcccd8-28eb-4233-b6b6-7cd134e794a5', 258, 0, '2026-01-01T00:00:00.000Z'),
  ('90a826b1-761e-47f5-bab2-5b57c401f3fa', '2a00a921-d16a-459c-a08c-09110c5c88bf', 441, 0, '2026-01-01T00:00:00.000Z'),
  ('8e4b7baf-9cb3-45b4-8bc5-20efffb929f9', '2a00a921-d16a-459c-a08c-09110c5c88bf', 253, 0, '2026-01-01T00:00:00.000Z'),
  ('8e4b7baf-9cb3-45b4-8bc5-20efffb929f9', 'dcf5fa33-35a7-4dd2-a491-9236fbc83ae4', 55, 0, '2026-01-01T00:00:00.000Z'),
  ('9d3d4888-fd33-42b0-b81d-ee7321833a72', 'dcf5fa33-35a7-4dd2-a491-9236fbc83ae4', 460, 0, '2026-01-01T00:00:00.000Z'),
  ('90a826b1-761e-47f5-bab2-5b57c401f3fa', 'dcf5fa33-35a7-4dd2-a491-9236fbc83ae4', 234, 0, '2026-01-01T00:00:00.000Z'),
  ('9d3d4888-fd33-42b0-b81d-ee7321833a72', '5638a8fe-8420-4c05-8262-0e9612393459', 230, 0, '2026-01-01T00:00:00.000Z'),
  ('90a826b1-761e-47f5-bab2-5b57c401f3fa', 'd55bbe53-4850-4014-9b5a-2431c1bf3ed8', 184, 0, '2026-01-01T00:00:00.000Z'),
  ('8e4b7baf-9cb3-45b4-8bc5-20efffb929f9', 'd55bbe53-4850-4014-9b5a-2431c1bf3ed8', 286, 0, '2026-01-01T00:00:00.000Z'),
  ('8e4b7baf-9cb3-45b4-8bc5-20efffb929f9', 'c9ca7324-f908-425a-98ff-da06504f0842', 269, 0, '2026-01-01T00:00:00.000Z'),
  ('9d3d4888-fd33-42b0-b81d-ee7321833a72', 'c9ca7324-f908-425a-98ff-da06504f0842', 455, 0, '2026-01-01T00:00:00.000Z'),
  ('90a826b1-761e-47f5-bab2-5b57c401f3fa', 'c9ca7324-f908-425a-98ff-da06504f0842', 56, 0, '2026-01-01T00:00:00.000Z'),
  ('9d3d4888-fd33-42b0-b81d-ee7321833a72', '5ece2ca0-250c-42b3-9ea9-dc6c90abfcd8', 168, 0, '2026-01-01T00:00:00.000Z'),
  ('90a826b1-761e-47f5-bab2-5b57c401f3fa', '688e13dc-e3a4-4e57-9d5b-f0d976fcab8b', 167, 0, '2026-01-01T00:00:00.000Z'),
  ('8e4b7baf-9cb3-45b4-8bc5-20efffb929f9', '688e13dc-e3a4-4e57-9d5b-f0d976fcab8b', 444, 0, '2026-01-01T00:00:00.000Z'),
  ('8e4b7baf-9cb3-45b4-8bc5-20efffb929f9', '50f97fc2-1315-454e-a120-66f848b4188a', 375, 0, '2026-01-01T00:00:00.000Z'),
  ('9d3d4888-fd33-42b0-b81d-ee7321833a72', '50f97fc2-1315-454e-a120-66f848b4188a', 385, 0, '2026-01-01T00:00:00.000Z'),
  ('90a826b1-761e-47f5-bab2-5b57c401f3fa', '50f97fc2-1315-454e-a120-66f848b4188a', 55, 0, '2026-01-01T00:00:00.000Z'),
  ('9d3d4888-fd33-42b0-b81d-ee7321833a72', '472a0269-3ac1-4c62-a4b6-00dfababf0dc', 484, 0, '2026-01-01T00:00:00.000Z'),
  ('90a826b1-761e-47f5-bab2-5b57c401f3fa', 'd10a873a-32f1-4a52-80ca-61a71e67449d', 292, 0, '2026-01-01T00:00:00.000Z'),
  ('8e4b7baf-9cb3-45b4-8bc5-20efffb929f9', 'd10a873a-32f1-4a52-80ca-61a71e67449d', 278, 0, '2026-01-01T00:00:00.000Z'),
  ('8e4b7baf-9cb3-45b4-8bc5-20efffb929f9', '13c76ca6-1be6-4aaf-893e-e796aac0075a', 87, 0, '2026-01-01T00:00:00.000Z'),
  ('9d3d4888-fd33-42b0-b81d-ee7321833a72', '13c76ca6-1be6-4aaf-893e-e796aac0075a', 176, 0, '2026-01-01T00:00:00.000Z'),
  ('90a826b1-761e-47f5-bab2-5b57c401f3fa', '13c76ca6-1be6-4aaf-893e-e796aac0075a', 219, 0, '2026-01-01T00:00:00.000Z'),
  ('9d3d4888-fd33-42b0-b81d-ee7321833a72', '54bee8a2-0fcd-4a3d-ba95-243932d932e4', 411, 0, '2026-01-01T00:00:00.000Z'),
  ('90a826b1-761e-47f5-bab2-5b57c401f3fa', '91168ef3-8146-40f1-81c3-64d997029534', 233, 0, '2026-01-01T00:00:00.000Z'),
  ('8e4b7baf-9cb3-45b4-8bc5-20efffb929f9', '91168ef3-8146-40f1-81c3-64d997029534', 489, 0, '2026-01-01T00:00:00.000Z'),
  ('8e4b7baf-9cb3-45b4-8bc5-20efffb929f9', '1330615a-807a-4198-85eb-0b65a3704c68', 343, 0, '2026-01-01T00:00:00.000Z'),
  ('9d3d4888-fd33-42b0-b81d-ee7321833a72', '1330615a-807a-4198-85eb-0b65a3704c68', 209, 0, '2026-01-01T00:00:00.000Z'),
  ('90a826b1-761e-47f5-bab2-5b57c401f3fa', '1330615a-807a-4198-85eb-0b65a3704c68', 113, 0, '2026-01-01T00:00:00.000Z'),
  ('9d3d4888-fd33-42b0-b81d-ee7321833a72', '278682db-70ea-4c1c-96a5-66fb416f7f35', 252, 0, '2026-01-01T00:00:00.000Z'),
  ('90a826b1-761e-47f5-bab2-5b57c401f3fa', 'b31760c1-6194-4ba8-beff-711af74ed921', 428, 0, '2026-01-01T00:00:00.000Z'),
  ('8e4b7baf-9cb3-45b4-8bc5-20efffb929f9', 'b31760c1-6194-4ba8-beff-711af74ed921', 371, 0, '2026-01-01T00:00:00.000Z'),
  ('8e4b7baf-9cb3-45b4-8bc5-20efffb929f9', 'ba75e03f-601a-4b80-9828-fb46917dfb6a', 410, 0, '2026-01-01T00:00:00.000Z'),
  ('9d3d4888-fd33-42b0-b81d-ee7321833a72', 'ba75e03f-601a-4b80-9828-fb46917dfb6a', 220, 0, '2026-01-01T00:00:00.000Z'),
  ('90a826b1-761e-47f5-bab2-5b57c401f3fa', 'ba75e03f-601a-4b80-9828-fb46917dfb6a', 431, 0, '2026-01-01T00:00:00.000Z'),
  ('9d3d4888-fd33-42b0-b81d-ee7321833a72', '36a3215c-4613-4b43-a656-848d0fc231e7', 470, 0, '2026-01-01T00:00:00.000Z'),
  ('90a826b1-761e-47f5-bab2-5b57c401f3fa', '8a30ff91-80d2-49a2-961f-24126cc3b3b0', 393, 0, '2026-01-01T00:00:00.000Z'),
  ('8e4b7baf-9cb3-45b4-8bc5-20efffb929f9', '8a30ff91-80d2-49a2-961f-24126cc3b3b0', 320, 0, '2026-01-01T00:00:00.000Z'),
  ('8e4b7baf-9cb3-45b4-8bc5-20efffb929f9', 'aff01ebf-8310-49d5-84f4-ac294e89c322', 212, 0, '2026-01-01T00:00:00.000Z'),
  ('9d3d4888-fd33-42b0-b81d-ee7321833a72', 'aff01ebf-8310-49d5-84f4-ac294e89c322', 278, 0, '2026-01-01T00:00:00.000Z'),
  ('90a826b1-761e-47f5-bab2-5b57c401f3fa', 'aff01ebf-8310-49d5-84f4-ac294e89c322', 453, 0, '2026-01-01T00:00:00.000Z'),
  ('9d3d4888-fd33-42b0-b81d-ee7321833a72', '0d3d71f4-be69-4b7b-9d79-8e6d4eccf143', 218, 0, '2026-01-01T00:00:00.000Z'),
  ('90a826b1-761e-47f5-bab2-5b57c401f3fa', '95ff271f-952a-45c4-be43-1cf8f0c28298', 341, 0, '2026-01-01T00:00:00.000Z'),
  ('8e4b7baf-9cb3-45b4-8bc5-20efffb929f9', '95ff271f-952a-45c4-be43-1cf8f0c28298', 224, 0, '2026-01-01T00:00:00.000Z'),
  ('8e4b7baf-9cb3-45b4-8bc5-20efffb929f9', 'b3930625-9f9a-4b68-925e-72324f32dd6b', 66, 0, '2026-01-01T00:00:00.000Z'),
  ('9d3d4888-fd33-42b0-b81d-ee7321833a72', 'b3930625-9f9a-4b68-925e-72324f32dd6b', 60, 0, '2026-01-01T00:00:00.000Z'),
  ('90a826b1-761e-47f5-bab2-5b57c401f3fa', 'b3930625-9f9a-4b68-925e-72324f32dd6b', 52, 0, '2026-01-01T00:00:00.000Z'),
  ('9d3d4888-fd33-42b0-b81d-ee7321833a72', '785d3632-f91f-44ec-8d01-065825cbcfff', 162, 0, '2026-01-01T00:00:00.000Z'),
  ('90a826b1-761e-47f5-bab2-5b57c401f3fa', '37b476bd-cb3c-4088-a6b2-231185831616', 235, 0, '2026-01-01T00:00:00.000Z'),
  ('8e4b7baf-9cb3-45b4-8bc5-20efffb929f9', '37b476bd-cb3c-4088-a6b2-231185831616', 365, 0, '2026-01-01T00:00:00.000Z'),
  ('8e4b7baf-9cb3-45b4-8bc5-20efffb929f9', 'fa755f3e-603e-4de3-9d61-c6d3a86820c6', 78, 0, '2026-01-01T00:00:00.000Z'),
  ('9d3d4888-fd33-42b0-b81d-ee7321833a72', 'fa755f3e-603e-4de3-9d61-c6d3a86820c6', 308, 0, '2026-01-01T00:00:00.000Z'),
  ('90a826b1-761e-47f5-bab2-5b57c401f3fa', 'fa755f3e-603e-4de3-9d61-c6d3a86820c6', 191, 0, '2026-01-01T00:00:00.000Z'),
  ('9d3d4888-fd33-42b0-b81d-ee7321833a72', '12bdd355-b1c4-4f0a-a79d-203f127d581f', 221, 0, '2026-01-01T00:00:00.000Z'),
  ('90a826b1-761e-47f5-bab2-5b57c401f3fa', 'dcfb1491-ef16-47bb-85f0-1189a43908b1', 360, 0, '2026-01-01T00:00:00.000Z'),
  ('8e4b7baf-9cb3-45b4-8bc5-20efffb929f9', 'dcfb1491-ef16-47bb-85f0-1189a43908b1', 323, 0, '2026-01-01T00:00:00.000Z'),
  ('8e4b7baf-9cb3-45b4-8bc5-20efffb929f9', '1c0bfd0c-94fb-4aae-a11e-6009907c43e8', 124, 0, '2026-01-01T00:00:00.000Z'),
  ('9d3d4888-fd33-42b0-b81d-ee7321833a72', '1c0bfd0c-94fb-4aae-a11e-6009907c43e8', 127, 0, '2026-01-01T00:00:00.000Z'),
  ('90a826b1-761e-47f5-bab2-5b57c401f3fa', '1c0bfd0c-94fb-4aae-a11e-6009907c43e8', 323, 0, '2026-01-01T00:00:00.000Z'),
  ('9d3d4888-fd33-42b0-b81d-ee7321833a72', 'f121f3fc-7501-4c2c-abc2-ea1846f73393', 207, 0, '2026-01-01T00:00:00.000Z'),
  ('90a826b1-761e-47f5-bab2-5b57c401f3fa', '70c34ea8-3580-4dfa-b77c-93be99227818', 232, 0, '2026-01-01T00:00:00.000Z'),
  ('8e4b7baf-9cb3-45b4-8bc5-20efffb929f9', '70c34ea8-3580-4dfa-b77c-93be99227818', 375, 0, '2026-01-01T00:00:00.000Z'),
  ('8e4b7baf-9cb3-45b4-8bc5-20efffb929f9', '318b297b-2e99-4733-9343-53eb55937c75', 179, 0, '2026-01-01T00:00:00.000Z'),
  ('9d3d4888-fd33-42b0-b81d-ee7321833a72', '318b297b-2e99-4733-9343-53eb55937c75', 179, 0, '2026-01-01T00:00:00.000Z'),
  ('90a826b1-761e-47f5-bab2-5b57c401f3fa', '318b297b-2e99-4733-9343-53eb55937c75', 272, 0, '2026-01-01T00:00:00.000Z'),
  ('9d3d4888-fd33-42b0-b81d-ee7321833a72', 'ab28aaca-4a55-404e-8c83-4fa1b4f5a24f', 337, 0, '2026-01-01T00:00:00.000Z'),
  ('90a826b1-761e-47f5-bab2-5b57c401f3fa', '7c3d6c2b-cbe6-48fa-8a23-6571647c9ea6', 371, 0, '2026-01-01T00:00:00.000Z'),
  ('8e4b7baf-9cb3-45b4-8bc5-20efffb929f9', '7c3d6c2b-cbe6-48fa-8a23-6571647c9ea6', 88, 0, '2026-01-01T00:00:00.000Z'),
  ('8e4b7baf-9cb3-45b4-8bc5-20efffb929f9', '6713ece6-16a5-466e-8595-437e06d02dba', 305, 0, '2026-01-01T00:00:00.000Z'),
  ('9d3d4888-fd33-42b0-b81d-ee7321833a72', '6713ece6-16a5-466e-8595-437e06d02dba', 429, 0, '2026-01-01T00:00:00.000Z'),
  ('90a826b1-761e-47f5-bab2-5b57c401f3fa', '6713ece6-16a5-466e-8595-437e06d02dba', 86, 0, '2026-01-01T00:00:00.000Z')
ON CONFLICT (warehouse_id, product_id) DO NOTHING;

INSERT INTO orders.customers (id, code, name, tier, country, currency) VALUES
  ('2f27bbb3-0e42-42e5-a7f7-5f95a707c97d', 'CUST-0001', 'Atlas Buyer 001', 'standard', 'US', 'USD'),
  ('98bbce96-1f77-4471-8975-f675d4b65065', 'CUST-0002', 'Atlas Buyer 002', 'gold', 'KR', 'KRW'),
  ('57f161dd-cf10-42d8-8854-1cdc5dae7155', 'CUST-0003', 'Atlas Buyer 003', 'platinum', 'JP', 'JPY'),
  ('253ff05e-e7c5-4155-9eaa-487138da47be', 'CUST-0004', 'Atlas Buyer 004', 'standard', 'DE', 'EUR'),
  ('2bb64d83-1d38-4df2-86ef-e2402dafb081', 'CUST-0005', 'Atlas Buyer 005', 'gold', 'US', 'USD'),
  ('5674e53a-869a-41f5-b801-02064b0ce5a0', 'CUST-0006', 'Atlas Buyer 006', 'platinum', 'KR', 'KRW'),
  ('a6a9fe45-f61f-46dc-8709-72a273a9bf81', 'CUST-0007', 'Atlas Buyer 007', 'standard', 'JP', 'JPY'),
  ('70cc03d7-8e52-49c9-955f-73b6a88b1b94', 'CUST-0008', 'Atlas Buyer 008', 'gold', 'DE', 'EUR'),
  ('3e464d82-7793-4a3c-8b44-edc4fd0528c8', 'CUST-0009', 'Atlas Buyer 009', 'platinum', 'US', 'USD'),
  ('64a01f83-493f-4f41-bac3-a537dceb7b68', 'CUST-0010', 'Atlas Buyer 010', 'standard', 'KR', 'KRW'),
  ('a99190e1-d002-4229-af5d-902efa4cdb1e', 'CUST-0011', 'Atlas Buyer 011', 'gold', 'JP', 'JPY'),
  ('decb4ed6-f160-44e7-a528-807c2fdad33c', 'CUST-0012', 'Atlas Buyer 012', 'platinum', 'DE', 'EUR'),
  ('85d0ba3b-9a0d-467c-bcbb-96a96859d699', 'CUST-0013', 'Atlas Buyer 013', 'standard', 'US', 'USD'),
  ('b916f9d4-e729-4209-bfb5-4eec118f1600', 'CUST-0014', 'Atlas Buyer 014', 'gold', 'KR', 'KRW'),
  ('6d40c677-e373-4d72-b5ac-3adee0a81c01', 'CUST-0015', 'Atlas Buyer 015', 'platinum', 'JP', 'JPY'),
  ('c8aa179d-e673-4edc-86a3-2d8d37af441d', 'CUST-0016', 'Atlas Buyer 016', 'standard', 'DE', 'EUR'),
  ('fbf3b61c-e472-4a69-b174-980c57e28f01', 'CUST-0017', 'Atlas Buyer 017', 'gold', 'US', 'USD'),
  ('e4f8120a-c1f9-4e30-aad5-e51de1af5743', 'CUST-0018', 'Atlas Buyer 018', 'platinum', 'KR', 'KRW'),
  ('9b5cc253-68a8-48b4-8065-963059282628', 'CUST-0019', 'Atlas Buyer 019', 'standard', 'JP', 'JPY'),
  ('55078c62-e4dd-43e3-9ff4-7a5b04db7e96', 'CUST-0020', 'Atlas Buyer 020', 'gold', 'DE', 'EUR'),
  ('38db80d4-8615-4999-b480-a23812ae1e79', 'CUST-0021', 'Atlas Buyer 021', 'platinum', 'US', 'USD'),
  ('1eebcbe3-78b7-415b-8d60-1280045714f6', 'CUST-0022', 'Atlas Buyer 022', 'standard', 'KR', 'KRW'),
  ('fda3ac1d-7b05-42b3-a87b-a9ddbc1be013', 'CUST-0023', 'Atlas Buyer 023', 'gold', 'JP', 'JPY'),
  ('4343a652-674f-4bf9-b33b-eabb6383e763', 'CUST-0024', 'Atlas Buyer 024', 'platinum', 'DE', 'EUR'),
  ('b25a5301-d4ee-427e-8b2b-70fa37591fee', 'CUST-0025', 'Atlas Buyer 025', 'standard', 'US', 'USD'),
  ('5c4f9d90-70eb-49de-b4f6-134aa06ac972', 'CUST-0026', 'Atlas Buyer 026', 'gold', 'KR', 'KRW'),
  ('88dc9a1d-56e3-496c-b10b-8bd496af7576', 'CUST-0027', 'Atlas Buyer 027', 'platinum', 'JP', 'JPY'),
  ('8e3dde25-88bd-4c4a-a21e-4d8ac0179b17', 'CUST-0028', 'Atlas Buyer 028', 'standard', 'DE', 'EUR'),
  ('03737e35-199e-41ed-8e3a-25206eaf593b', 'CUST-0029', 'Atlas Buyer 029', 'gold', 'US', 'USD'),
  ('8325cca8-8e2e-4202-8572-8b13e856d6ee', 'CUST-0030', 'Atlas Buyer 030', 'platinum', 'KR', 'KRW'),
  ('e9e682df-375a-4b95-b7c2-af4f7e5a5ff1', 'CUST-0031', 'Atlas Buyer 031', 'standard', 'JP', 'JPY'),
  ('a90bf86f-55ed-40f4-966d-23eb5ed813a6', 'CUST-0032', 'Atlas Buyer 032', 'gold', 'DE', 'EUR'),
  ('6a4dfeb0-d5c3-4624-b559-ba357d5291e1', 'CUST-0033', 'Atlas Buyer 033', 'platinum', 'US', 'USD'),
  ('174760b6-322f-4129-91a6-5657a472d8fa', 'CUST-0034', 'Atlas Buyer 034', 'standard', 'KR', 'KRW'),
  ('14e290f4-3cd0-4a5d-beb7-24b9435cfbc2', 'CUST-0035', 'Atlas Buyer 035', 'gold', 'JP', 'JPY'),
  ('a8f6bca0-ac64-4b95-bc4f-0de7cb172eda', 'CUST-0036', 'Atlas Buyer 036', 'platinum', 'DE', 'EUR'),
  ('22d8b986-2fb2-4608-be3c-3bf5991b0c55', 'CUST-0037', 'Atlas Buyer 037', 'standard', 'US', 'USD'),
  ('ca340806-b867-49ff-be1d-9873550e00e7', 'CUST-0038', 'Atlas Buyer 038', 'gold', 'KR', 'KRW'),
  ('410c6e21-a7e2-42e8-be8a-1a81a0bd70af', 'CUST-0039', 'Atlas Buyer 039', 'platinum', 'JP', 'JPY'),
  ('c4173483-1301-449c-8a9a-ea72b9b050a5', 'CUST-0040', 'Atlas Buyer 040', 'standard', 'DE', 'EUR'),
  ('c16730ba-208d-48f8-9181-5e7044929bb2', 'CUST-0041', 'Atlas Buyer 041', 'gold', 'US', 'USD'),
  ('f4443982-4d57-43eb-a3a7-9a8d0a1d4eeb', 'CUST-0042', 'Atlas Buyer 042', 'platinum', 'KR', 'KRW'),
  ('1e5c16e4-cd31-41c1-ab17-acd456d9e354', 'CUST-0043', 'Atlas Buyer 043', 'standard', 'JP', 'JPY'),
  ('9942a29c-9a46-4b22-bad1-3a1a0266b69f', 'CUST-0044', 'Atlas Buyer 044', 'gold', 'DE', 'EUR'),
  ('954c573e-b067-48f3-996a-7d435e6c7598', 'CUST-0045', 'Atlas Buyer 045', 'platinum', 'US', 'USD'),
  ('7e4bcd2e-7424-4d95-a059-6c1b6d192dc0', 'CUST-0046', 'Atlas Buyer 046', 'standard', 'KR', 'KRW'),
  ('f30ab1f3-db72-47f8-a452-07a0e1e04739', 'CUST-0047', 'Atlas Buyer 047', 'gold', 'JP', 'JPY'),
  ('aac04d86-99a8-4435-b0ed-c7f865bd0a6c', 'CUST-0048', 'Atlas Buyer 048', 'platinum', 'DE', 'EUR'),
  ('8d33ee6c-f6e2-4149-a2e4-978ba2c115e2', 'CUST-0049', 'Atlas Buyer 049', 'standard', 'US', 'USD'),
  ('66428893-7f98-4cae-9bf4-cba8ae46b3fa', 'CUST-0050', 'Atlas Buyer 050', 'gold', 'KR', 'KRW'),
  ('b212d03d-650b-4f64-8232-23d65330067d', 'CUST-0051', 'Atlas Buyer 051', 'platinum', 'JP', 'JPY'),
  ('400b996b-b96d-4bb1-ba6d-c243578aa7d3', 'CUST-0052', 'Atlas Buyer 052', 'standard', 'DE', 'EUR'),
  ('22acad09-54d7-44c5-bfe3-1e7439620348', 'CUST-0053', 'Atlas Buyer 053', 'gold', 'US', 'USD'),
  ('b4286312-9ff0-4eea-be9f-2434b7d5f146', 'CUST-0054', 'Atlas Buyer 054', 'platinum', 'KR', 'KRW'),
  ('cf2b8322-93ba-4316-9b78-671978c28644', 'CUST-0055', 'Atlas Buyer 055', 'standard', 'JP', 'JPY'),
  ('bf04493f-1abf-4b50-86b0-fbe50bd49088', 'CUST-0056', 'Atlas Buyer 056', 'gold', 'DE', 'EUR'),
  ('8b3c9da6-ca54-478e-beab-61bb74900d92', 'CUST-0057', 'Atlas Buyer 057', 'platinum', 'US', 'USD'),
  ('5a09943a-b6db-4747-8df9-7aa9f22890a4', 'CUST-0058', 'Atlas Buyer 058', 'standard', 'KR', 'KRW'),
  ('ccd0eab0-5b3a-4f34-8f6c-a9123e6a0c31', 'CUST-0059', 'Atlas Buyer 059', 'gold', 'JP', 'JPY'),
  ('93121d11-d420-40c4-84ec-ff61305d93df', 'CUST-0060', 'Atlas Buyer 060', 'platinum', 'DE', 'EUR'),
  ('ddbc5f1b-9157-41c0-b308-a9df7e64c788', 'CUST-0061', 'Atlas Buyer 061', 'standard', 'US', 'USD'),
  ('7281e8ff-5aa9-4bbf-8907-51607e04e177', 'CUST-0062', 'Atlas Buyer 062', 'gold', 'KR', 'KRW'),
  ('09e6f633-a914-463f-8ab5-99c598e24277', 'CUST-0063', 'Atlas Buyer 063', 'platinum', 'JP', 'JPY'),
  ('8e129fb3-0b51-49a3-9465-02cad87fe02b', 'CUST-0064', 'Atlas Buyer 064', 'standard', 'DE', 'EUR'),
  ('33cc36a9-3196-4200-8273-f516537b5611', 'CUST-0065', 'Atlas Buyer 065', 'gold', 'US', 'USD'),
  ('bcf65cf8-fcf7-4c94-806a-322b93fd65dd', 'CUST-0066', 'Atlas Buyer 066', 'platinum', 'KR', 'KRW'),
  ('78376982-5535-4729-b3dc-46cbbbfea35d', 'CUST-0067', 'Atlas Buyer 067', 'standard', 'JP', 'JPY'),
  ('e98a2180-7deb-41df-8609-88d30de1df80', 'CUST-0068', 'Atlas Buyer 068', 'gold', 'DE', 'EUR'),
  ('fab7f091-a812-424f-bf14-783dd6012f2e', 'CUST-0069', 'Atlas Buyer 069', 'platinum', 'US', 'USD'),
  ('37b5de1c-0a61-4275-8440-9017e639e19c', 'CUST-0070', 'Atlas Buyer 070', 'standard', 'KR', 'KRW'),
  ('a57e0977-1298-43c7-bdd7-4400f8346c35', 'CUST-0071', 'Atlas Buyer 071', 'gold', 'JP', 'JPY'),
  ('7c6fe7f8-247d-423b-8c9f-b5957d5a1901', 'CUST-0072', 'Atlas Buyer 072', 'platinum', 'DE', 'EUR'),
  ('4ad93958-6cc1-415d-a86f-c861925a3d62', 'CUST-0073', 'Atlas Buyer 073', 'standard', 'US', 'USD'),
  ('2d5756cd-7737-461d-afc3-c6226b1e6afd', 'CUST-0074', 'Atlas Buyer 074', 'gold', 'KR', 'KRW'),
  ('3cc1d90e-e348-4bab-aa1f-2238532d2fec', 'CUST-0075', 'Atlas Buyer 075', 'platinum', 'JP', 'JPY'),
  ('9081f69a-66a7-4c96-bc32-0ff0837685c8', 'CUST-0076', 'Atlas Buyer 076', 'standard', 'DE', 'EUR'),
  ('2c797144-9be1-415a-87c0-9e4e515728bb', 'CUST-0077', 'Atlas Buyer 077', 'gold', 'US', 'USD'),
  ('278b79bc-4727-48d0-ae64-7b3ac07d2ed9', 'CUST-0078', 'Atlas Buyer 078', 'platinum', 'KR', 'KRW'),
  ('e7d3d147-c102-4744-a049-538187076c0d', 'CUST-0079', 'Atlas Buyer 079', 'standard', 'JP', 'JPY'),
  ('ef7347a5-f8a7-43c5-8164-6edfb5d8228e', 'CUST-0080', 'Atlas Buyer 080', 'gold', 'DE', 'EUR')
ON CONFLICT (id) DO NOTHING;

INSERT INTO payments.fx_rates (base, quote, rate, fetched_at) VALUES
  ('USD', 'USD', 1, '2026-01-01T00:00:00.000Z'),
  ('USD', 'KRW', 1365.42000000, '2026-01-01T00:00:00.000Z'),
  ('KRW', 'USD', 0.00073238, '2026-01-01T00:00:00.000Z'),
  ('USD', 'JPY', 156.87000000, '2026-01-01T00:00:00.000Z'),
  ('JPY', 'USD', 0.00637470, '2026-01-01T00:00:00.000Z'),
  ('USD', 'EUR', 0.92000000, '2026-01-01T00:00:00.000Z'),
  ('EUR', 'USD', 1.08695652, '2026-01-01T00:00:00.000Z'),
  ('KRW', 'JPY', 0.11489000, '2026-01-01T00:00:00.000Z'),
  ('JPY', 'KRW', 8.70398000, '2026-01-01T00:00:00.000Z'),
  ('EUR', 'KRW', 1484.17000000, '2026-01-01T00:00:00.000Z'),
  ('KRW', 'EUR', 0.00067378, '2026-01-01T00:00:00.000Z'),
  ('EUR', 'JPY', 170.51000000, '2026-01-01T00:00:00.000Z'),
  ('JPY', 'EUR', 0.00586476, '2026-01-01T00:00:00.000Z')
ON CONFLICT (base, quote) DO NOTHING;

INSERT INTO catalog.price_rules (id, product_id, rule_type, value, priority, starts_at, ends_at, created_at) VALUES
  ('0544cec4-c324-43fc-aae5-a5439279434a', 'c5b42bdf-7557-4e34-9cf1-197168875e82', 'percent_off', 5, 100, '2025-01-01T00:00:00.000Z', '2027-01-01T00:00:00.000Z', '2026-01-01T00:00:00.000Z'),
  ('1d228edc-84da-4ea1-b1d9-7d85e539d58e', '7b99bfc7-562f-4729-b8af-caedbbe9eb08', 'fixed_off', 275, 99, '2025-01-01T00:00:00.000Z', '2027-01-01T00:00:00.000Z', '2026-01-01T00:00:00.000Z'),
  ('6bbd594f-d7c4-4e3b-9577-12bcd5d52d14', '5fc02ef6-dc30-4903-bea2-b1980317d9c1', 'override', 22225, 98, '2025-01-01T00:00:00.000Z', '2027-01-01T00:00:00.000Z', '2026-01-01T00:00:00.000Z'),
  ('52f9fcab-c7cb-4aed-9dc1-7c745d71e6a3', '1d0b3a37-bc0c-4b85-911a-7d33a6c91404', 'percent_off', 20, 97, '2025-01-01T00:00:00.000Z', '2027-01-01T00:00:00.000Z', '2026-01-01T00:00:00.000Z'),
  ('20ee882c-fcb1-4186-b04f-279cb86f3b41', '80ca6cb6-cf27-4b4f-8da9-5bce1365971c', 'fixed_off', 350, 96, '2025-01-01T00:00:00.000Z', '2027-01-01T00:00:00.000Z', '2026-01-01T00:00:00.000Z'),
  ('2f185f2e-fa63-4d31-9cd2-23821d33d9d5', 'c569aed5-4c94-4c69-b034-6b4d90f864a5', 'override', 44100, 95, '2025-01-01T00:00:00.000Z', '2027-01-01T00:00:00.000Z', '2026-01-01T00:00:00.000Z'),
  ('8b4450c0-04cf-4dc0-871d-3cd4486cb6a7', '27bc505a-57f6-4859-a538-3ba05ab207e3', 'percent_off', 15, 94, '2025-01-01T00:00:00.000Z', '2027-01-01T00:00:00.000Z', '2026-01-01T00:00:00.000Z'),
  ('51454af2-e39a-4600-b23d-88acf650a818', '5f4b77f5-b3c6-429a-8427-099301d17e16', 'fixed_off', 425, 93, '2025-01-01T00:00:00.000Z', '2027-01-01T00:00:00.000Z', '2026-01-01T00:00:00.000Z'),
  ('8cfdf0e3-bc17-4355-9cd3-69f14ad9d173', '683ad35f-c6f9-411d-9713-b316e0e7ab56', 'override', 46450, 92, '2025-01-01T00:00:00.000Z', '2027-01-01T00:00:00.000Z', '2026-01-01T00:00:00.000Z'),
  ('4a3ccc78-6f53-40b9-bd70-9f21dd0b4f1b', '867c39b3-0033-4d8a-9c18-fc08c1cf6037', 'percent_off', 10, 91, '2025-01-01T00:00:00.000Z', '2027-01-01T00:00:00.000Z', '2026-01-01T00:00:00.000Z'),
  ('321e6210-b5d8-4721-be83-6cf08175cf57', '35ed37e8-794f-423f-9f1d-efef64d08121', 'fixed_off', 500, 90, '2025-01-01T00:00:00.000Z', '2027-01-01T00:00:00.000Z', '2026-01-01T00:00:00.000Z'),
  ('6e44fa78-f984-4ebe-b2c0-e91015b14095', '5b0eec6a-8589-488f-bc83-b095dd4d68fc', 'override', 750, 89, '2025-01-01T00:00:00.000Z', '2027-01-01T00:00:00.000Z', '2026-01-01T00:00:00.000Z'),
  ('f2b6ec9a-4a50-42f0-a3d2-52ed7e473a00', '49da276c-83ba-4093-8a5f-54efd6add64a', 'percent_off', 5, 88, '2025-01-01T00:00:00.000Z', '2027-01-01T00:00:00.000Z', '2026-01-01T00:00:00.000Z'),
  ('166839d7-6250-4bea-9af9-b32f19216bb3', '1c4d07ed-a1dd-4c1c-ac8d-83378ece368c', 'fixed_off', 575, 87, '2025-01-01T00:00:00.000Z', '2027-01-01T00:00:00.000Z', '2026-01-01T00:00:00.000Z'),
  ('2c778597-7b3b-4993-b875-8c7040eb58e0', '88081574-7606-4d94-ba51-1305b6cede96', 'override', 44075, 86, '2025-01-01T00:00:00.000Z', '2027-01-01T00:00:00.000Z', '2026-01-01T00:00:00.000Z'),
  ('333f751e-f983-4be6-85a6-ece351ff6b15', 'fc3c3a7c-4ed7-4eb7-93e5-46b2a45bc756', 'percent_off', 20, 85, '2025-01-01T00:00:00.000Z', '2027-01-01T00:00:00.000Z', '2026-01-01T00:00:00.000Z'),
  ('c2e2c2ea-eef3-4669-91f7-e892c2137756', '73ba2a60-507c-47a6-b7cd-b26ca8591d6e', 'fixed_off', 650, 84, '2025-01-01T00:00:00.000Z', '2027-01-01T00:00:00.000Z', '2026-01-01T00:00:00.000Z'),
  ('5e5fa055-4618-40c7-aae3-29956f48c241', 'a6151f99-e94f-45e5-a90f-058b5efb58be', 'override', 45925, 83, '2025-01-01T00:00:00.000Z', '2027-01-01T00:00:00.000Z', '2026-01-01T00:00:00.000Z'),
  ('8853d038-577a-4020-96b3-620b0f5fd67e', 'd1f270f6-07ff-4552-9029-e65da837d49e', 'percent_off', 15, 82, '2025-01-01T00:00:00.000Z', '2027-01-01T00:00:00.000Z', '2026-01-01T00:00:00.000Z'),
  ('e6edb149-b492-4248-9d5d-2c5707ea364a', '0e13d47a-a090-4c0f-af86-7238bef95a50', 'fixed_off', 725, 81, '2025-01-01T00:00:00.000Z', '2027-01-01T00:00:00.000Z', '2026-01-01T00:00:00.000Z'),
  ('ba64bf91-2c20-450a-8e01-168e2d193a84', '2acd0253-6f09-46e9-a253-1937bede6d08', 'override', 32175, 80, '2025-01-01T00:00:00.000Z', '2027-01-01T00:00:00.000Z', '2026-01-01T00:00:00.000Z'),
  ('a630bbab-d81c-4916-9a9e-6fbab8167e80', 'cef50adf-ead4-4ec0-a7df-712ce070e417', 'percent_off', 10, 79, '2025-01-01T00:00:00.000Z', '2027-01-01T00:00:00.000Z', '2026-01-01T00:00:00.000Z'),
  ('55105bc9-3dfe-4119-a2b7-361cd41dcbbc', '789049ac-20da-4e67-a79b-bcbab2e6f59b', 'fixed_off', 800, 78, '2025-01-01T00:00:00.000Z', '2027-01-01T00:00:00.000Z', '2026-01-01T00:00:00.000Z'),
  ('87494d5f-dfee-4416-b352-dddae572a05d', '0bbf1e2e-90be-40f3-b7d7-fab93d93f6b5', 'override', 13500, 77, '2025-01-01T00:00:00.000Z', '2027-01-01T00:00:00.000Z', '2026-01-01T00:00:00.000Z'),
  ('2921f22e-d900-4eb9-877d-f278eded1f5f', '47075c52-ab57-41cb-8610-6239d2731a9e', 'percent_off', 5, 76, '2025-01-01T00:00:00.000Z', '2027-01-01T00:00:00.000Z', '2026-01-01T00:00:00.000Z'),
  ('4f43a081-5c0c-496a-aaf1-46de27e68b6c', '16b1e085-1213-4c87-893e-8c797c42a02f', 'fixed_off', 875, 75, '2025-01-01T00:00:00.000Z', '2027-01-01T00:00:00.000Z', '2026-01-01T00:00:00.000Z'),
  ('04c6a7f8-b179-4ad6-9a40-a903e7ec0e8f', '2770572a-96a6-441a-8f24-5661c28e5346', 'override', 29825, 74, '2025-01-01T00:00:00.000Z', '2027-01-01T00:00:00.000Z', '2026-01-01T00:00:00.000Z'),
  ('f08628f6-22c2-42b0-9808-4d14096dcacf', 'b75316b0-0d28-40db-a114-ff6332af006e', 'percent_off', 20, 73, '2025-01-01T00:00:00.000Z', '2027-01-01T00:00:00.000Z', '2026-01-01T00:00:00.000Z'),
  ('06869c68-b165-4e78-aee0-a948bf40e9e3', '9d2df9b8-8630-465e-a5e7-805742afc2ed', 'fixed_off', 950, 72, '2025-01-01T00:00:00.000Z', '2027-01-01T00:00:00.000Z', '2026-01-01T00:00:00.000Z'),
  ('fc7c79fc-b507-49e2-ab12-bea4b94d5bef', '9ab5199f-722f-4a89-a11c-8a3c3789e481', 'override', 34350, 71, '2025-01-01T00:00:00.000Z', '2027-01-01T00:00:00.000Z', '2026-01-01T00:00:00.000Z')
ON CONFLICT (id) DO NOTHING;

COMMIT;
